Using top-of-file RUN_* configuration.
Run command for .py usage: python train_ultrawidescaledtail10_repro.py
[sweep] ensuring CIFAR-10 is available at data
[sweep] selected model=UltraWideScaledTail10 layers=10 params=21,337,656 seeds=[42, 43, 44, 45, 46, 47, 48, 49] epochs=750 seed_workers=8 loader_workers=32
[sweep] running 8 seed jobs with 8 parallel processes and 4 DataLoader workers per process
[ultrawidescaledtail10_e750_s49] model=UltraWideScaledTail10 layers=10 params=21,337,656 device=cuda:7 epochs=750 seed=49 batch_size=512
[ultrawidescaledtail10_e750_s42] model=UltraWideScaledTail10 layers=10 params=21,337,656 device=cuda:0 epochs=750 seed=42 batch_size=512
[ultrawidescaledtail10_e750_s48] model=UltraWideScaledTail10 layers=10 params=21,337,656 device=cuda:6 epochs=750 seed=48 batch_size=512
[ultrawidescaledtail10_e750_s45] model=UltraWideScaledTail10 layers=10 params=21,337,656 device=cuda:3 epochs=750 seed=45 batch_size=512
[ultrawidescaledtail10_e750_s47] model=UltraWideScaledTail10 layers=10 params=21,337,656 device=cuda:5 epochs=750 seed=47 batch_size=512
[ultrawidescaledtail10_e750_s43] model=UltraWideScaledTail10 layers=10 params=21,337,656 device=cuda:1 epochs=750 seed=43 batch_size=512
[ultrawidescaledtail10_e750_s44] model=UltraWideScaledTail10 layers=10 params=21,337,656 device=cuda:2 epochs=750 seed=44 batch_size=512
[ultrawidescaledtail10_e750_s46] model=UltraWideScaledTail10 layers=10 params=21,337,656 device=cuda:4 epochs=750 seed=46 batch_size=512
/usr/local/lib/python3.12/dist-packages/torch/autograd/graph.py:829: UserWarning: adaptive_max_pool2d_backward_cuda does not have a deterministic implementation, but you set 'torch.use_deterministic_algorithms(True, warn_only=True)'. You can file an issue at https://github.com/pytorch/pytorch/issues to help us prioritize adding deterministic support for this operation. (Triggered internally at /pytorch/aten/src/ATen/Context.cpp:93.)
  return Variable._execution_engine.run_backward(  # Calls into the C++ engine to run the backward pass
/usr/local/lib/python3.12/dist-packages/torch/autograd/graph.py:829: UserWarning: adaptive_max_pool2d_backward_cuda does not have a deterministic implementation, but you set 'torch.use_deterministic_algorithms(True, warn_only=True)'. You can file an issue at https://github.com/pytorch/pytorch/issues to help us prioritize adding deterministic support for this operation. (Triggered internally at /pytorch/aten/src/ATen/Context.cpp:93.)
  return Variable._execution_engine.run_backward(  # Calls into the C++ engine to run the backward pass
/usr/local/lib/python3.12/dist-packages/torch/autograd/graph.py:829: UserWarning: adaptive_max_pool2d_backward_cuda does not have a deterministic implementation, but you set 'torch.use_deterministic_algorithms(True, warn_only=True)'. You can file an issue at https://github.com/pytorch/pytorch/issues to help us prioritize adding deterministic support for this operation. (Triggered internally at /pytorch/aten/src/ATen/Context.cpp:93.)
  return Variable._execution_engine.run_backward(  # Calls into the C++ engine to run the backward pass
/usr/local/lib/python3.12/dist-packages/torch/autograd/graph.py:829: UserWarning: adaptive_max_pool2d_backward_cuda does not have a deterministic implementation, but you set 'torch.use_deterministic_algorithms(True, warn_only=True)'. You can file an issue at https://github.com/pytorch/pytorch/issues to help us prioritize adding deterministic support for this operation. (Triggered internally at /pytorch/aten/src/ATen/Context.cpp:93.)
  return Variable._execution_engine.run_backward(  # Calls into the C++ engine to run the backward pass
/usr/local/lib/python3.12/dist-packages/torch/autograd/graph.py:829: UserWarning: adaptive_max_pool2d_backward_cuda does not have a deterministic implementation, but you set 'torch.use_deterministic_algorithms(True, warn_only=True)'. You can file an issue at https://github.com/pytorch/pytorch/issues to help us prioritize adding deterministic support for this operation. (Triggered internally at /pytorch/aten/src/ATen/Context.cpp:93.)
  return Variable._execution_engine.run_backward(  # Calls into the C++ engine to run the backward pass
/usr/local/lib/python3.12/dist-packages/torch/autograd/graph.py:829: UserWarning: adaptive_max_pool2d_backward_cuda does not have a deterministic implementation, but you set 'torch.use_deterministic_algorithms(True, warn_only=True)'. You can file an issue at https://github.com/pytorch/pytorch/issues to help us prioritize adding deterministic support for this operation. (Triggered internally at /pytorch/aten/src/ATen/Context.cpp:93.)
  return Variable._execution_engine.run_backward(  # Calls into the C++ engine to run the backward pass
/usr/local/lib/python3.12/dist-packages/torch/autograd/graph.py:829: UserWarning: adaptive_max_pool2d_backward_cuda does not have a deterministic implementation, but you set 'torch.use_deterministic_algorithms(True, warn_only=True)'. You can file an issue at https://github.com/pytorch/pytorch/issues to help us prioritize adding deterministic support for this operation. (Triggered internally at /pytorch/aten/src/ATen/Context.cpp:93.)
  return Variable._execution_engine.run_backward(  # Calls into the C++ engine to run the backward pass
/usr/local/lib/python3.12/dist-packages/torch/autograd/graph.py:829: UserWarning: adaptive_max_pool2d_backward_cuda does not have a deterministic implementation, but you set 'torch.use_deterministic_algorithms(True, warn_only=True)'. You can file an issue at https://github.com/pytorch/pytorch/issues to help us prioritize adding deterministic support for this operation. (Triggered internally at /pytorch/aten/src/ATen/Context.cpp:93.)
  return Variable._execution_engine.run_backward(  # Calls into the C++ engine to run the backward pass
[ultrawidescaledtail10_e750_s49] ep 001/750 train_loss=2.2433 val_raw=28.58 val_ema=10.66 best_raw=28.58@1 best_ema=10.66@1 lr=0.02000 time=35.6s
[ultrawidescaledtail10_e750_s42] ep 001/750 train_loss=2.2353 val_raw=32.38 val_ema=10.62 best_raw=32.38@1 best_ema=10.62@1 lr=0.02000 time=35.5s
[ultrawidescaledtail10_e750_s48] ep 001/750 train_loss=2.2311 val_raw=34.48 val_ema=7.98 best_raw=34.48@1 best_ema=7.98@1 lr=0.02000 time=36.1s
[ultrawidescaledtail10_e750_s46] ep 001/750 train_loss=2.2144 val_raw=34.60 val_ema=9.76 best_raw=34.60@1 best_ema=9.76@1 lr=0.02000 time=35.1s
[ultrawidescaledtail10_e750_s47] ep 001/750 train_loss=2.2474 val_raw=32.72 val_ema=9.04 best_raw=32.72@1 best_ema=9.04@1 lr=0.02000 time=36.1s
[ultrawidescaledtail10_e750_s43] ep 001/750 train_loss=2.2317 val_raw=31.12 val_ema=10.16 best_raw=31.12@1 best_ema=10.16@1 lr=0.02000 time=37.0s
[ultrawidescaledtail10_e750_s44] ep 001/750 train_loss=2.2336 val_raw=32.52 val_ema=13.88 best_raw=32.52@1 best_ema=13.88@1 lr=0.02000 time=36.9s
[ultrawidescaledtail10_e750_s45] ep 001/750 train_loss=2.2332 val_raw=32.54 val_ema=10.28 best_raw=32.54@1 best_ema=10.28@1 lr=0.02000 time=37.5s
[ultrawidescaledtail10_e750_s49] ep 002/750 train_loss=1.9887 val_raw=45.70 val_ema=10.66 best_raw=45.70@2 best_ema=10.66@1 lr=0.04000 time=7.5s
[ultrawidescaledtail10_e750_s42] ep 002/750 train_loss=2.0045 val_raw=41.04 val_ema=9.76 best_raw=41.04@2 best_ema=10.62@1 lr=0.04000 time=8.1s
[ultrawidescaledtail10_e750_s48] ep 002/750 train_loss=1.9890 val_raw=43.04 val_ema=10.06 best_raw=43.04@2 best_ema=10.06@2 lr=0.04000 time=7.4s
[ultrawidescaledtail10_e750_s46] ep 002/750 train_loss=1.9497 val_raw=47.26 val_ema=9.78 best_raw=47.26@2 best_ema=9.78@2 lr=0.04000 time=7.7s
[ultrawidescaledtail10_e750_s47] ep 002/750 train_loss=1.9890 val_raw=31.78 val_ema=10.08 best_raw=32.72@1 best_ema=10.08@2 lr=0.04000 time=8.0s
[ultrawidescaledtail10_e750_s43] ep 002/750 train_loss=1.9905 val_raw=32.16 val_ema=9.66 best_raw=32.16@2 best_ema=10.16@1 lr=0.04000 time=7.9s
[ultrawidescaledtail10_e750_s44] ep 002/750 train_loss=1.9759 val_raw=45.58 val_ema=9.76 best_raw=45.58@2 best_ema=13.88@1 lr=0.04000 time=8.0s
[ultrawidescaledtail10_e750_s45] ep 002/750 train_loss=2.0193 val_raw=45.40 val_ema=10.14 best_raw=45.40@2 best_ema=10.28@1 lr=0.04000 time=8.0s
[ultrawidescaledtail10_e750_s49] ep 003/750 train_loss=1.8044 val_raw=50.12 val_ema=10.74 best_raw=50.12@3 best_ema=10.74@3 lr=0.06000 time=7.5s
[ultrawidescaledtail10_e750_s42] ep 003/750 train_loss=1.8371 val_raw=54.82 val_ema=9.76 best_raw=54.82@3 best_ema=10.62@1 lr=0.06000 time=7.9s
[ultrawidescaledtail10_e750_s48] ep 003/750 train_loss=1.8220 val_raw=54.88 val_ema=9.64 best_raw=54.88@3 best_ema=10.06@2 lr=0.06000 time=7.5s
[ultrawidescaledtail10_e750_s46] ep 003/750 train_loss=1.8300 val_raw=52.46 val_ema=9.44 best_raw=52.46@3 best_ema=9.78@2 lr=0.06000 time=7.7s
[ultrawidescaledtail10_e750_s47] ep 003/750 train_loss=1.8484 val_raw=42.74 val_ema=10.08 best_raw=42.74@3 best_ema=10.08@2 lr=0.06000 time=7.7s
[ultrawidescaledtail10_e750_s44] ep 003/750 train_loss=1.8575 val_raw=54.28 val_ema=9.76 best_raw=54.28@3 best_ema=13.88@1 lr=0.06000 time=7.7s
[ultrawidescaledtail10_e750_s43] ep 003/750 train_loss=1.8407 val_raw=24.74 val_ema=12.54 best_raw=32.16@2 best_ema=12.54@3 lr=0.06000 time=7.9s
[ultrawidescaledtail10_e750_s45] ep 003/750 train_loss=1.8641 val_raw=54.52 val_ema=10.16 best_raw=54.52@3 best_ema=10.28@1 lr=0.06000 time=7.5s
[ultrawidescaledtail10_e750_s49] ep 004/750 train_loss=1.7065 val_raw=60.16 val_ema=10.14 best_raw=60.16@4 best_ema=10.74@3 lr=0.08000 time=7.6s
[ultrawidescaledtail10_e750_s42] ep 004/750 train_loss=1.7135 val_raw=60.42 val_ema=9.76 best_raw=60.42@4 best_ema=10.62@1 lr=0.08000 time=7.4s
[ultrawidescaledtail10_e750_s48] ep 004/750 train_loss=1.7022 val_raw=51.64 val_ema=9.76 best_raw=54.88@3 best_ema=10.06@2 lr=0.08000 time=7.4s
[ultrawidescaledtail10_e750_s46] ep 004/750 train_loss=1.7650 val_raw=58.00 val_ema=10.08 best_raw=58.00@4 best_ema=10.08@4 lr=0.08000 time=7.6s
[ultrawidescaledtail10_e750_s47] ep 004/750 train_loss=1.7195 val_raw=58.26 val_ema=10.08 best_raw=58.26@4 best_ema=10.08@2 lr=0.08000 time=7.6s
[ultrawidescaledtail10_e750_s45] ep 004/750 train_loss=1.7087 val_raw=58.52 val_ema=10.08 best_raw=58.52@4 best_ema=10.28@1 lr=0.08000 time=7.2s
[ultrawidescaledtail10_e750_s43] ep 004/750 train_loss=1.7394 val_raw=53.94 val_ema=10.08 best_raw=53.94@4 best_ema=12.54@3 lr=0.08000 time=7.5s
[ultrawidescaledtail10_e750_s44] ep 004/750 train_loss=1.7199 val_raw=57.30 val_ema=9.76 best_raw=57.30@4 best_ema=13.88@1 lr=0.08000 time=7.9s
[ultrawidescaledtail10_e750_s49] ep 005/750 train_loss=1.6235 val_raw=68.96 val_ema=10.10 best_raw=68.96@5 best_ema=10.74@3 lr=0.10000 time=7.4s
[ultrawidescaledtail10_e750_s42] ep 005/750 train_loss=1.6465 val_raw=61.78 val_ema=9.76 best_raw=61.78@5 best_ema=10.62@1 lr=0.10000 time=7.3s
[ultrawidescaledtail10_e750_s48] ep 005/750 train_loss=1.6269 val_raw=60.66 val_ema=9.74 best_raw=60.66@5 best_ema=10.06@2 lr=0.10000 time=7.6s
[ultrawidescaledtail10_e750_s46] ep 005/750 train_loss=1.6461 val_raw=60.60 val_ema=10.08 best_raw=60.60@5 best_ema=10.08@4 lr=0.10000 time=7.5s
[ultrawidescaledtail10_e750_s47] ep 005/750 train_loss=1.6207 val_raw=62.58 val_ema=10.08 best_raw=62.58@5 best_ema=10.08@2 lr=0.10000 time=7.6s
[ultrawidescaledtail10_e750_s45] ep 005/750 train_loss=1.6423 val_raw=64.62 val_ema=10.14 best_raw=64.62@5 best_ema=10.28@1 lr=0.10000 time=7.2s
[ultrawidescaledtail10_e750_s43] ep 005/750 train_loss=1.6186 val_raw=62.66 val_ema=10.08 best_raw=62.66@5 best_ema=12.54@3 lr=0.10000 time=7.4s
[ultrawidescaledtail10_e750_s44] ep 005/750 train_loss=1.6455 val_raw=60.14 val_ema=9.72 best_raw=60.14@5 best_ema=13.88@1 lr=0.10000 time=7.1s
[ultrawidescaledtail10_e750_s49] ep 006/750 train_loss=1.5730 val_raw=71.46 val_ema=10.08 best_raw=71.46@6 best_ema=10.74@3 lr=0.10000 time=7.6s
[ultrawidescaledtail10_e750_s42] ep 006/750 train_loss=1.5409 val_raw=71.70 val_ema=9.76 best_raw=71.70@6 best_ema=10.62@1 lr=0.10000 time=7.1s
[ultrawidescaledtail10_e750_s48] ep 006/750 train_loss=1.6125 val_raw=65.90 val_ema=9.70 best_raw=65.90@6 best_ema=10.06@2 lr=0.10000 time=7.7s
[ultrawidescaledtail10_e750_s46] ep 006/750 train_loss=1.5886 val_raw=68.10 val_ema=10.08 best_raw=68.10@6 best_ema=10.08@4 lr=0.10000 time=7.3s
[ultrawidescaledtail10_e750_s47] ep 006/750 train_loss=1.6187 val_raw=70.78 val_ema=10.08 best_raw=70.78@6 best_ema=10.08@2 lr=0.10000 time=7.1s
[ultrawidescaledtail10_e750_s45] ep 006/750 train_loss=1.6291 val_raw=69.24 val_ema=11.10 best_raw=69.24@6 best_ema=11.10@6 lr=0.10000 time=7.5s
[ultrawidescaledtail10_e750_s43] ep 006/750 train_loss=1.6147 val_raw=68.54 val_ema=10.08 best_raw=68.54@6 best_ema=12.54@3 lr=0.10000 time=7.3s
[ultrawidescaledtail10_e750_s44] ep 006/750 train_loss=1.5556 val_raw=68.94 val_ema=10.08 best_raw=68.94@6 best_ema=13.88@1 lr=0.10000 time=7.3s
[ultrawidescaledtail10_e750_s49] ep 007/750 train_loss=1.5709 val_raw=73.98 val_ema=9.76 best_raw=73.98@7 best_ema=10.74@3 lr=0.10000 time=7.2s
[ultrawidescaledtail10_e750_s42] ep 007/750 train_loss=1.5094 val_raw=72.68 val_ema=9.76 best_raw=72.68@7 best_ema=10.62@1 lr=0.10000 time=8.1s
[ultrawidescaledtail10_e750_s48] ep 007/750 train_loss=1.5449 val_raw=71.80 val_ema=9.80 best_raw=71.80@7 best_ema=10.06@2 lr=0.10000 time=7.9s
[ultrawidescaledtail10_e750_s46] ep 007/750 train_loss=1.5059 val_raw=66.72 val_ema=10.08 best_raw=68.10@6 best_ema=10.08@4 lr=0.10000 time=7.8s
[ultrawidescaledtail10_e750_s47] ep 007/750 train_loss=1.4873 val_raw=70.30 val_ema=10.08 best_raw=70.78@6 best_ema=10.08@2 lr=0.10000 time=7.3s
[ultrawidescaledtail10_e750_s44] ep 007/750 train_loss=1.5116 val_raw=65.70 val_ema=10.08 best_raw=68.94@6 best_ema=13.88@1 lr=0.10000 time=7.1s
[ultrawidescaledtail10_e750_s45] ep 007/750 train_loss=1.5389 val_raw=67.52 val_ema=10.12 best_raw=69.24@6 best_ema=11.10@6 lr=0.10000 time=7.6s
[ultrawidescaledtail10_e750_s43] ep 007/750 train_loss=1.5306 val_raw=73.02 val_ema=10.08 best_raw=73.02@7 best_ema=12.54@3 lr=0.10000 time=7.6s
[ultrawidescaledtail10_e750_s49] ep 008/750 train_loss=1.5145 val_raw=76.14 val_ema=10.06 best_raw=76.14@8 best_ema=10.74@3 lr=0.10000 time=7.1s
[ultrawidescaledtail10_e750_s42] ep 008/750 train_loss=1.4855 val_raw=73.66 val_ema=9.76 best_raw=73.66@8 best_ema=10.62@1 lr=0.10000 time=7.3s
[ultrawidescaledtail10_e750_s48] ep 008/750 train_loss=1.5255 val_raw=75.52 val_ema=9.74 best_raw=75.52@8 best_ema=10.06@2 lr=0.10000 time=7.5s
[ultrawidescaledtail10_e750_s46] ep 008/750 train_loss=1.4875 val_raw=65.42 val_ema=10.08 best_raw=68.10@6 best_ema=10.08@4 lr=0.10000 time=7.4s
[ultrawidescaledtail10_e750_s47] ep 008/750 train_loss=1.4958 val_raw=73.40 val_ema=10.08 best_raw=73.40@8 best_ema=10.08@2 lr=0.10000 time=7.5s
[ultrawidescaledtail10_e750_s44] ep 008/750 train_loss=1.4907 val_raw=52.86 val_ema=10.08 best_raw=68.94@6 best_ema=13.88@1 lr=0.10000 time=7.2s
[ultrawidescaledtail10_e750_s43] ep 008/750 train_loss=1.4382 val_raw=63.54 val_ema=10.08 best_raw=73.02@7 best_ema=12.54@3 lr=0.10000 time=7.2s
[ultrawidescaledtail10_e750_s45] ep 008/750 train_loss=1.5067 val_raw=72.02 val_ema=10.08 best_raw=72.02@8 best_ema=11.10@6 lr=0.10000 time=7.7s
[ultrawidescaledtail10_e750_s49] ep 009/750 train_loss=1.3982 val_raw=77.90 val_ema=10.08 best_raw=77.90@9 best_ema=10.74@3 lr=0.09999 time=7.6s
[ultrawidescaledtail10_e750_s42] ep 009/750 train_loss=1.4688 val_raw=76.40 val_ema=9.76 best_raw=76.40@9 best_ema=10.62@1 lr=0.09999 time=7.4s
[ultrawidescaledtail10_e750_s48] ep 009/750 train_loss=1.4445 val_raw=74.24 val_ema=10.30 best_raw=75.52@8 best_ema=10.30@9 lr=0.09999 time=7.6s
[ultrawidescaledtail10_e750_s46] ep 009/750 train_loss=1.4743 val_raw=74.48 val_ema=10.08 best_raw=74.48@9 best_ema=10.08@4 lr=0.09999 time=7.4s
[ultrawidescaledtail10_e750_s47] ep 009/750 train_loss=1.4143 val_raw=68.50 val_ema=10.08 best_raw=73.40@8 best_ema=10.08@2 lr=0.09999 time=7.4s
[ultrawidescaledtail10_e750_s44] ep 009/750 train_loss=1.4341 val_raw=77.88 val_ema=10.10 best_raw=77.88@9 best_ema=13.88@1 lr=0.09999 time=7.5s
[ultrawidescaledtail10_e750_s43] ep 009/750 train_loss=1.4410 val_raw=75.76 val_ema=10.08 best_raw=75.76@9 best_ema=12.54@3 lr=0.09999 time=7.2s
[ultrawidescaledtail10_e750_s45] ep 009/750 train_loss=1.5282 val_raw=72.80 val_ema=10.04 best_raw=72.80@9 best_ema=11.10@6 lr=0.09999 time=7.9s
[ultrawidescaledtail10_e750_s49] ep 010/750 train_loss=1.4067 val_raw=78.50 val_ema=10.08 best_raw=78.50@10 best_ema=10.74@3 lr=0.09999 time=7.6s
[ultrawidescaledtail10_e750_s42] ep 010/750 train_loss=1.4094 val_raw=77.22 val_ema=9.76 best_raw=77.22@10 best_ema=10.62@1 lr=0.09999 time=7.4s
[ultrawidescaledtail10_e750_s46] ep 010/750 train_loss=1.4182 val_raw=76.96 val_ema=10.08 best_raw=76.96@10 best_ema=10.08@4 lr=0.09999 time=7.1s
[ultrawidescaledtail10_e750_s48] ep 010/750 train_loss=1.3652 val_raw=70.84 val_ema=10.54 best_raw=75.52@8 best_ema=10.54@10 lr=0.09999 time=7.4s
[ultrawidescaledtail10_e750_s47] ep 010/750 train_loss=1.4787 val_raw=77.42 val_ema=10.08 best_raw=77.42@10 best_ema=10.08@2 lr=0.09999 time=7.5s
[ultrawidescaledtail10_e750_s44] ep 010/750 train_loss=1.4872 val_raw=70.64 val_ema=10.08 best_raw=77.88@9 best_ema=13.88@1 lr=0.09999 time=7.1s
[ultrawidescaledtail10_e750_s43] ep 010/750 train_loss=1.4471 val_raw=79.38 val_ema=10.08 best_raw=79.38@10 best_ema=12.54@3 lr=0.09999 time=7.6s
[ultrawidescaledtail10_e750_s45] ep 010/750 train_loss=1.4227 val_raw=74.18 val_ema=10.42 best_raw=74.18@10 best_ema=11.10@6 lr=0.09999 time=7.6s
[ultrawidescaledtail10_e750_s49] ep 011/750 train_loss=1.3512 val_raw=80.00 val_ema=10.08 best_raw=80.00@11 best_ema=10.74@3 lr=0.09998 time=7.4s
[ultrawidescaledtail10_e750_s42] ep 011/750 train_loss=1.4318 val_raw=79.32 val_ema=9.76 best_raw=79.32@11 best_ema=10.62@1 lr=0.09998 time=7.3s
[ultrawidescaledtail10_e750_s48] ep 011/750 train_loss=1.3951 val_raw=78.80 val_ema=10.36 best_raw=78.80@11 best_ema=10.54@10 lr=0.09998 time=7.1s
[ultrawidescaledtail10_e750_s46] ep 011/750 train_loss=1.4171 val_raw=78.90 val_ema=10.08 best_raw=78.90@11 best_ema=10.08@4 lr=0.09998 time=7.5s
[ultrawidescaledtail10_e750_s47] ep 011/750 train_loss=1.4205 val_raw=77.60 val_ema=10.08 best_raw=77.60@11 best_ema=10.08@2 lr=0.09998 time=7.4s
[ultrawidescaledtail10_e750_s44] ep 011/750 train_loss=1.3721 val_raw=76.08 val_ema=10.08 best_raw=77.88@9 best_ema=13.88@1 lr=0.09998 time=7.7s
[ultrawidescaledtail10_e750_s43] ep 011/750 train_loss=1.4595 val_raw=68.64 val_ema=10.08 best_raw=79.38@10 best_ema=12.54@3 lr=0.09998 time=7.4s
[ultrawidescaledtail10_e750_s45] ep 011/750 train_loss=1.4170 val_raw=77.16 val_ema=10.14 best_raw=77.16@11 best_ema=11.10@6 lr=0.09998 time=7.6s
[ultrawidescaledtail10_e750_s49] ep 012/750 train_loss=1.3642 val_raw=79.50 val_ema=10.06 best_raw=80.00@11 best_ema=10.74@3 lr=0.09998 time=7.0s
[ultrawidescaledtail10_e750_s42] ep 012/750 train_loss=1.3727 val_raw=79.88 val_ema=9.72 best_raw=79.88@12 best_ema=10.62@1 lr=0.09998 time=7.5s
[ultrawidescaledtail10_e750_s48] ep 012/750 train_loss=1.3825 val_raw=78.48 val_ema=10.52 best_raw=78.80@11 best_ema=10.54@10 lr=0.09998 time=7.3s
[ultrawidescaledtail10_e750_s46] ep 012/750 train_loss=1.3603 val_raw=80.66 val_ema=10.08 best_raw=80.66@12 best_ema=10.08@4 lr=0.09998 time=7.5s
[ultrawidescaledtail10_e750_s47] ep 012/750 train_loss=1.3574 val_raw=76.54 val_ema=10.08 best_raw=77.60@11 best_ema=10.08@2 lr=0.09998 time=7.1s
[ultrawidescaledtail10_e750_s44] ep 012/750 train_loss=1.4179 val_raw=78.00 val_ema=10.08 best_raw=78.00@12 best_ema=13.88@1 lr=0.09998 time=7.2s
[ultrawidescaledtail10_e750_s43] ep 012/750 train_loss=1.4357 val_raw=75.94 val_ema=11.46 best_raw=79.38@10 best_ema=12.54@3 lr=0.09998 time=7.8s
[ultrawidescaledtail10_e750_s45] ep 012/750 train_loss=1.3751 val_raw=77.84 val_ema=12.08 best_raw=77.84@12 best_ema=12.08@12 lr=0.09998 time=7.5s
[ultrawidescaledtail10_e750_s49] ep 013/750 train_loss=1.3384 val_raw=81.64 val_ema=10.86 best_raw=81.64@13 best_ema=10.86@13 lr=0.09997 time=7.4s
[ultrawidescaledtail10_e750_s42] ep 013/750 train_loss=1.3390 val_raw=80.46 val_ema=9.96 best_raw=80.46@13 best_ema=10.62@1 lr=0.09997 time=7.5s
[ultrawidescaledtail10_e750_s48] ep 013/750 train_loss=1.3633 val_raw=80.64 val_ema=12.46 best_raw=80.64@13 best_ema=12.46@13 lr=0.09997 time=7.2s
[ultrawidescaledtail10_e750_s46] ep 013/750 train_loss=1.3754 val_raw=79.80 val_ema=10.64 best_raw=80.66@12 best_ema=10.64@13 lr=0.09997 time=7.5s
[ultrawidescaledtail10_e750_s47] ep 013/750 train_loss=1.3931 val_raw=76.70 val_ema=10.08 best_raw=77.60@11 best_ema=10.08@2 lr=0.09997 time=7.4s
[ultrawidescaledtail10_e750_s44] ep 013/750 train_loss=1.3813 val_raw=80.98 val_ema=10.42 best_raw=80.98@13 best_ema=13.88@1 lr=0.09997 time=7.7s
[ultrawidescaledtail10_e750_s43] ep 013/750 train_loss=1.4017 val_raw=79.50 val_ema=12.20 best_raw=79.50@13 best_ema=12.54@3 lr=0.09997 time=7.3s
[ultrawidescaledtail10_e750_s45] ep 013/750 train_loss=1.4295 val_raw=79.92 val_ema=10.44 best_raw=79.92@13 best_ema=12.08@12 lr=0.09997 time=7.9s
[ultrawidescaledtail10_e750_s49] ep 014/750 train_loss=1.3269 val_raw=80.98 val_ema=11.94 best_raw=81.64@13 best_ema=11.94@14 lr=0.09996 time=7.7s
[ultrawidescaledtail10_e750_s42] ep 014/750 train_loss=1.3871 val_raw=80.76 val_ema=10.38 best_raw=80.76@14 best_ema=10.62@1 lr=0.09996 time=7.7s
[ultrawidescaledtail10_e750_s48] ep 014/750 train_loss=1.3473 val_raw=80.78 val_ema=14.86 best_raw=80.78@14 best_ema=14.86@14 lr=0.09996 time=7.3s
[ultrawidescaledtail10_e750_s46] ep 014/750 train_loss=1.3451 val_raw=82.52 val_ema=17.30 best_raw=82.52@14 best_ema=17.30@14 lr=0.09996 time=7.4s
[ultrawidescaledtail10_e750_s47] ep 014/750 train_loss=1.3325 val_raw=78.88 val_ema=10.16 best_raw=78.88@14 best_ema=10.16@14 lr=0.09996 time=7.6s
[ultrawidescaledtail10_e750_s44] ep 014/750 train_loss=1.4040 val_raw=79.60 val_ema=10.46 best_raw=80.98@13 best_ema=13.88@1 lr=0.09996 time=7.3s
[ultrawidescaledtail10_e750_s43] ep 014/750 train_loss=1.3296 val_raw=81.36 val_ema=24.46 best_raw=81.36@14 best_ema=24.46@14 lr=0.09996 time=7.8s
[ultrawidescaledtail10_e750_s45] ep 014/750 train_loss=1.3766 val_raw=79.62 val_ema=10.76 best_raw=79.92@13 best_ema=12.08@12 lr=0.09996 time=7.5s
[ultrawidescaledtail10_e750_s49] ep 015/750 train_loss=1.4068 val_raw=82.90 val_ema=10.48 best_raw=82.90@15 best_ema=11.94@14 lr=0.09996 time=7.3s
[ultrawidescaledtail10_e750_s48] ep 015/750 train_loss=1.3209 val_raw=80.84 val_ema=26.58 best_raw=80.84@15 best_ema=26.58@15 lr=0.09996 time=7.1s
[ultrawidescaledtail10_e750_s42] ep 015/750 train_loss=1.3543 val_raw=81.48 val_ema=19.44 best_raw=81.48@15 best_ema=19.44@15 lr=0.09996 time=8.0s
[ultrawidescaledtail10_e750_s46] ep 015/750 train_loss=1.3995 val_raw=80.20 val_ema=20.40 best_raw=82.52@14 best_ema=20.40@15 lr=0.09996 time=7.3s
[ultrawidescaledtail10_e750_s47] ep 015/750 train_loss=1.3651 val_raw=78.36 val_ema=13.24 best_raw=78.88@14 best_ema=13.24@15 lr=0.09996 time=7.7s
[ultrawidescaledtail10_e750_s44] ep 015/750 train_loss=1.3091 val_raw=82.82 val_ema=13.00 best_raw=82.82@15 best_ema=13.88@1 lr=0.09996 time=7.5s
[ultrawidescaledtail10_e750_s43] ep 015/750 train_loss=1.3170 val_raw=76.56 val_ema=24.56 best_raw=81.36@14 best_ema=24.56@15 lr=0.09996 time=7.4s
[ultrawidescaledtail10_e750_s45] ep 015/750 train_loss=1.3860 val_raw=80.40 val_ema=16.60 best_raw=80.40@15 best_ema=16.60@15 lr=0.09996 time=8.0s
[ultrawidescaledtail10_e750_s49] ep 016/750 train_loss=1.3452 val_raw=83.74 val_ema=15.94 best_raw=83.74@16 best_ema=15.94@16 lr=0.09995 time=8.0s
[ultrawidescaledtail10_e750_s48] ep 016/750 train_loss=1.3799 val_raw=81.40 val_ema=26.24 best_raw=81.40@16 best_ema=26.58@15 lr=0.09995 time=7.1s
[ultrawidescaledtail10_e750_s42] ep 016/750 train_loss=1.2686 val_raw=81.62 val_ema=21.94 best_raw=81.62@16 best_ema=21.94@16 lr=0.09995 time=7.3s
[ultrawidescaledtail10_e750_s46] ep 016/750 train_loss=1.3917 val_raw=83.14 val_ema=29.84 best_raw=83.14@16 best_ema=29.84@16 lr=0.09995 time=7.1s
[ultrawidescaledtail10_e750_s47] ep 016/750 train_loss=1.3933 val_raw=76.70 val_ema=15.72 best_raw=78.88@14 best_ema=15.72@16 lr=0.09995 time=7.7s
[ultrawidescaledtail10_e750_s44] ep 016/750 train_loss=1.3540 val_raw=81.38 val_ema=13.48 best_raw=82.82@15 best_ema=13.88@1 lr=0.09995 time=7.9s
[ultrawidescaledtail10_e750_s43] ep 016/750 train_loss=1.3444 val_raw=82.16 val_ema=33.32 best_raw=82.16@16 best_ema=33.32@16 lr=0.09995 time=7.3s
[ultrawidescaledtail10_e750_s45] ep 016/750 train_loss=1.2940 val_raw=81.98 val_ema=17.80 best_raw=81.98@16 best_ema=17.80@16 lr=0.09995 time=7.7s
[ultrawidescaledtail10_e750_s49] ep 017/750 train_loss=1.2706 val_raw=84.58 val_ema=13.28 best_raw=84.58@17 best_ema=15.94@16 lr=0.09994 time=8.1s
[ultrawidescaledtail10_e750_s48] ep 017/750 train_loss=1.3510 val_raw=80.82 val_ema=40.02 best_raw=81.40@16 best_ema=40.02@17 lr=0.09994 time=7.3s
[ultrawidescaledtail10_e750_s42] ep 017/750 train_loss=1.3412 val_raw=83.08 val_ema=25.38 best_raw=83.08@17 best_ema=25.38@17 lr=0.09994 time=7.6s
[ultrawidescaledtail10_e750_s46] ep 017/750 train_loss=1.3485 val_raw=81.12 val_ema=37.36 best_raw=83.14@16 best_ema=37.36@17 lr=0.09994 time=7.1s
[ultrawidescaledtail10_e750_s47] ep 017/750 train_loss=1.3226 val_raw=81.04 val_ema=18.18 best_raw=81.04@17 best_ema=18.18@17 lr=0.09994 time=7.6s
[ultrawidescaledtail10_e750_s43] ep 017/750 train_loss=1.3226 val_raw=83.32 val_ema=44.40 best_raw=83.32@17 best_ema=44.40@17 lr=0.09994 time=7.3s
[ultrawidescaledtail10_e750_s44] ep 017/750 train_loss=1.3338 val_raw=81.52 val_ema=10.04 best_raw=82.82@15 best_ema=13.88@1 lr=0.09994 time=7.8s
[ultrawidescaledtail10_e750_s45] ep 017/750 train_loss=1.3742 val_raw=78.44 val_ema=18.10 best_raw=81.98@16 best_ema=18.10@17 lr=0.09994 time=7.7s
[ultrawidescaledtail10_e750_s48] ep 018/750 train_loss=1.3415 val_raw=83.00 val_ema=40.02 best_raw=83.00@18 best_ema=40.02@17 lr=0.09992 time=7.1s
[ultrawidescaledtail10_e750_s49] ep 018/750 train_loss=1.3107 val_raw=83.74 val_ema=35.84 best_raw=84.58@17 best_ema=35.84@18 lr=0.09992 time=7.6s
[ultrawidescaledtail10_e750_s42] ep 018/750 train_loss=1.3917 val_raw=83.92 val_ema=30.16 best_raw=83.92@18 best_ema=30.16@18 lr=0.09992 time=7.7s
[ultrawidescaledtail10_e750_s46] ep 018/750 train_loss=1.2990 val_raw=82.86 val_ema=43.60 best_raw=83.14@16 best_ema=43.60@18 lr=0.09992 time=7.5s
[ultrawidescaledtail10_e750_s47] ep 018/750 train_loss=1.3314 val_raw=82.98 val_ema=43.28 best_raw=82.98@18 best_ema=43.28@18 lr=0.09992 time=7.7s
[ultrawidescaledtail10_e750_s43] ep 018/750 train_loss=1.3573 val_raw=84.32 val_ema=41.34 best_raw=84.32@18 best_ema=44.40@17 lr=0.09992 time=7.1s
[ultrawidescaledtail10_e750_s44] ep 018/750 train_loss=1.4239 val_raw=82.48 val_ema=10.18 best_raw=82.82@15 best_ema=13.88@1 lr=0.09992 time=7.5s
[ultrawidescaledtail10_e750_s45] ep 018/750 train_loss=1.3182 val_raw=81.22 val_ema=33.78 best_raw=81.98@16 best_ema=33.78@18 lr=0.09992 time=7.7s
[ultrawidescaledtail10_e750_s48] ep 019/750 train_loss=1.3397 val_raw=82.54 val_ema=46.16 best_raw=83.00@18 best_ema=46.16@19 lr=0.09991 time=7.7s
[ultrawidescaledtail10_e750_s49] ep 019/750 train_loss=1.3058 val_raw=84.08 val_ema=40.42 best_raw=84.58@17 best_ema=40.42@19 lr=0.09991 time=7.9s
[ultrawidescaledtail10_e750_s46] ep 019/750 train_loss=1.3093 val_raw=83.78 val_ema=51.52 best_raw=83.78@19 best_ema=51.52@19 lr=0.09991 time=7.4s
[ultrawidescaledtail10_e750_s42] ep 019/750 train_loss=1.3478 val_raw=83.08 val_ema=39.08 best_raw=83.92@18 best_ema=39.08@19 lr=0.09991 time=7.8s
[ultrawidescaledtail10_e750_s47] ep 019/750 train_loss=1.3105 val_raw=83.36 val_ema=42.42 best_raw=83.36@19 best_ema=43.28@18 lr=0.09991 time=7.3s
[ultrawidescaledtail10_e750_s43] ep 019/750 train_loss=1.3504 val_raw=83.94 val_ema=48.82 best_raw=84.32@18 best_ema=48.82@19 lr=0.09991 time=7.9s
[ultrawidescaledtail10_e750_s44] ep 019/750 train_loss=1.3335 val_raw=82.60 val_ema=40.30 best_raw=82.82@15 best_ema=40.30@19 lr=0.09991 time=7.4s
[ultrawidescaledtail10_e750_s45] ep 019/750 train_loss=1.2904 val_raw=83.16 val_ema=22.78 best_raw=83.16@19 best_ema=33.78@18 lr=0.09991 time=7.8s
[ultrawidescaledtail10_e750_s48] ep 020/750 train_loss=1.3293 val_raw=82.56 val_ema=60.32 best_raw=83.00@18 best_ema=60.32@20 lr=0.09990 time=7.3s
[ultrawidescaledtail10_e750_s49] ep 020/750 train_loss=1.2742 val_raw=83.26 val_ema=62.48 best_raw=84.58@17 best_ema=62.48@20 lr=0.09990 time=7.7s
[ultrawidescaledtail10_e750_s46] ep 020/750 train_loss=1.2578 val_raw=83.46 val_ema=42.94 best_raw=83.78@19 best_ema=51.52@19 lr=0.09990 time=7.3s
[ultrawidescaledtail10_e750_s42] ep 020/750 train_loss=1.2766 val_raw=84.22 val_ema=34.36 best_raw=84.22@20 best_ema=39.08@19 lr=0.09990 time=7.5s
[ultrawidescaledtail10_e750_s47] ep 020/750 train_loss=1.3215 val_raw=84.04 val_ema=56.16 best_raw=84.04@20 best_ema=56.16@20 lr=0.09990 time=7.1s
[ultrawidescaledtail10_e750_s43] ep 020/750 train_loss=1.3350 val_raw=82.28 val_ema=50.76 best_raw=84.32@18 best_ema=50.76@20 lr=0.09990 time=7.2s
[ultrawidescaledtail10_e750_s44] ep 020/750 train_loss=1.3253 val_raw=79.78 val_ema=45.20 best_raw=82.82@15 best_ema=45.20@20 lr=0.09990 time=7.9s
[ultrawidescaledtail10_e750_s45] ep 020/750 train_loss=1.3209 val_raw=80.94 val_ema=28.18 best_raw=83.16@19 best_ema=33.78@18 lr=0.09990 time=7.5s
[ultrawidescaledtail10_e750_s48] ep 021/750 train_loss=1.2917 val_raw=84.12 val_ema=62.78 best_raw=84.12@21 best_ema=62.78@21 lr=0.09989 time=7.4s
[ultrawidescaledtail10_e750_s49] ep 021/750 train_loss=1.2843 val_raw=85.28 val_ema=59.96 best_raw=85.28@21 best_ema=62.48@20 lr=0.09989 time=7.1s
[ultrawidescaledtail10_e750_s46] ep 021/750 train_loss=1.2807 val_raw=82.64 val_ema=58.78 best_raw=83.78@19 best_ema=58.78@21 lr=0.09989 time=7.9s
[ultrawidescaledtail10_e750_s42] ep 021/750 train_loss=1.2741 val_raw=83.62 val_ema=64.72 best_raw=84.22@20 best_ema=64.72@21 lr=0.09989 time=7.7s
[ultrawidescaledtail10_e750_s47] ep 021/750 train_loss=1.3061 val_raw=84.22 val_ema=62.22 best_raw=84.22@21 best_ema=62.22@21 lr=0.09989 time=7.5s
[ultrawidescaledtail10_e750_s43] ep 021/750 train_loss=1.3268 val_raw=84.02 val_ema=58.18 best_raw=84.32@18 best_ema=58.18@21 lr=0.09989 time=7.9s
[ultrawidescaledtail10_e750_s44] ep 021/750 train_loss=1.2327 val_raw=83.20 val_ema=50.98 best_raw=83.20@21 best_ema=50.98@21 lr=0.09989 time=7.7s
[ultrawidescaledtail10_e750_s45] ep 021/750 train_loss=1.3371 val_raw=83.46 val_ema=37.52 best_raw=83.46@21 best_ema=37.52@21 lr=0.09989 time=7.3s
[ultrawidescaledtail10_e750_s48] ep 022/750 train_loss=1.2846 val_raw=84.58 val_ema=67.94 best_raw=84.58@22 best_ema=67.94@22 lr=0.09987 time=7.8s
[ultrawidescaledtail10_e750_s49] ep 022/750 train_loss=1.2923 val_raw=84.52 val_ema=73.82 best_raw=85.28@21 best_ema=73.82@22 lr=0.09987 time=7.6s
[ultrawidescaledtail10_e750_s46] ep 022/750 train_loss=1.3154 val_raw=82.92 val_ema=54.98 best_raw=83.78@19 best_ema=58.78@21 lr=0.09987 time=7.0s
[ultrawidescaledtail10_e750_s42] ep 022/750 train_loss=1.2494 val_raw=82.06 val_ema=63.48 best_raw=84.22@20 best_ema=64.72@21 lr=0.09987 time=7.5s
[ultrawidescaledtail10_e750_s47] ep 022/750 train_loss=1.3427 val_raw=84.60 val_ema=70.32 best_raw=84.60@22 best_ema=70.32@22 lr=0.09987 time=7.9s
[ultrawidescaledtail10_e750_s43] ep 022/750 train_loss=1.2802 val_raw=84.48 val_ema=44.20 best_raw=84.48@22 best_ema=58.18@21 lr=0.09987 time=7.5s
[ultrawidescaledtail10_e750_s44] ep 022/750 train_loss=1.2593 val_raw=84.94 val_ema=53.84 best_raw=84.94@22 best_ema=53.84@22 lr=0.09987 time=7.0s
[ultrawidescaledtail10_e750_s45] ep 022/750 train_loss=1.2706 val_raw=84.28 val_ema=43.14 best_raw=84.28@22 best_ema=43.14@22 lr=0.09987 time=7.4s
[ultrawidescaledtail10_e750_s48] ep 023/750 train_loss=1.2680 val_raw=84.90 val_ema=70.38 best_raw=84.90@23 best_ema=70.38@23 lr=0.09986 time=7.6s
[ultrawidescaledtail10_e750_s49] ep 023/750 train_loss=1.2970 val_raw=85.80 val_ema=74.54 best_raw=85.80@23 best_ema=74.54@23 lr=0.09986 time=7.5s
[ultrawidescaledtail10_e750_s46] ep 023/750 train_loss=1.2712 val_raw=84.58 val_ema=69.06 best_raw=84.58@23 best_ema=69.06@23 lr=0.09986 time=7.2s
[ultrawidescaledtail10_e750_s42] ep 023/750 train_loss=1.3019 val_raw=84.80 val_ema=67.58 best_raw=84.80@23 best_ema=67.58@23 lr=0.09986 time=7.9s
[ultrawidescaledtail10_e750_s47] ep 023/750 train_loss=1.2670 val_raw=83.74 val_ema=70.54 best_raw=84.60@22 best_ema=70.54@23 lr=0.09986 time=7.3s
[ultrawidescaledtail10_e750_s43] ep 023/750 train_loss=1.2716 val_raw=82.94 val_ema=58.44 best_raw=84.48@22 best_ema=58.44@23 lr=0.09986 time=7.1s
[ultrawidescaledtail10_e750_s44] ep 023/750 train_loss=1.2281 val_raw=84.80 val_ema=53.58 best_raw=84.94@22 best_ema=53.84@22 lr=0.09986 time=7.2s
[ultrawidescaledtail10_e750_s45] ep 023/750 train_loss=1.2372 val_raw=78.96 val_ema=60.62 best_raw=84.28@22 best_ema=60.62@23 lr=0.09986 time=7.3s
[ultrawidescaledtail10_e750_s48] ep 024/750 train_loss=1.2674 val_raw=82.28 val_ema=71.38 best_raw=84.90@23 best_ema=71.38@24 lr=0.09984 time=7.4s
[ultrawidescaledtail10_e750_s49] ep 024/750 train_loss=1.1934 val_raw=84.94 val_ema=74.12 best_raw=85.80@23 best_ema=74.54@23 lr=0.09984 time=7.5s
[ultrawidescaledtail10_e750_s46] ep 024/750 train_loss=1.3116 val_raw=84.88 val_ema=65.24 best_raw=84.88@24 best_ema=69.06@23 lr=0.09984 time=7.6s
[ultrawidescaledtail10_e750_s42] ep 024/750 train_loss=1.2863 val_raw=86.02 val_ema=69.48 best_raw=86.02@24 best_ema=69.48@24 lr=0.09984 time=7.7s
[ultrawidescaledtail10_e750_s47] ep 024/750 train_loss=1.2421 val_raw=83.10 val_ema=74.44 best_raw=84.60@22 best_ema=74.44@24 lr=0.09984 time=7.4s
[ultrawidescaledtail10_e750_s43] ep 024/750 train_loss=1.3028 val_raw=84.98 val_ema=68.30 best_raw=84.98@24 best_ema=68.30@24 lr=0.09984 time=7.6s
[ultrawidescaledtail10_e750_s44] ep 024/750 train_loss=1.2444 val_raw=85.06 val_ema=62.20 best_raw=85.06@24 best_ema=62.20@24 lr=0.09984 time=7.4s
[ultrawidescaledtail10_e750_s45] ep 024/750 train_loss=1.3111 val_raw=84.10 val_ema=65.92 best_raw=84.28@22 best_ema=65.92@24 lr=0.09984 time=7.4s
[ultrawidescaledtail10_e750_s48] ep 025/750 train_loss=1.3326 val_raw=86.24 val_ema=69.62 best_raw=86.24@25 best_ema=71.38@24 lr=0.09982 time=7.1s
[ultrawidescaledtail10_e750_s49] ep 025/750 train_loss=1.2705 val_raw=86.20 val_ema=78.88 best_raw=86.20@25 best_ema=78.88@25 lr=0.09982 time=7.5s
[ultrawidescaledtail10_e750_s46] ep 025/750 train_loss=1.3081 val_raw=85.20 val_ema=64.44 best_raw=85.20@25 best_ema=69.06@23 lr=0.09982 time=7.5s
[ultrawidescaledtail10_e750_s42] ep 025/750 train_loss=1.3191 val_raw=84.70 val_ema=69.30 best_raw=86.02@24 best_ema=69.48@24 lr=0.09982 time=7.6s
[ultrawidescaledtail10_e750_s47] ep 025/750 train_loss=1.2708 val_raw=84.44 val_ema=74.52 best_raw=84.60@22 best_ema=74.52@25 lr=0.09982 time=7.5s
[ultrawidescaledtail10_e750_s44] ep 025/750 train_loss=1.3127 val_raw=85.64 val_ema=64.46 best_raw=85.64@25 best_ema=64.46@25 lr=0.09982 time=7.4s
[ultrawidescaledtail10_e750_s43] ep 025/750 train_loss=1.2655 val_raw=85.20 val_ema=73.52 best_raw=85.20@25 best_ema=73.52@25 lr=0.09982 time=7.7s
[ultrawidescaledtail10_e750_s45] ep 025/750 train_loss=1.3318 val_raw=82.88 val_ema=61.80 best_raw=84.28@22 best_ema=65.92@24 lr=0.09982 time=7.0s
[ultrawidescaledtail10_e750_s48] ep 026/750 train_loss=1.2970 val_raw=83.92 val_ema=71.32 best_raw=86.24@25 best_ema=71.38@24 lr=0.09980 time=7.2s
[ultrawidescaledtail10_e750_s46] ep 026/750 train_loss=1.2816 val_raw=84.88 val_ema=63.14 best_raw=85.20@25 best_ema=69.06@23 lr=0.09980 time=7.5s
[ultrawidescaledtail10_e750_s49] ep 026/750 train_loss=1.2196 val_raw=86.18 val_ema=73.98 best_raw=86.20@25 best_ema=78.88@25 lr=0.09980 time=7.8s
[ultrawidescaledtail10_e750_s42] ep 026/750 train_loss=1.2905 val_raw=85.90 val_ema=71.26 best_raw=86.02@24 best_ema=71.26@26 lr=0.09980 time=7.6s
[ultrawidescaledtail10_e750_s47] ep 026/750 train_loss=1.2320 val_raw=84.72 val_ema=76.36 best_raw=84.72@26 best_ema=76.36@26 lr=0.09980 time=7.6s
[ultrawidescaledtail10_e750_s43] ep 026/750 train_loss=1.2234 val_raw=85.44 val_ema=69.26 best_raw=85.44@26 best_ema=73.52@25 lr=0.09980 time=7.3s
[ultrawidescaledtail10_e750_s44] ep 026/750 train_loss=1.3057 val_raw=85.68 val_ema=64.18 best_raw=85.68@26 best_ema=64.46@25 lr=0.09980 time=7.6s
[ultrawidescaledtail10_e750_s45] ep 026/750 train_loss=1.2979 val_raw=85.62 val_ema=68.14 best_raw=85.62@26 best_ema=68.14@26 lr=0.09980 time=7.6s
[ultrawidescaledtail10_e750_s48] ep 027/750 train_loss=1.3146 val_raw=84.44 val_ema=66.50 best_raw=86.24@25 best_ema=71.38@24 lr=0.09978 time=7.5s
[ultrawidescaledtail10_e750_s49] ep 027/750 train_loss=1.2564 val_raw=86.50 val_ema=80.44 best_raw=86.50@27 best_ema=80.44@27 lr=0.09978 time=7.5s
[ultrawidescaledtail10_e750_s46] ep 027/750 train_loss=1.2565 val_raw=85.20 val_ema=69.16 best_raw=85.20@25 best_ema=69.16@27 lr=0.09978 time=7.7s
[ultrawidescaledtail10_e750_s42] ep 027/750 train_loss=1.1987 val_raw=85.48 val_ema=75.36 best_raw=86.02@24 best_ema=75.36@27 lr=0.09978 time=7.2s
[ultrawidescaledtail10_e750_s47] ep 027/750 train_loss=1.2034 val_raw=84.96 val_ema=68.40 best_raw=84.96@27 best_ema=76.36@26 lr=0.09978 time=7.2s
[ultrawidescaledtail10_e750_s43] ep 027/750 train_loss=1.2304 val_raw=86.18 val_ema=70.04 best_raw=86.18@27 best_ema=73.52@25 lr=0.09978 time=7.5s
[ultrawidescaledtail10_e750_s44] ep 027/750 train_loss=1.2428 val_raw=85.44 val_ema=53.20 best_raw=85.68@26 best_ema=64.46@25 lr=0.09978 time=7.6s
[ultrawidescaledtail10_e750_s45] ep 027/750 train_loss=1.1998 val_raw=85.32 val_ema=66.84 best_raw=85.62@26 best_ema=68.14@26 lr=0.09978 time=7.4s
[ultrawidescaledtail10_e750_s48] ep 028/750 train_loss=1.2285 val_raw=85.26 val_ema=68.52 best_raw=86.24@25 best_ema=71.38@24 lr=0.09977 time=7.1s
[ultrawidescaledtail10_e750_s46] ep 028/750 train_loss=1.2462 val_raw=83.96 val_ema=63.56 best_raw=85.20@25 best_ema=69.16@27 lr=0.09977 time=7.1s
[ultrawidescaledtail10_e750_s49] ep 028/750 train_loss=1.2062 val_raw=86.30 val_ema=75.50 best_raw=86.50@27 best_ema=80.44@27 lr=0.09977 time=7.8s
[ultrawidescaledtail10_e750_s42] ep 028/750 train_loss=1.2745 val_raw=84.74 val_ema=71.60 best_raw=86.02@24 best_ema=75.36@27 lr=0.09977 time=7.6s
[ultrawidescaledtail10_e750_s47] ep 028/750 train_loss=1.1902 val_raw=85.54 val_ema=66.88 best_raw=85.54@28 best_ema=76.36@26 lr=0.09977 time=7.6s
[ultrawidescaledtail10_e750_s43] ep 028/750 train_loss=1.2262 val_raw=86.20 val_ema=67.32 best_raw=86.20@28 best_ema=73.52@25 lr=0.09977 time=7.1s
[ultrawidescaledtail10_e750_s44] ep 028/750 train_loss=1.2217 val_raw=84.70 val_ema=41.10 best_raw=85.68@26 best_ema=64.46@25 lr=0.09977 time=7.3s
[ultrawidescaledtail10_e750_s45] ep 028/750 train_loss=1.2386 val_raw=85.84 val_ema=58.10 best_raw=85.84@28 best_ema=68.14@26 lr=0.09977 time=7.3s
[ultrawidescaledtail10_e750_s48] ep 029/750 train_loss=1.2183 val_raw=85.34 val_ema=66.56 best_raw=86.24@25 best_ema=71.38@24 lr=0.09974 time=7.1s
[ultrawidescaledtail10_e750_s46] ep 029/750 train_loss=1.2212 val_raw=85.80 val_ema=68.30 best_raw=85.80@29 best_ema=69.16@27 lr=0.09974 time=7.6s
[ultrawidescaledtail10_e750_s49] ep 029/750 train_loss=1.2874 val_raw=85.40 val_ema=75.38 best_raw=86.50@27 best_ema=80.44@27 lr=0.09974 time=7.5s
[ultrawidescaledtail10_e750_s42] ep 029/750 train_loss=1.1915 val_raw=86.58 val_ema=68.22 best_raw=86.58@29 best_ema=75.36@27 lr=0.09974 time=7.4s
[ultrawidescaledtail10_e750_s47] ep 029/750 train_loss=1.2168 val_raw=86.68 val_ema=68.78 best_raw=86.68@29 best_ema=76.36@26 lr=0.09974 time=7.1s
[ultrawidescaledtail10_e750_s43] ep 029/750 train_loss=1.2646 val_raw=87.04 val_ema=63.90 best_raw=87.04@29 best_ema=73.52@25 lr=0.09974 time=7.0s
[ultrawidescaledtail10_e750_s44] ep 029/750 train_loss=1.2661 val_raw=85.90 val_ema=41.36 best_raw=85.90@29 best_ema=64.46@25 lr=0.09974 time=8.1s
[ultrawidescaledtail10_e750_s45] ep 029/750 train_loss=1.2220 val_raw=85.16 val_ema=59.78 best_raw=85.84@28 best_ema=68.14@26 lr=0.09974 time=7.3s
[ultrawidescaledtail10_e750_s48] ep 030/750 train_loss=1.2713 val_raw=86.02 val_ema=65.28 best_raw=86.24@25 best_ema=71.38@24 lr=0.09972 time=7.3s
[ultrawidescaledtail10_e750_s46] ep 030/750 train_loss=1.2630 val_raw=85.10 val_ema=58.66 best_raw=85.80@29 best_ema=69.16@27 lr=0.09972 time=7.6s
[ultrawidescaledtail10_e750_s49] ep 030/750 train_loss=1.2629 val_raw=85.96 val_ema=77.04 best_raw=86.50@27 best_ema=80.44@27 lr=0.09972 time=7.7s
[ultrawidescaledtail10_e750_s42] ep 030/750 train_loss=1.2072 val_raw=86.76 val_ema=66.84 best_raw=86.76@30 best_ema=75.36@27 lr=0.09972 time=7.2s
[ultrawidescaledtail10_e750_s47] ep 030/750 train_loss=1.2629 val_raw=85.34 val_ema=65.12 best_raw=86.68@29 best_ema=76.36@26 lr=0.09972 time=7.2s
[ultrawidescaledtail10_e750_s43] ep 030/750 train_loss=1.2288 val_raw=86.84 val_ema=69.88 best_raw=87.04@29 best_ema=73.52@25 lr=0.09972 time=7.1s
[ultrawidescaledtail10_e750_s44] ep 030/750 train_loss=1.1869 val_raw=87.10 val_ema=41.48 best_raw=87.10@30 best_ema=64.46@25 lr=0.09972 time=7.5s
[ultrawidescaledtail10_e750_s45] ep 030/750 train_loss=1.1919 val_raw=84.78 val_ema=48.76 best_raw=85.84@28 best_ema=68.14@26 lr=0.09972 time=7.4s
[ultrawidescaledtail10_e750_s48] ep 031/750 train_loss=1.2268 val_raw=85.20 val_ema=66.68 best_raw=86.24@25 best_ema=71.38@24 lr=0.09970 time=7.4s
[ultrawidescaledtail10_e750_s46] ep 031/750 train_loss=1.2213 val_raw=86.66 val_ema=54.64 best_raw=86.66@31 best_ema=69.16@27 lr=0.09970 time=7.3s
[ultrawidescaledtail10_e750_s49] ep 031/750 train_loss=1.2095 val_raw=86.12 val_ema=72.64 best_raw=86.50@27 best_ema=80.44@27 lr=0.09970 time=7.1s
[ultrawidescaledtail10_e750_s47] ep 031/750 train_loss=1.2041 val_raw=86.98 val_ema=67.58 best_raw=86.98@31 best_ema=76.36@26 lr=0.09970 time=7.5s
[ultrawidescaledtail10_e750_s42] ep 031/750 train_loss=1.2806 val_raw=86.30 val_ema=71.08 best_raw=86.76@30 best_ema=75.36@27 lr=0.09970 time=7.7s
[ultrawidescaledtail10_e750_s43] ep 031/750 train_loss=1.2402 val_raw=86.18 val_ema=55.40 best_raw=87.04@29 best_ema=73.52@25 lr=0.09970 time=7.6s
[ultrawidescaledtail10_e750_s44] ep 031/750 train_loss=1.2158 val_raw=87.28 val_ema=34.64 best_raw=87.28@31 best_ema=64.46@25 lr=0.09970 time=7.3s
[ultrawidescaledtail10_e750_s48] ep 032/750 train_loss=1.2072 val_raw=86.64 val_ema=58.44 best_raw=86.64@32 best_ema=71.38@24 lr=0.09968 time=7.4s
[ultrawidescaledtail10_e750_s45] ep 031/750 train_loss=1.2428 val_raw=84.86 val_ema=59.16 best_raw=85.84@28 best_ema=68.14@26 lr=0.09970 time=7.9s
[ultrawidescaledtail10_e750_s46] ep 032/750 train_loss=1.1823 val_raw=86.08 val_ema=56.80 best_raw=86.66@31 best_ema=69.16@27 lr=0.09968 time=7.0s
[ultrawidescaledtail10_e750_s49] ep 032/750 train_loss=1.1477 val_raw=87.52 val_ema=73.96 best_raw=87.52@32 best_ema=80.44@27 lr=0.09968 time=7.8s
[ultrawidescaledtail10_e750_s47] ep 032/750 train_loss=1.2627 val_raw=86.94 val_ema=65.26 best_raw=86.98@31 best_ema=76.36@26 lr=0.09968 time=7.5s
[ultrawidescaledtail10_e750_s42] ep 032/750 train_loss=1.1769 val_raw=86.90 val_ema=67.24 best_raw=86.90@32 best_ema=75.36@27 lr=0.09968 time=7.8s
[ultrawidescaledtail10_e750_s43] ep 032/750 train_loss=1.2304 val_raw=85.70 val_ema=62.22 best_raw=87.04@29 best_ema=73.52@25 lr=0.09968 time=7.7s
[ultrawidescaledtail10_e750_s44] ep 032/750 train_loss=1.2076 val_raw=87.12 val_ema=35.60 best_raw=87.28@31 best_ema=64.46@25 lr=0.09968 time=7.0s
[ultrawidescaledtail10_e750_s48] ep 033/750 train_loss=1.2347 val_raw=87.12 val_ema=63.90 best_raw=87.12@33 best_ema=71.38@24 lr=0.09965 time=7.1s
[ultrawidescaledtail10_e750_s45] ep 032/750 train_loss=1.2483 val_raw=86.42 val_ema=50.76 best_raw=86.42@32 best_ema=68.14@26 lr=0.09968 time=7.5s
[ultrawidescaledtail10_e750_s46] ep 033/750 train_loss=1.2319 val_raw=87.08 val_ema=51.82 best_raw=87.08@33 best_ema=69.16@27 lr=0.09965 time=7.2s
[ultrawidescaledtail10_e750_s49] ep 033/750 train_loss=1.1576 val_raw=86.88 val_ema=73.06 best_raw=87.52@32 best_ema=80.44@27 lr=0.09965 time=7.3s
[ultrawidescaledtail10_e750_s47] ep 033/750 train_loss=1.1750 val_raw=86.84 val_ema=53.18 best_raw=86.98@31 best_ema=76.36@26 lr=0.09965 time=7.5s
[ultrawidescaledtail10_e750_s42] ep 033/750 train_loss=1.2255 val_raw=87.16 val_ema=61.30 best_raw=87.16@33 best_ema=75.36@27 lr=0.09965 time=7.6s
[ultrawidescaledtail10_e750_s43] ep 033/750 train_loss=1.2624 val_raw=86.42 val_ema=44.88 best_raw=87.04@29 best_ema=73.52@25 lr=0.09965 time=7.9s
[ultrawidescaledtail10_e750_s44] ep 033/750 train_loss=1.2192 val_raw=86.86 val_ema=33.28 best_raw=87.28@31 best_ema=64.46@25 lr=0.09965 time=7.4s
[ultrawidescaledtail10_e750_s48] ep 034/750 train_loss=1.1887 val_raw=86.98 val_ema=62.04 best_raw=87.12@33 best_ema=71.38@24 lr=0.09963 time=7.2s
[ultrawidescaledtail10_e750_s45] ep 033/750 train_loss=1.1873 val_raw=87.00 val_ema=52.34 best_raw=87.00@33 best_ema=68.14@26 lr=0.09965 time=7.5s
[ultrawidescaledtail10_e750_s46] ep 034/750 train_loss=1.1489 val_raw=86.54 val_ema=48.72 best_raw=87.08@33 best_ema=69.16@27 lr=0.09963 time=7.3s
[ultrawidescaledtail10_e750_s49] ep 034/750 train_loss=1.2223 val_raw=87.12 val_ema=72.88 best_raw=87.52@32 best_ema=80.44@27 lr=0.09963 time=7.7s
[ultrawidescaledtail10_e750_s47] ep 034/750 train_loss=1.2158 val_raw=85.62 val_ema=62.06 best_raw=86.98@31 best_ema=76.36@26 lr=0.09963 time=7.6s
[ultrawidescaledtail10_e750_s43] ep 034/750 train_loss=1.2064 val_raw=86.32 val_ema=54.90 best_raw=87.04@29 best_ema=73.52@25 lr=0.09963 time=7.1s
[ultrawidescaledtail10_e750_s42] ep 034/750 train_loss=1.1844 val_raw=85.98 val_ema=65.74 best_raw=87.16@33 best_ema=75.36@27 lr=0.09963 time=7.7s
[ultrawidescaledtail10_e750_s44] ep 034/750 train_loss=1.1743 val_raw=86.86 val_ema=37.54 best_raw=87.28@31 best_ema=64.46@25 lr=0.09963 time=7.5s
[ultrawidescaledtail10_e750_s48] ep 035/750 train_loss=1.1920 val_raw=87.30 val_ema=57.98 best_raw=87.30@35 best_ema=71.38@24 lr=0.09960 time=7.3s
[ultrawidescaledtail10_e750_s45] ep 034/750 train_loss=1.2169 val_raw=86.52 val_ema=40.50 best_raw=87.00@33 best_ema=68.14@26 lr=0.09963 time=7.4s
[ultrawidescaledtail10_e750_s46] ep 035/750 train_loss=1.2601 val_raw=86.24 val_ema=49.78 best_raw=87.08@33 best_ema=69.16@27 lr=0.09960 time=7.3s
[ultrawidescaledtail10_e750_s49] ep 035/750 train_loss=1.1621 val_raw=86.86 val_ema=74.64 best_raw=87.52@32 best_ema=80.44@27 lr=0.09960 time=7.5s
[ultrawidescaledtail10_e750_s47] ep 035/750 train_loss=1.2070 val_raw=87.02 val_ema=47.70 best_raw=87.02@35 best_ema=76.36@26 lr=0.09960 time=7.2s
[ultrawidescaledtail10_e750_s42] ep 035/750 train_loss=1.2290 val_raw=85.92 val_ema=58.76 best_raw=87.16@33 best_ema=75.36@27 lr=0.09960 time=7.3s
[ultrawidescaledtail10_e750_s43] ep 035/750 train_loss=1.1791 val_raw=86.52 val_ema=46.34 best_raw=87.04@29 best_ema=73.52@25 lr=0.09960 time=7.8s
[ultrawidescaledtail10_e750_s44] ep 035/750 train_loss=1.2704 val_raw=84.92 val_ema=38.32 best_raw=87.28@31 best_ema=64.46@25 lr=0.09960 time=8.2s
[ultrawidescaledtail10_e750_s48] ep 036/750 train_loss=1.1812 val_raw=87.50 val_ema=55.40 best_raw=87.50@36 best_ema=71.38@24 lr=0.09957 time=7.1s
[ultrawidescaledtail10_e750_s45] ep 035/750 train_loss=1.2224 val_raw=85.38 val_ema=42.60 best_raw=87.00@33 best_ema=68.14@26 lr=0.09960 time=7.8s
[ultrawidescaledtail10_e750_s46] ep 036/750 train_loss=1.2199 val_raw=85.46 val_ema=41.96 best_raw=87.08@33 best_ema=69.16@27 lr=0.09957 time=7.2s
[ultrawidescaledtail10_e750_s49] ep 036/750 train_loss=1.1594 val_raw=87.76 val_ema=65.72 best_raw=87.76@36 best_ema=80.44@27 lr=0.09957 time=7.6s
[ultrawidescaledtail10_e750_s47] ep 036/750 train_loss=1.2085 val_raw=86.10 val_ema=55.58 best_raw=87.02@35 best_ema=76.36@26 lr=0.09957 time=7.5s
[ultrawidescaledtail10_e750_s43] ep 036/750 train_loss=1.1927 val_raw=86.96 val_ema=52.14 best_raw=87.04@29 best_ema=73.52@25 lr=0.09957 time=7.3s
[ultrawidescaledtail10_e750_s42] ep 036/750 train_loss=1.1789 val_raw=86.44 val_ema=59.38 best_raw=87.16@33 best_ema=75.36@27 lr=0.09957 time=7.8s
[ultrawidescaledtail10_e750_s48] ep 037/750 train_loss=1.2200 val_raw=86.58 val_ema=51.96 best_raw=87.50@36 best_ema=71.38@24 lr=0.09955 time=7.1s
[ultrawidescaledtail10_e750_s44] ep 036/750 train_loss=1.1858 val_raw=87.04 val_ema=36.18 best_raw=87.28@31 best_ema=64.46@25 lr=0.09957 time=7.4s
[ultrawidescaledtail10_e750_s46] ep 037/750 train_loss=1.2711 val_raw=85.78 val_ema=37.60 best_raw=87.08@33 best_ema=69.16@27 lr=0.09955 time=7.0s
[ultrawidescaledtail10_e750_s45] ep 036/750 train_loss=1.1691 val_raw=86.50 val_ema=42.22 best_raw=87.00@33 best_ema=68.14@26 lr=0.09957 time=7.6s
[ultrawidescaledtail10_e750_s49] ep 037/750 train_loss=1.2754 val_raw=87.92 val_ema=66.72 best_raw=87.92@37 best_ema=80.44@27 lr=0.09955 time=7.4s
[ultrawidescaledtail10_e750_s47] ep 037/750 train_loss=1.2472 val_raw=87.60 val_ema=61.68 best_raw=87.60@37 best_ema=76.36@26 lr=0.09955 time=7.4s
[ultrawidescaledtail10_e750_s42] ep 037/750 train_loss=1.1943 val_raw=87.64 val_ema=65.14 best_raw=87.64@37 best_ema=75.36@27 lr=0.09955 time=7.4s
[ultrawidescaledtail10_e750_s43] ep 037/750 train_loss=1.1984 val_raw=86.78 val_ema=58.56 best_raw=87.04@29 best_ema=73.52@25 lr=0.09955 time=7.6s
[ultrawidescaledtail10_e750_s48] ep 038/750 train_loss=1.2212 val_raw=87.40 val_ema=48.00 best_raw=87.50@36 best_ema=71.38@24 lr=0.09952 time=7.2s
[ultrawidescaledtail10_e750_s44] ep 037/750 train_loss=1.2586 val_raw=87.78 val_ema=34.54 best_raw=87.78@37 best_ema=64.46@25 lr=0.09955 time=7.7s
[ultrawidescaledtail10_e750_s46] ep 038/750 train_loss=1.2043 val_raw=87.22 val_ema=36.94 best_raw=87.22@38 best_ema=69.16@27 lr=0.09952 time=7.4s
[ultrawidescaledtail10_e750_s45] ep 037/750 train_loss=1.1195 val_raw=86.78 val_ema=36.82 best_raw=87.00@33 best_ema=68.14@26 lr=0.09955 time=7.6s
[ultrawidescaledtail10_e750_s49] ep 038/750 train_loss=1.1866 val_raw=86.62 val_ema=71.18 best_raw=87.92@37 best_ema=80.44@27 lr=0.09952 time=7.2s
[ultrawidescaledtail10_e750_s47] ep 038/750 train_loss=1.2282 val_raw=86.90 val_ema=53.18 best_raw=87.60@37 best_ema=76.36@26 lr=0.09952 time=7.6s
[ultrawidescaledtail10_e750_s42] ep 038/750 train_loss=1.1520 val_raw=87.56 val_ema=62.12 best_raw=87.64@37 best_ema=75.36@27 lr=0.09952 time=7.9s
[ultrawidescaledtail10_e750_s43] ep 038/750 train_loss=1.2234 val_raw=87.32 val_ema=53.50 best_raw=87.32@38 best_ema=73.52@25 lr=0.09952 time=8.0s
[ultrawidescaledtail10_e750_s48] ep 039/750 train_loss=1.2434 val_raw=88.02 val_ema=47.22 best_raw=88.02@39 best_ema=71.38@24 lr=0.09949 time=7.4s
[ultrawidescaledtail10_e750_s44] ep 038/750 train_loss=1.2206 val_raw=87.72 val_ema=34.40 best_raw=87.78@37 best_ema=64.46@25 lr=0.09952 time=7.3s
[ultrawidescaledtail10_e750_s46] ep 039/750 train_loss=1.2027 val_raw=86.76 val_ema=35.16 best_raw=87.22@38 best_ema=69.16@27 lr=0.09949 time=7.1s
[ultrawidescaledtail10_e750_s45] ep 038/750 train_loss=1.2335 val_raw=85.56 val_ema=36.60 best_raw=87.00@33 best_ema=68.14@26 lr=0.09952 time=7.4s
[ultrawidescaledtail10_e750_s49] ep 039/750 train_loss=1.2168 val_raw=87.96 val_ema=63.02 best_raw=87.96@39 best_ema=80.44@27 lr=0.09949 time=7.5s
[ultrawidescaledtail10_e750_s47] ep 039/750 train_loss=1.1612 val_raw=87.04 val_ema=56.70 best_raw=87.60@37 best_ema=76.36@26 lr=0.09949 time=7.5s
[ultrawidescaledtail10_e750_s42] ep 039/750 train_loss=1.2022 val_raw=85.98 val_ema=64.26 best_raw=87.64@37 best_ema=75.36@27 lr=0.09949 time=7.6s
[ultrawidescaledtail10_e750_s48] ep 040/750 train_loss=1.1950 val_raw=87.08 val_ema=53.10 best_raw=88.02@39 best_ema=71.38@24 lr=0.09946 time=7.3s
[ultrawidescaledtail10_e750_s43] ep 039/750 train_loss=1.2363 val_raw=85.50 val_ema=52.34 best_raw=87.32@38 best_ema=73.52@25 lr=0.09949 time=7.8s
[ultrawidescaledtail10_e750_s44] ep 039/750 train_loss=1.2038 val_raw=88.24 val_ema=33.64 best_raw=88.24@39 best_ema=64.46@25 lr=0.09949 time=7.2s
[ultrawidescaledtail10_e750_s46] ep 040/750 train_loss=1.1855 val_raw=86.62 val_ema=33.18 best_raw=87.22@38 best_ema=69.16@27 lr=0.09946 time=7.3s
[ultrawidescaledtail10_e750_s45] ep 039/750 train_loss=1.2506 val_raw=87.56 val_ema=28.46 best_raw=87.56@39 best_ema=68.14@26 lr=0.09949 time=7.3s
[ultrawidescaledtail10_e750_s49] ep 040/750 train_loss=1.1802 val_raw=87.36 val_ema=67.38 best_raw=87.96@39 best_ema=80.44@27 lr=0.09946 time=7.1s
[ultrawidescaledtail10_e750_s47] ep 040/750 train_loss=1.1632 val_raw=88.02 val_ema=53.14 best_raw=88.02@40 best_ema=76.36@26 lr=0.09946 time=7.0s
[ultrawidescaledtail10_e750_s42] ep 040/750 train_loss=1.1570 val_raw=88.22 val_ema=67.70 best_raw=88.22@40 best_ema=75.36@27 lr=0.09946 time=7.1s
[ultrawidescaledtail10_e750_s48] ep 041/750 train_loss=1.1484 val_raw=88.04 val_ema=48.00 best_raw=88.04@41 best_ema=71.38@24 lr=0.09942 time=7.2s
[ultrawidescaledtail10_e750_s43] ep 040/750 train_loss=1.1945 val_raw=87.76 val_ema=50.24 best_raw=87.76@40 best_ema=73.52@25 lr=0.09946 time=7.5s
[ultrawidescaledtail10_e750_s44] ep 040/750 train_loss=1.2177 val_raw=87.20 val_ema=37.52 best_raw=88.24@39 best_ema=64.46@25 lr=0.09946 time=7.5s
[ultrawidescaledtail10_e750_s46] ep 041/750 train_loss=1.2796 val_raw=86.66 val_ema=40.40 best_raw=87.22@38 best_ema=69.16@27 lr=0.09942 time=7.5s
[ultrawidescaledtail10_e750_s45] ep 040/750 train_loss=1.1555 val_raw=87.12 val_ema=38.20 best_raw=87.56@39 best_ema=68.14@26 lr=0.09946 time=7.7s
[ultrawidescaledtail10_e750_s49] ep 041/750 train_loss=1.2542 val_raw=87.84 val_ema=62.20 best_raw=87.96@39 best_ema=80.44@27 lr=0.09942 time=7.1s
[ultrawidescaledtail10_e750_s47] ep 041/750 train_loss=1.1795 val_raw=87.50 val_ema=47.10 best_raw=88.02@40 best_ema=76.36@26 lr=0.09942 time=7.2s
[ultrawidescaledtail10_e750_s48] ep 042/750 train_loss=1.1542 val_raw=88.16 val_ema=53.60 best_raw=88.16@42 best_ema=71.38@24 lr=0.09939 time=7.0s
[ultrawidescaledtail10_e750_s42] ep 041/750 train_loss=1.1932 val_raw=87.08 val_ema=65.72 best_raw=88.22@40 best_ema=75.36@27 lr=0.09942 time=7.7s
[ultrawidescaledtail10_e750_s43] ep 041/750 train_loss=1.2069 val_raw=87.32 val_ema=54.50 best_raw=87.76@40 best_ema=73.52@25 lr=0.09942 time=7.5s
[ultrawidescaledtail10_e750_s44] ep 041/750 train_loss=1.1914 val_raw=88.10 val_ema=35.48 best_raw=88.24@39 best_ema=64.46@25 lr=0.09942 time=7.2s
[ultrawidescaledtail10_e750_s46] ep 042/750 train_loss=1.1545 val_raw=86.58 val_ema=38.92 best_raw=87.22@38 best_ema=69.16@27 lr=0.09939 time=7.4s
[ultrawidescaledtail10_e750_s45] ep 041/750 train_loss=1.2384 val_raw=85.62 val_ema=38.08 best_raw=87.56@39 best_ema=68.14@26 lr=0.09942 time=7.5s
[ultrawidescaledtail10_e750_s49] ep 042/750 train_loss=1.1085 val_raw=87.64 val_ema=65.00 best_raw=87.96@39 best_ema=80.44@27 lr=0.09939 time=7.9s
[ultrawidescaledtail10_e750_s47] ep 042/750 train_loss=1.1665 val_raw=88.36 val_ema=51.82 best_raw=88.36@42 best_ema=76.36@26 lr=0.09939 time=7.0s
[ultrawidescaledtail10_e750_s48] ep 043/750 train_loss=1.2251 val_raw=88.26 val_ema=54.46 best_raw=88.26@43 best_ema=71.38@24 lr=0.09936 time=7.0s
[ultrawidescaledtail10_e750_s42] ep 042/750 train_loss=1.1802 val_raw=87.82 val_ema=66.94 best_raw=88.22@40 best_ema=75.36@27 lr=0.09939 time=7.6s
[ultrawidescaledtail10_e750_s44] ep 042/750 train_loss=1.2120 val_raw=88.62 val_ema=42.84 best_raw=88.62@42 best_ema=64.46@25 lr=0.09939 time=7.2s
[ultrawidescaledtail10_e750_s43] ep 042/750 train_loss=1.2461 val_raw=87.48 val_ema=43.42 best_raw=87.76@40 best_ema=73.52@25 lr=0.09939 time=7.5s
[ultrawidescaledtail10_e750_s46] ep 043/750 train_loss=1.1755 val_raw=86.96 val_ema=38.30 best_raw=87.22@38 best_ema=69.16@27 lr=0.09936 time=7.0s
[ultrawidescaledtail10_e750_s45] ep 042/750 train_loss=1.1545 val_raw=87.92 val_ema=29.86 best_raw=87.92@42 best_ema=68.14@26 lr=0.09939 time=7.4s
[ultrawidescaledtail10_e750_s47] ep 043/750 train_loss=1.1475 val_raw=87.58 val_ema=44.58 best_raw=88.36@42 best_ema=76.36@26 lr=0.09936 time=7.1s
[ultrawidescaledtail10_e750_s49] ep 043/750 train_loss=1.1827 val_raw=86.82 val_ema=49.36 best_raw=87.96@39 best_ema=80.44@27 lr=0.09936 time=8.0s
[ultrawidescaledtail10_e750_s48] ep 044/750 train_loss=1.2200 val_raw=87.86 val_ema=48.18 best_raw=88.26@43 best_ema=71.38@24 lr=0.09933 time=7.1s
[ultrawidescaledtail10_e750_s44] ep 043/750 train_loss=1.2081 val_raw=87.54 val_ema=46.38 best_raw=88.62@42 best_ema=64.46@25 lr=0.09936 time=7.1s
[ultrawidescaledtail10_e750_s42] ep 043/750 train_loss=1.1413 val_raw=87.94 val_ema=60.38 best_raw=88.22@40 best_ema=75.36@27 lr=0.09936 time=7.4s
[ultrawidescaledtail10_e750_s43] ep 043/750 train_loss=1.1932 val_raw=87.48 val_ema=52.70 best_raw=87.76@40 best_ema=73.52@25 lr=0.09936 time=7.1s
[ultrawidescaledtail10_e750_s46] ep 044/750 train_loss=1.2217 val_raw=87.34 val_ema=46.58 best_raw=87.34@44 best_ema=69.16@27 lr=0.09933 time=7.1s
[ultrawidescaledtail10_e750_s45] ep 043/750 train_loss=1.1750 val_raw=87.28 val_ema=33.84 best_raw=87.92@42 best_ema=68.14@26 lr=0.09936 time=7.1s
[ultrawidescaledtail10_e750_s47] ep 044/750 train_loss=1.1917 val_raw=87.06 val_ema=54.50 best_raw=88.36@42 best_ema=76.36@26 lr=0.09933 time=7.3s
[ultrawidescaledtail10_e750_s49] ep 044/750 train_loss=1.1518 val_raw=86.96 val_ema=60.68 best_raw=87.96@39 best_ema=80.44@27 lr=0.09933 time=7.8s
[ultrawidescaledtail10_e750_s48] ep 045/750 train_loss=1.2014 val_raw=87.26 val_ema=54.84 best_raw=88.26@43 best_ema=71.38@24 lr=0.09929 time=7.1s
[ultrawidescaledtail10_e750_s42] ep 044/750 train_loss=1.1567 val_raw=87.02 val_ema=69.96 best_raw=88.22@40 best_ema=75.36@27 lr=0.09933 time=7.6s
[ultrawidescaledtail10_e750_s44] ep 044/750 train_loss=1.1802 val_raw=87.32 val_ema=41.06 best_raw=88.62@42 best_ema=64.46@25 lr=0.09933 time=7.8s
[ultrawidescaledtail10_e750_s43] ep 044/750 train_loss=1.2527 val_raw=87.66 val_ema=45.90 best_raw=87.76@40 best_ema=73.52@25 lr=0.09933 time=7.6s
[ultrawidescaledtail10_e750_s46] ep 045/750 train_loss=1.2450 val_raw=86.86 val_ema=38.80 best_raw=87.34@44 best_ema=69.16@27 lr=0.09929 time=7.2s
[ultrawidescaledtail10_e750_s45] ep 044/750 train_loss=1.2086 val_raw=87.62 val_ema=37.18 best_raw=87.92@42 best_ema=68.14@26 lr=0.09933 time=7.1s
[ultrawidescaledtail10_e750_s47] ep 045/750 train_loss=1.1388 val_raw=87.28 val_ema=53.86 best_raw=88.36@42 best_ema=76.36@26 lr=0.09929 time=7.5s
[ultrawidescaledtail10_e750_s48] ep 046/750 train_loss=1.1979 val_raw=87.72 val_ema=52.62 best_raw=88.26@43 best_ema=71.38@24 lr=0.09925 time=7.1s
[ultrawidescaledtail10_e750_s49] ep 045/750 train_loss=1.2069 val_raw=87.62 val_ema=59.50 best_raw=87.96@39 best_ema=80.44@27 lr=0.09929 time=7.7s
[ultrawidescaledtail10_e750_s44] ep 045/750 train_loss=1.1380 val_raw=88.54 val_ema=42.10 best_raw=88.62@42 best_ema=64.46@25 lr=0.09929 time=7.5s
[ultrawidescaledtail10_e750_s42] ep 045/750 train_loss=1.1581 val_raw=88.02 val_ema=69.96 best_raw=88.22@40 best_ema=75.36@27 lr=0.09929 time=7.6s
[ultrawidescaledtail10_e750_s43] ep 045/750 train_loss=1.1394 val_raw=88.46 val_ema=49.92 best_raw=88.46@45 best_ema=73.52@25 lr=0.09929 time=7.7s
[ultrawidescaledtail10_e750_s46] ep 046/750 train_loss=1.1586 val_raw=86.88 val_ema=48.66 best_raw=87.34@44 best_ema=69.16@27 lr=0.09925 time=7.5s
[ultrawidescaledtail10_e750_s45] ep 045/750 train_loss=1.1758 val_raw=86.22 val_ema=30.98 best_raw=87.92@42 best_ema=68.14@26 lr=0.09929 time=7.1s
[ultrawidescaledtail10_e750_s47] ep 046/750 train_loss=1.2307 val_raw=88.24 val_ema=47.92 best_raw=88.36@42 best_ema=76.36@26 lr=0.09925 time=7.1s
[ultrawidescaledtail10_e750_s48] ep 047/750 train_loss=1.1548 val_raw=87.64 val_ema=59.62 best_raw=88.26@43 best_ema=71.38@24 lr=0.09922 time=7.2s
[ultrawidescaledtail10_e750_s49] ep 046/750 train_loss=1.2682 val_raw=87.82 val_ema=65.60 best_raw=87.96@39 best_ema=80.44@27 lr=0.09925 time=8.0s
[ultrawidescaledtail10_e750_s42] ep 046/750 train_loss=1.1292 val_raw=88.24 val_ema=66.96 best_raw=88.24@46 best_ema=75.36@27 lr=0.09925 time=7.6s
[ultrawidescaledtail10_e750_s44] ep 046/750 train_loss=1.2332 val_raw=88.68 val_ema=45.16 best_raw=88.68@46 best_ema=64.46@25 lr=0.09925 time=7.7s
[ultrawidescaledtail10_e750_s43] ep 046/750 train_loss=1.1527 val_raw=87.76 val_ema=46.78 best_raw=88.46@45 best_ema=73.52@25 lr=0.09925 time=7.4s
[ultrawidescaledtail10_e750_s46] ep 047/750 train_loss=1.1507 val_raw=88.20 val_ema=34.74 best_raw=88.20@47 best_ema=69.16@27 lr=0.09922 time=7.1s
[ultrawidescaledtail10_e750_s45] ep 046/750 train_loss=1.1954 val_raw=87.76 val_ema=39.04 best_raw=87.92@42 best_ema=68.14@26 lr=0.09925 time=7.2s
[ultrawidescaledtail10_e750_s47] ep 047/750 train_loss=1.1836 val_raw=88.28 val_ema=47.84 best_raw=88.36@42 best_ema=76.36@26 lr=0.09922 time=7.6s
[ultrawidescaledtail10_e750_s48] ep 048/750 train_loss=1.1396 val_raw=88.48 val_ema=56.60 best_raw=88.48@48 best_ema=71.38@24 lr=0.09918 time=7.2s
[ultrawidescaledtail10_e750_s49] ep 047/750 train_loss=1.1925 val_raw=88.42 val_ema=59.38 best_raw=88.42@47 best_ema=80.44@27 lr=0.09922 time=7.8s
[ultrawidescaledtail10_e750_s44] ep 047/750 train_loss=1.1871 val_raw=89.12 val_ema=44.38 best_raw=89.12@47 best_ema=64.46@25 lr=0.09922 time=7.1s
[ultrawidescaledtail10_e750_s43] ep 047/750 train_loss=1.1311 val_raw=88.48 val_ema=54.38 best_raw=88.48@47 best_ema=73.52@25 lr=0.09922 time=7.1s
[ultrawidescaledtail10_e750_s46] ep 048/750 train_loss=1.1235 val_raw=87.94 val_ema=40.44 best_raw=88.20@47 best_ema=69.16@27 lr=0.09918 time=7.0s
[ultrawidescaledtail10_e750_s42] ep 047/750 train_loss=1.1559 val_raw=87.52 val_ema=65.28 best_raw=88.24@46 best_ema=75.36@27 lr=0.09922 time=7.9s
[ultrawidescaledtail10_e750_s45] ep 047/750 train_loss=1.1372 val_raw=88.40 val_ema=27.56 best_raw=88.40@47 best_ema=68.14@26 lr=0.09922 time=7.1s
[ultrawidescaledtail10_e750_s47] ep 048/750 train_loss=1.1735 val_raw=88.42 val_ema=48.20 best_raw=88.42@48 best_ema=76.36@26 lr=0.09918 time=7.5s
[ultrawidescaledtail10_e750_s48] ep 049/750 train_loss=1.1506 val_raw=88.64 val_ema=53.36 best_raw=88.64@49 best_ema=71.38@24 lr=0.09914 time=7.0s
[ultrawidescaledtail10_e750_s49] ep 048/750 train_loss=1.2056 val_raw=88.22 val_ema=64.12 best_raw=88.42@47 best_ema=80.44@27 lr=0.09918 time=7.4s
[ultrawidescaledtail10_e750_s46] ep 049/750 train_loss=1.1496 val_raw=88.26 val_ema=43.12 best_raw=88.26@49 best_ema=69.16@27 lr=0.09914 time=7.2s
[ultrawidescaledtail10_e750_s43] ep 048/750 train_loss=1.2031 val_raw=88.10 val_ema=46.82 best_raw=88.48@47 best_ema=73.52@25 lr=0.09918 time=7.3s
[ultrawidescaledtail10_e750_s44] ep 048/750 train_loss=1.1526 val_raw=87.22 val_ema=47.68 best_raw=89.12@47 best_ema=64.46@25 lr=0.09918 time=7.7s
[ultrawidescaledtail10_e750_s42] ep 048/750 train_loss=1.1850 val_raw=88.78 val_ema=67.96 best_raw=88.78@48 best_ema=75.36@27 lr=0.09918 time=7.3s
[ultrawidescaledtail10_e750_s45] ep 048/750 train_loss=1.2306 val_raw=87.66 val_ema=38.12 best_raw=88.40@47 best_ema=68.14@26 lr=0.09918 time=7.1s
[ultrawidescaledtail10_e750_s47] ep 049/750 train_loss=1.1691 val_raw=89.32 val_ema=50.70 best_raw=89.32@49 best_ema=76.36@26 lr=0.09914 time=7.2s
[ultrawidescaledtail10_e750_s48] ep 050/750 train_loss=1.1268 val_raw=88.22 val_ema=54.32 best_raw=88.64@49 best_ema=71.38@24 lr=0.09910 time=7.1s
[ultrawidescaledtail10_e750_s49] ep 049/750 train_loss=1.2221 val_raw=88.12 val_ema=62.04 best_raw=88.42@47 best_ema=80.44@27 lr=0.09914 time=7.4s
[ultrawidescaledtail10_e750_s46] ep 050/750 train_loss=1.1830 val_raw=87.78 val_ema=51.46 best_raw=88.26@49 best_ema=69.16@27 lr=0.09910 time=7.1s
[ultrawidescaledtail10_e750_s43] ep 049/750 train_loss=1.1590 val_raw=88.20 val_ema=53.92 best_raw=88.48@47 best_ema=73.52@25 lr=0.09914 time=7.3s
[ultrawidescaledtail10_e750_s44] ep 049/750 train_loss=1.1837 val_raw=88.56 val_ema=46.20 best_raw=89.12@47 best_ema=64.46@25 lr=0.09914 time=7.1s
[ultrawidescaledtail10_e750_s42] ep 049/750 train_loss=1.1427 val_raw=88.34 val_ema=71.80 best_raw=88.78@48 best_ema=75.36@27 lr=0.09914 time=7.5s
[ultrawidescaledtail10_e750_s45] ep 049/750 train_loss=1.0883 val_raw=87.72 val_ema=34.78 best_raw=88.40@47 best_ema=68.14@26 lr=0.09914 time=7.8s
[ultrawidescaledtail10_e750_s48] ep 051/750 train_loss=1.1999 val_raw=87.98 val_ema=51.38 best_raw=88.64@49 best_ema=71.38@24 lr=0.09906 time=7.2s
[ultrawidescaledtail10_e750_s47] ep 050/750 train_loss=1.1579 val_raw=88.82 val_ema=41.70 best_raw=89.32@49 best_ema=76.36@26 lr=0.09910 time=7.5s
[ultrawidescaledtail10_e750_s49] ep 050/750 train_loss=1.1717 val_raw=88.38 val_ema=63.48 best_raw=88.42@47 best_ema=80.44@27 lr=0.09910 time=7.6s
[ultrawidescaledtail10_e750_s46] ep 051/750 train_loss=1.2010 val_raw=87.60 val_ema=39.20 best_raw=88.26@49 best_ema=69.16@27 lr=0.09906 time=7.3s
[ultrawidescaledtail10_e750_s43] ep 050/750 train_loss=1.1587 val_raw=88.30 val_ema=57.52 best_raw=88.48@47 best_ema=73.52@25 lr=0.09910 time=7.3s
[ultrawidescaledtail10_e750_s44] ep 050/750 train_loss=1.2042 val_raw=88.90 val_ema=48.48 best_raw=89.12@47 best_ema=64.46@25 lr=0.09910 time=7.3s
[ultrawidescaledtail10_e750_s42] ep 050/750 train_loss=1.1941 val_raw=88.44 val_ema=68.70 best_raw=88.78@48 best_ema=75.36@27 lr=0.09910 time=7.5s
[ultrawidescaledtail10_e750_s45] ep 050/750 train_loss=1.1586 val_raw=87.86 val_ema=35.86 best_raw=88.40@47 best_ema=68.14@26 lr=0.09910 time=7.3s
[ultrawidescaledtail10_e750_s48] ep 052/750 train_loss=1.1319 val_raw=88.36 val_ema=50.32 best_raw=88.64@49 best_ema=71.38@24 lr=0.09902 time=7.1s
[ultrawidescaledtail10_e750_s47] ep 051/750 train_loss=1.1623 val_raw=88.68 val_ema=52.80 best_raw=89.32@49 best_ema=76.36@26 lr=0.09906 time=7.9s
[ultrawidescaledtail10_e750_s46] ep 052/750 train_loss=1.1557 val_raw=88.40 val_ema=46.88 best_raw=88.40@52 best_ema=69.16@27 lr=0.09902 time=7.2s
[ultrawidescaledtail10_e750_s49] ep 051/750 train_loss=1.1790 val_raw=87.88 val_ema=62.92 best_raw=88.42@47 best_ema=80.44@27 lr=0.09906 time=7.5s
[ultrawidescaledtail10_e750_s43] ep 051/750 train_loss=1.2215 val_raw=88.42 val_ema=56.98 best_raw=88.48@47 best_ema=73.52@25 lr=0.09906 time=7.2s
[ultrawidescaledtail10_e750_s44] ep 051/750 train_loss=1.1555 val_raw=88.38 val_ema=44.02 best_raw=89.12@47 best_ema=64.46@25 lr=0.09906 time=7.4s
[ultrawidescaledtail10_e750_s42] ep 051/750 train_loss=1.1753 val_raw=88.00 val_ema=63.54 best_raw=88.78@48 best_ema=75.36@27 lr=0.09906 time=7.5s
[ultrawidescaledtail10_e750_s45] ep 051/750 train_loss=1.1516 val_raw=86.32 val_ema=38.82 best_raw=88.40@47 best_ema=68.14@26 lr=0.09906 time=7.5s
[ultrawidescaledtail10_e750_s48] ep 053/750 train_loss=1.1866 val_raw=88.00 val_ema=55.40 best_raw=88.64@49 best_ema=71.38@24 lr=0.09898 time=7.5s
[ultrawidescaledtail10_e750_s47] ep 052/750 train_loss=1.1701 val_raw=87.64 val_ema=47.38 best_raw=89.32@49 best_ema=76.36@26 lr=0.09902 time=7.4s
[ultrawidescaledtail10_e750_s46] ep 053/750 train_loss=1.1792 val_raw=87.50 val_ema=55.10 best_raw=88.40@52 best_ema=69.16@27 lr=0.09898 time=7.6s
[ultrawidescaledtail10_e750_s44] ep 052/750 train_loss=1.1795 val_raw=89.14 val_ema=46.00 best_raw=89.14@52 best_ema=64.46@25 lr=0.09902 time=7.2s
[ultrawidescaledtail10_e750_s43] ep 052/750 train_loss=1.1332 val_raw=88.34 val_ema=53.28 best_raw=88.48@47 best_ema=73.52@25 lr=0.09902 time=7.6s
[ultrawidescaledtail10_e750_s49] ep 052/750 train_loss=1.1501 val_raw=88.20 val_ema=65.56 best_raw=88.42@47 best_ema=80.44@27 lr=0.09902 time=7.8s
[ultrawidescaledtail10_e750_s42] ep 052/750 train_loss=1.1361 val_raw=88.94 val_ema=67.44 best_raw=88.94@52 best_ema=75.36@27 lr=0.09902 time=7.1s
[ultrawidescaledtail10_e750_s45] ep 052/750 train_loss=1.1067 val_raw=87.98 val_ema=27.86 best_raw=88.40@47 best_ema=68.14@26 lr=0.09902 time=7.0s
[ultrawidescaledtail10_e750_s48] ep 054/750 train_loss=1.0857 val_raw=88.92 val_ema=51.88 best_raw=88.92@54 best_ema=71.38@24 lr=0.09894 time=7.6s
[ultrawidescaledtail10_e750_s47] ep 053/750 train_loss=1.1531 val_raw=88.14 val_ema=54.60 best_raw=89.32@49 best_ema=76.36@26 lr=0.09898 time=7.2s
[ultrawidescaledtail10_e750_s46] ep 054/750 train_loss=1.1958 val_raw=88.26 val_ema=55.82 best_raw=88.40@52 best_ema=69.16@27 lr=0.09894 time=7.0s
[ultrawidescaledtail10_e750_s43] ep 053/750 train_loss=1.1297 val_raw=87.90 val_ema=57.78 best_raw=88.48@47 best_ema=73.52@25 lr=0.09898 time=7.0s
[ultrawidescaledtail10_e750_s44] ep 053/750 train_loss=1.1396 val_raw=89.32 val_ema=46.88 best_raw=89.32@53 best_ema=64.46@25 lr=0.09898 time=7.6s
[ultrawidescaledtail10_e750_s49] ep 053/750 train_loss=1.1571 val_raw=88.62 val_ema=69.26 best_raw=88.62@53 best_ema=80.44@27 lr=0.09898 time=7.6s
[ultrawidescaledtail10_e750_s42] ep 053/750 train_loss=1.1841 val_raw=87.86 val_ema=68.36 best_raw=88.94@52 best_ema=75.36@27 lr=0.09898 time=7.1s
[ultrawidescaledtail10_e750_s45] ep 053/750 train_loss=1.1650 val_raw=88.08 val_ema=26.70 best_raw=88.40@47 best_ema=68.14@26 lr=0.09898 time=7.1s
[ultrawidescaledtail10_e750_s48] ep 055/750 train_loss=1.1602 val_raw=88.70 val_ema=52.94 best_raw=88.92@54 best_ema=71.38@24 lr=0.09889 time=7.1s
[ultrawidescaledtail10_e750_s47] ep 054/750 train_loss=1.1558 val_raw=87.86 val_ema=61.70 best_raw=89.32@49 best_ema=76.36@26 lr=0.09894 time=7.4s
[ultrawidescaledtail10_e750_s43] ep 054/750 train_loss=1.1972 val_raw=88.86 val_ema=62.94 best_raw=88.86@54 best_ema=73.52@25 lr=0.09894 time=7.4s
[ultrawidescaledtail10_e750_s46] ep 055/750 train_loss=1.1251 val_raw=87.90 val_ema=48.76 best_raw=88.40@52 best_ema=69.16@27 lr=0.09889 time=7.8s
[ultrawidescaledtail10_e750_s44] ep 054/750 train_loss=1.1293 val_raw=89.42 val_ema=55.84 best_raw=89.42@54 best_ema=64.46@25 lr=0.09894 time=7.2s
[ultrawidescaledtail10_e750_s42] ep 054/750 train_loss=1.1656 val_raw=89.08 val_ema=66.02 best_raw=89.08@54 best_ema=75.36@27 lr=0.09894 time=7.3s
[ultrawidescaledtail10_e750_s49] ep 054/750 train_loss=1.1373 val_raw=88.66 val_ema=67.02 best_raw=88.66@54 best_ema=80.44@27 lr=0.09894 time=7.6s
[ultrawidescaledtail10_e750_s45] ep 054/750 train_loss=1.2311 val_raw=88.58 val_ema=33.60 best_raw=88.58@54 best_ema=68.14@26 lr=0.09894 time=7.3s
[ultrawidescaledtail10_e750_s48] ep 056/750 train_loss=1.0840 val_raw=88.80 val_ema=54.06 best_raw=88.92@54 best_ema=71.38@24 lr=0.09885 time=7.1s
[ultrawidescaledtail10_e750_s47] ep 055/750 train_loss=1.1240 val_raw=88.68 val_ema=58.10 best_raw=89.32@49 best_ema=76.36@26 lr=0.09889 time=7.9s
[ultrawidescaledtail10_e750_s44] ep 055/750 train_loss=1.1655 val_raw=88.74 val_ema=49.40 best_raw=89.42@54 best_ema=64.46@25 lr=0.09889 time=7.1s
[ultrawidescaledtail10_e750_s43] ep 055/750 train_loss=1.1064 val_raw=89.10 val_ema=57.36 best_raw=89.10@55 best_ema=73.52@25 lr=0.09889 time=7.4s
[ultrawidescaledtail10_e750_s46] ep 056/750 train_loss=1.1089 val_raw=88.08 val_ema=49.46 best_raw=88.40@52 best_ema=69.16@27 lr=0.09885 time=7.5s
[ultrawidescaledtail10_e750_s42] ep 055/750 train_loss=1.1918 val_raw=88.84 val_ema=70.76 best_raw=89.08@54 best_ema=75.36@27 lr=0.09889 time=7.2s
[ultrawidescaledtail10_e750_s49] ep 055/750 train_loss=1.2050 val_raw=88.98 val_ema=60.92 best_raw=88.98@55 best_ema=80.44@27 lr=0.09889 time=7.3s
[ultrawidescaledtail10_e750_s45] ep 055/750 train_loss=1.1827 val_raw=88.26 val_ema=36.94 best_raw=88.58@54 best_ema=68.14@26 lr=0.09889 time=7.1s
[ultrawidescaledtail10_e750_s48] ep 057/750 train_loss=1.1808 val_raw=88.88 val_ema=55.22 best_raw=88.92@54 best_ema=71.38@24 lr=0.09880 time=7.1s
[ultrawidescaledtail10_e750_s47] ep 056/750 train_loss=1.1504 val_raw=88.02 val_ema=60.62 best_raw=89.32@49 best_ema=76.36@26 lr=0.09885 time=7.1s
[ultrawidescaledtail10_e750_s46] ep 057/750 train_loss=1.1369 val_raw=87.84 val_ema=54.26 best_raw=88.40@52 best_ema=69.16@27 lr=0.09880 time=7.0s
[ultrawidescaledtail10_e750_s44] ep 056/750 train_loss=1.1387 val_raw=88.90 val_ema=51.84 best_raw=89.42@54 best_ema=64.46@25 lr=0.09885 time=7.5s
[ultrawidescaledtail10_e750_s43] ep 056/750 train_loss=1.1047 val_raw=88.26 val_ema=59.66 best_raw=89.10@55 best_ema=73.52@25 lr=0.09885 time=7.5s
[ultrawidescaledtail10_e750_s49] ep 056/750 train_loss=1.1467 val_raw=88.08 val_ema=63.94 best_raw=88.98@55 best_ema=80.44@27 lr=0.09885 time=7.0s
[ultrawidescaledtail10_e750_s42] ep 056/750 train_loss=1.1471 val_raw=89.22 val_ema=68.26 best_raw=89.22@56 best_ema=75.36@27 lr=0.09885 time=7.5s
[ultrawidescaledtail10_e750_s45] ep 056/750 train_loss=1.1559 val_raw=88.16 val_ema=46.08 best_raw=88.58@54 best_ema=68.14@26 lr=0.09885 time=7.7s
[ultrawidescaledtail10_e750_s48] ep 058/750 train_loss=1.1454 val_raw=88.48 val_ema=59.56 best_raw=88.92@54 best_ema=71.38@24 lr=0.09876 time=7.1s
[ultrawidescaledtail10_e750_s47] ep 057/750 train_loss=1.1430 val_raw=88.94 val_ema=60.58 best_raw=89.32@49 best_ema=76.36@26 lr=0.09880 time=7.6s
[ultrawidescaledtail10_e750_s46] ep 058/750 train_loss=1.1589 val_raw=88.02 val_ema=55.50 best_raw=88.40@52 best_ema=69.16@27 lr=0.09876 time=7.0s
[ultrawidescaledtail10_e750_s43] ep 057/750 train_loss=1.1716 val_raw=89.36 val_ema=59.28 best_raw=89.36@57 best_ema=73.52@25 lr=0.09880 time=7.1s
[ultrawidescaledtail10_e750_s44] ep 057/750 train_loss=1.1636 val_raw=88.62 val_ema=51.56 best_raw=89.42@54 best_ema=64.46@25 lr=0.09880 time=7.6s
[ultrawidescaledtail10_e750_s49] ep 057/750 train_loss=1.1330 val_raw=89.10 val_ema=63.88 best_raw=89.10@57 best_ema=80.44@27 lr=0.09880 time=7.4s
[ultrawidescaledtail10_e750_s42] ep 057/750 train_loss=1.1811 val_raw=88.74 val_ema=66.84 best_raw=89.22@56 best_ema=75.36@27 lr=0.09880 time=7.3s
[ultrawidescaledtail10_e750_s45] ep 057/750 train_loss=1.1559 val_raw=88.54 val_ema=41.86 best_raw=88.58@54 best_ema=68.14@26 lr=0.09880 time=7.0s
[ultrawidescaledtail10_e750_s48] ep 059/750 train_loss=1.1221 val_raw=88.16 val_ema=57.78 best_raw=88.92@54 best_ema=71.38@24 lr=0.09871 time=7.1s
[ultrawidescaledtail10_e750_s47] ep 058/750 train_loss=1.1294 val_raw=89.34 val_ema=67.18 best_raw=89.34@58 best_ema=76.36@26 lr=0.09876 time=7.0s
[ultrawidescaledtail10_e750_s46] ep 059/750 train_loss=1.1289 val_raw=87.92 val_ema=51.22 best_raw=88.40@52 best_ema=69.16@27 lr=0.09871 time=7.0s
[ultrawidescaledtail10_e750_s43] ep 058/750 train_loss=1.1573 val_raw=89.22 val_ema=56.16 best_raw=89.36@57 best_ema=73.52@25 lr=0.09876 time=7.2s
[ultrawidescaledtail10_e750_s44] ep 058/750 train_loss=1.1411 val_raw=89.58 val_ema=47.20 best_raw=89.58@58 best_ema=64.46@25 lr=0.09876 time=7.3s
[ultrawidescaledtail10_e750_s45] ep 058/750 train_loss=1.2121 val_raw=87.78 val_ema=45.62 best_raw=88.58@54 best_ema=68.14@26 lr=0.09876 time=7.0s
[ultrawidescaledtail10_e750_s49] ep 058/750 train_loss=1.1100 val_raw=88.96 val_ema=62.98 best_raw=89.10@57 best_ema=80.44@27 lr=0.09876 time=7.5s
[ultrawidescaledtail10_e750_s42] ep 058/750 train_loss=1.2106 val_raw=88.98 val_ema=68.04 best_raw=89.22@56 best_ema=75.36@27 lr=0.09876 time=7.5s
[ultrawidescaledtail10_e750_s48] ep 060/750 train_loss=1.1929 val_raw=88.96 val_ema=59.40 best_raw=88.96@60 best_ema=71.38@24 lr=0.09866 time=7.4s
[ultrawidescaledtail10_e750_s47] ep 059/750 train_loss=1.2460 val_raw=88.42 val_ema=58.56 best_raw=89.34@58 best_ema=76.36@26 lr=0.09871 time=7.6s
[ultrawidescaledtail10_e750_s46] ep 060/750 train_loss=1.2038 val_raw=88.64 val_ema=47.20 best_raw=88.64@60 best_ema=69.16@27 lr=0.09866 time=7.5s
[ultrawidescaledtail10_e750_s43] ep 059/750 train_loss=1.1863 val_raw=87.72 val_ema=60.70 best_raw=89.36@57 best_ema=73.52@25 lr=0.09871 time=7.6s
[ultrawidescaledtail10_e750_s45] ep 059/750 train_loss=1.1593 val_raw=88.32 val_ema=37.80 best_raw=88.58@54 best_ema=68.14@26 lr=0.09871 time=7.0s
[ultrawidescaledtail10_e750_s44] ep 059/750 train_loss=1.1571 val_raw=89.82 val_ema=47.42 best_raw=89.82@59 best_ema=64.46@25 lr=0.09871 time=7.2s
[ultrawidescaledtail10_e750_s49] ep 059/750 train_loss=1.1659 val_raw=89.46 val_ema=61.72 best_raw=89.46@59 best_ema=80.44@27 lr=0.09871 time=7.7s
[ultrawidescaledtail10_e750_s42] ep 059/750 train_loss=1.1659 val_raw=88.16 val_ema=66.46 best_raw=89.22@56 best_ema=75.36@27 lr=0.09871 time=7.6s
[ultrawidescaledtail10_e750_s48] ep 061/750 train_loss=1.1327 val_raw=88.26 val_ema=60.20 best_raw=88.96@60 best_ema=71.38@24 lr=0.09861 time=7.2s
[ultrawidescaledtail10_e750_s47] ep 060/750 train_loss=1.1551 val_raw=89.70 val_ema=60.52 best_raw=89.70@60 best_ema=76.36@26 lr=0.09866 time=7.3s
[ultrawidescaledtail10_e750_s46] ep 061/750 train_loss=1.1414 val_raw=88.70 val_ema=53.90 best_raw=88.70@61 best_ema=69.16@27 lr=0.09861 time=7.5s
[ultrawidescaledtail10_e750_s43] ep 060/750 train_loss=1.1389 val_raw=88.68 val_ema=62.94 best_raw=89.36@57 best_ema=73.52@25 lr=0.09866 time=7.2s
[ultrawidescaledtail10_e750_s45] ep 060/750 train_loss=1.1727 val_raw=88.56 val_ema=38.30 best_raw=88.58@54 best_ema=68.14@26 lr=0.09866 time=7.3s
[ultrawidescaledtail10_e750_s44] ep 060/750 train_loss=1.1102 val_raw=89.64 val_ema=49.98 best_raw=89.82@59 best_ema=64.46@25 lr=0.09866 time=8.0s
[ultrawidescaledtail10_e750_s42] ep 060/750 train_loss=1.1138 val_raw=88.74 val_ema=66.54 best_raw=89.22@56 best_ema=75.36@27 lr=0.09866 time=7.4s
[ultrawidescaledtail10_e750_s49] ep 060/750 train_loss=1.2020 val_raw=88.10 val_ema=61.66 best_raw=89.46@59 best_ema=80.44@27 lr=0.09866 time=7.5s
[ultrawidescaledtail10_e750_s48] ep 062/750 train_loss=1.0865 val_raw=89.14 val_ema=58.40 best_raw=89.14@62 best_ema=71.38@24 lr=0.09856 time=7.7s
[ultrawidescaledtail10_e750_s47] ep 061/750 train_loss=1.1138 val_raw=89.08 val_ema=61.04 best_raw=89.70@60 best_ema=76.36@26 lr=0.09861 time=7.3s
[ultrawidescaledtail10_e750_s43] ep 061/750 train_loss=1.1397 val_raw=89.08 val_ema=61.14 best_raw=89.36@57 best_ema=73.52@25 lr=0.09861 time=7.2s
[ultrawidescaledtail10_e750_s45] ep 061/750 train_loss=1.1275 val_raw=88.88 val_ema=29.36 best_raw=88.88@61 best_ema=68.14@26 lr=0.09861 time=7.0s
[ultrawidescaledtail10_e750_s46] ep 062/750 train_loss=1.1336 val_raw=88.78 val_ema=54.40 best_raw=88.78@62 best_ema=69.16@27 lr=0.09856 time=7.7s
[ultrawidescaledtail10_e750_s44] ep 061/750 train_loss=1.1096 val_raw=89.80 val_ema=50.32 best_raw=89.82@59 best_ema=64.46@25 lr=0.09861 time=7.1s
[ultrawidescaledtail10_e750_s49] ep 061/750 train_loss=1.0774 val_raw=89.48 val_ema=67.20 best_raw=89.48@61 best_ema=80.44@27 lr=0.09861 time=7.2s
[ultrawidescaledtail10_e750_s42] ep 061/750 train_loss=1.1338 val_raw=88.90 val_ema=69.32 best_raw=89.22@56 best_ema=75.36@27 lr=0.09861 time=7.4s
[ultrawidescaledtail10_e750_s48] ep 063/750 train_loss=1.0979 val_raw=89.22 val_ema=62.74 best_raw=89.22@63 best_ema=71.38@24 lr=0.09851 time=7.2s
[ultrawidescaledtail10_e750_s47] ep 062/750 train_loss=1.1438 val_raw=88.90 val_ema=66.20 best_raw=89.70@60 best_ema=76.36@26 lr=0.09856 time=7.1s
[ultrawidescaledtail10_e750_s45] ep 062/750 train_loss=1.0962 val_raw=88.60 val_ema=31.38 best_raw=88.88@61 best_ema=68.14@26 lr=0.09856 time=7.1s
[ultrawidescaledtail10_e750_s43] ep 062/750 train_loss=1.1319 val_raw=89.64 val_ema=60.72 best_raw=89.64@62 best_ema=73.52@25 lr=0.09856 time=7.4s
[ultrawidescaledtail10_e750_s46] ep 063/750 train_loss=1.1090 val_raw=89.26 val_ema=55.50 best_raw=89.26@63 best_ema=69.16@27 lr=0.09851 time=7.4s
[ultrawidescaledtail10_e750_s44] ep 062/750 train_loss=1.1241 val_raw=89.56 val_ema=55.38 best_raw=89.82@59 best_ema=64.46@25 lr=0.09856 time=7.2s
[ultrawidescaledtail10_e750_s42] ep 062/750 train_loss=1.1187 val_raw=88.82 val_ema=65.06 best_raw=89.22@56 best_ema=75.36@27 lr=0.09856 time=7.2s
[ultrawidescaledtail10_e750_s49] ep 062/750 train_loss=1.0815 val_raw=89.30 val_ema=61.40 best_raw=89.48@61 best_ema=80.44@27 lr=0.09856 time=7.5s
[ultrawidescaledtail10_e750_s48] ep 064/750 train_loss=1.1829 val_raw=89.66 val_ema=63.32 best_raw=89.66@64 best_ema=71.38@24 lr=0.09846 time=7.1s
[ultrawidescaledtail10_e750_s47] ep 063/750 train_loss=1.1615 val_raw=89.08 val_ema=69.58 best_raw=89.70@60 best_ema=76.36@26 lr=0.09851 time=7.7s
[ultrawidescaledtail10_e750_s43] ep 063/750 train_loss=1.0900 val_raw=88.68 val_ema=63.92 best_raw=89.64@62 best_ema=73.52@25 lr=0.09851 time=7.1s
[ultrawidescaledtail10_e750_s46] ep 064/750 train_loss=1.0940 val_raw=88.86 val_ema=58.96 best_raw=89.26@63 best_ema=69.16@27 lr=0.09846 time=7.4s
[ultrawidescaledtail10_e750_s45] ep 063/750 train_loss=1.1735 val_raw=89.42 val_ema=28.52 best_raw=89.42@63 best_ema=68.14@26 lr=0.09851 time=7.9s
[ultrawidescaledtail10_e750_s44] ep 063/750 train_loss=1.1533 val_raw=89.44 val_ema=53.92 best_raw=89.82@59 best_ema=64.46@25 lr=0.09851 time=7.5s
[ultrawidescaledtail10_e750_s49] ep 063/750 train_loss=1.1119 val_raw=89.54 val_ema=63.34 best_raw=89.54@63 best_ema=80.44@27 lr=0.09851 time=7.5s
[ultrawidescaledtail10_e750_s42] ep 063/750 train_loss=1.0673 val_raw=89.68 val_ema=71.58 best_raw=89.68@63 best_ema=75.36@27 lr=0.09851 time=7.7s
[ultrawidescaledtail10_e750_s48] ep 065/750 train_loss=1.1026 val_raw=89.26 val_ema=61.52 best_raw=89.66@64 best_ema=71.38@24 lr=0.09841 time=7.3s
[ultrawidescaledtail10_e750_s47] ep 064/750 train_loss=1.0815 val_raw=88.68 val_ema=66.18 best_raw=89.70@60 best_ema=76.36@26 lr=0.09846 time=7.8s
[ultrawidescaledtail10_e750_s43] ep 064/750 train_loss=1.1599 val_raw=88.84 val_ema=64.50 best_raw=89.64@62 best_ema=73.52@25 lr=0.09846 time=7.2s
[ultrawidescaledtail10_e750_s45] ep 064/750 train_loss=1.1752 val_raw=88.86 val_ema=33.48 best_raw=89.42@63 best_ema=68.14@26 lr=0.09846 time=7.0s
[ultrawidescaledtail10_e750_s46] ep 065/750 train_loss=1.1326 val_raw=88.60 val_ema=57.98 best_raw=89.26@63 best_ema=69.16@27 lr=0.09841 time=7.1s
[ultrawidescaledtail10_e750_s44] ep 064/750 train_loss=1.1700 val_raw=88.86 val_ema=59.46 best_raw=89.82@59 best_ema=64.46@25 lr=0.09846 time=7.8s
[ultrawidescaledtail10_e750_s49] ep 064/750 train_loss=1.1626 val_raw=88.20 val_ema=65.98 best_raw=89.54@63 best_ema=80.44@27 lr=0.09846 time=7.2s
[ultrawidescaledtail10_e750_s42] ep 064/750 train_loss=1.1478 val_raw=88.20 val_ema=67.82 best_raw=89.68@63 best_ema=75.36@27 lr=0.09846 time=7.5s
[ultrawidescaledtail10_e750_s48] ep 066/750 train_loss=1.1605 val_raw=89.14 val_ema=58.76 best_raw=89.66@64 best_ema=71.38@24 lr=0.09835 time=7.0s
[ultrawidescaledtail10_e750_s47] ep 065/750 train_loss=1.1063 val_raw=89.62 val_ema=67.42 best_raw=89.70@60 best_ema=76.36@26 lr=0.09841 time=7.2s
[ultrawidescaledtail10_e750_s43] ep 065/750 train_loss=1.1486 val_raw=88.70 val_ema=65.78 best_raw=89.64@62 best_ema=73.52@25 lr=0.09841 time=7.1s
[ultrawidescaledtail10_e750_s45] ep 065/750 train_loss=1.0698 val_raw=89.68 val_ema=34.74 best_raw=89.68@65 best_ema=68.14@26 lr=0.09841 time=7.0s
[ultrawidescaledtail10_e750_s46] ep 066/750 train_loss=1.1096 val_raw=89.04 val_ema=61.88 best_raw=89.26@63 best_ema=69.16@27 lr=0.09835 time=7.0s
[ultrawidescaledtail10_e750_s44] ep 065/750 train_loss=1.0984 val_raw=88.98 val_ema=51.98 best_raw=89.82@59 best_ema=64.46@25 lr=0.09841 time=7.3s
[ultrawidescaledtail10_e750_s49] ep 065/750 train_loss=1.1633 val_raw=89.82 val_ema=63.62 best_raw=89.82@65 best_ema=80.44@27 lr=0.09841 time=7.5s
[ultrawidescaledtail10_e750_s42] ep 065/750 train_loss=1.1216 val_raw=88.90 val_ema=67.10 best_raw=89.68@63 best_ema=75.36@27 lr=0.09841 time=7.8s
[ultrawidescaledtail10_e750_s48] ep 067/750 train_loss=1.1039 val_raw=89.02 val_ema=60.50 best_raw=89.66@64 best_ema=71.38@24 lr=0.09830 time=7.1s
[ultrawidescaledtail10_e750_s47] ep 066/750 train_loss=1.1077 val_raw=89.84 val_ema=71.38 best_raw=89.84@66 best_ema=76.36@26 lr=0.09835 time=7.5s
[ultrawidescaledtail10_e750_s46] ep 067/750 train_loss=1.0841 val_raw=89.24 val_ema=55.76 best_raw=89.26@63 best_ema=69.16@27 lr=0.09830 time=7.1s
[ultrawidescaledtail10_e750_s45] ep 066/750 train_loss=1.1209 val_raw=89.06 val_ema=43.72 best_raw=89.68@65 best_ema=68.14@26 lr=0.09835 time=7.3s
[ultrawidescaledtail10_e750_s43] ep 066/750 train_loss=1.2105 val_raw=88.60 val_ema=63.74 best_raw=89.64@62 best_ema=73.52@25 lr=0.09835 time=7.6s
[ultrawidescaledtail10_e750_s44] ep 066/750 train_loss=1.1635 val_raw=89.62 val_ema=51.18 best_raw=89.82@59 best_ema=64.46@25 lr=0.09835 time=7.2s
[ultrawidescaledtail10_e750_s49] ep 066/750 train_loss=1.1017 val_raw=89.30 val_ema=62.04 best_raw=89.82@65 best_ema=80.44@27 lr=0.09835 time=7.4s
[ultrawidescaledtail10_e750_s42] ep 066/750 train_loss=1.0856 val_raw=89.44 val_ema=68.14 best_raw=89.68@63 best_ema=75.36@27 lr=0.09835 time=7.2s
[ultrawidescaledtail10_e750_s48] ep 068/750 train_loss=1.2276 val_raw=89.48 val_ema=55.90 best_raw=89.66@64 best_ema=71.38@24 lr=0.09825 time=7.3s
[ultrawidescaledtail10_e750_s47] ep 067/750 train_loss=1.1697 val_raw=89.14 val_ema=67.98 best_raw=89.84@66 best_ema=76.36@26 lr=0.09830 time=7.1s
[ultrawidescaledtail10_e750_s46] ep 068/750 train_loss=1.1065 val_raw=88.84 val_ema=59.82 best_raw=89.26@63 best_ema=69.16@27 lr=0.09825 time=7.1s
[ultrawidescaledtail10_e750_s45] ep 067/750 train_loss=1.1834 val_raw=89.34 val_ema=32.72 best_raw=89.68@65 best_ema=68.14@26 lr=0.09830 time=7.1s
[ultrawidescaledtail10_e750_s43] ep 067/750 train_loss=1.2142 val_raw=88.52 val_ema=63.14 best_raw=89.64@62 best_ema=73.52@25 lr=0.09830 time=7.9s
[ultrawidescaledtail10_e750_s44] ep 067/750 train_loss=1.1242 val_raw=89.26 val_ema=53.52 best_raw=89.82@59 best_ema=64.46@25 lr=0.09830 time=7.1s
[ultrawidescaledtail10_e750_s49] ep 067/750 train_loss=1.1677 val_raw=89.52 val_ema=63.52 best_raw=89.82@65 best_ema=80.44@27 lr=0.09830 time=7.6s
[ultrawidescaledtail10_e750_s48] ep 069/750 train_loss=1.2130 val_raw=89.18 val_ema=61.30 best_raw=89.66@64 best_ema=71.38@24 lr=0.09819 time=7.1s
[ultrawidescaledtail10_e750_s42] ep 067/750 train_loss=1.1208 val_raw=89.82 val_ema=71.52 best_raw=89.82@67 best_ema=75.36@27 lr=0.09830 time=7.5s
[ultrawidescaledtail10_e750_s47] ep 068/750 train_loss=1.1444 val_raw=89.86 val_ema=67.90 best_raw=89.86@68 best_ema=76.36@26 lr=0.09825 time=7.4s
[ultrawidescaledtail10_e750_s46] ep 069/750 train_loss=1.0629 val_raw=90.10 val_ema=56.60 best_raw=90.10@69 best_ema=69.16@27 lr=0.09819 time=7.0s
[ultrawidescaledtail10_e750_s45] ep 068/750 train_loss=1.1912 val_raw=88.48 val_ema=25.86 best_raw=89.68@65 best_ema=68.14@26 lr=0.09825 time=7.6s
[ultrawidescaledtail10_e750_s43] ep 068/750 train_loss=1.0834 val_raw=89.74 val_ema=64.86 best_raw=89.74@68 best_ema=73.52@25 lr=0.09825 time=7.3s
[ultrawidescaledtail10_e750_s44] ep 068/750 train_loss=1.1038 val_raw=89.44 val_ema=52.80 best_raw=89.82@59 best_ema=64.46@25 lr=0.09825 time=7.4s
[ultrawidescaledtail10_e750_s48] ep 070/750 train_loss=1.1062 val_raw=88.62 val_ema=62.42 best_raw=89.66@64 best_ema=71.38@24 lr=0.09813 time=7.1s
[ultrawidescaledtail10_e750_s49] ep 068/750 train_loss=1.1552 val_raw=89.40 val_ema=61.86 best_raw=89.82@65 best_ema=80.44@27 lr=0.09825 time=7.5s
[ultrawidescaledtail10_e750_s42] ep 068/750 train_loss=1.0930 val_raw=89.24 val_ema=72.64 best_raw=89.82@67 best_ema=75.36@27 lr=0.09825 time=7.6s
[ultrawidescaledtail10_e750_s47] ep 069/750 train_loss=1.1789 val_raw=89.48 val_ema=69.84 best_raw=89.86@68 best_ema=76.36@26 lr=0.09819 time=7.4s
[ultrawidescaledtail10_e750_s46] ep 070/750 train_loss=1.1949 val_raw=90.86 val_ema=55.32 best_raw=90.86@70 best_ema=69.16@27 lr=0.09813 time=7.2s
[ultrawidescaledtail10_e750_s45] ep 069/750 train_loss=1.0899 val_raw=89.54 val_ema=32.44 best_raw=89.68@65 best_ema=68.14@26 lr=0.09819 time=7.2s
[ultrawidescaledtail10_e750_s43] ep 069/750 train_loss=1.1426 val_raw=89.58 val_ema=62.84 best_raw=89.74@68 best_ema=73.52@25 lr=0.09819 time=7.7s
[ultrawidescaledtail10_e750_s44] ep 069/750 train_loss=1.0657 val_raw=89.88 val_ema=52.76 best_raw=89.88@69 best_ema=64.46@25 lr=0.09819 time=7.4s
[ultrawidescaledtail10_e750_s48] ep 071/750 train_loss=1.1418 val_raw=88.90 val_ema=56.84 best_raw=89.66@64 best_ema=71.38@24 lr=0.09808 time=7.2s
[ultrawidescaledtail10_e750_s49] ep 069/750 train_loss=1.0805 val_raw=88.88 val_ema=65.38 best_raw=89.82@65 best_ema=80.44@27 lr=0.09819 time=7.4s
[ultrawidescaledtail10_e750_s42] ep 069/750 train_loss=1.1044 val_raw=88.46 val_ema=68.90 best_raw=89.82@67 best_ema=75.36@27 lr=0.09819 time=7.7s
[ultrawidescaledtail10_e750_s47] ep 070/750 train_loss=1.1488 val_raw=89.12 val_ema=69.86 best_raw=89.86@68 best_ema=76.36@26 lr=0.09813 time=7.2s
[ultrawidescaledtail10_e750_s46] ep 071/750 train_loss=1.1061 val_raw=89.88 val_ema=57.94 best_raw=90.86@70 best_ema=69.16@27 lr=0.09808 time=7.1s
[ultrawidescaledtail10_e750_s45] ep 070/750 train_loss=1.1274 val_raw=89.58 val_ema=28.72 best_raw=89.68@65 best_ema=68.14@26 lr=0.09813 time=7.3s
[ultrawidescaledtail10_e750_s43] ep 070/750 train_loss=1.1485 val_raw=88.98 val_ema=62.96 best_raw=89.74@68 best_ema=73.52@25 lr=0.09813 time=7.5s
[ultrawidescaledtail10_e750_s44] ep 070/750 train_loss=1.0643 val_raw=86.90 val_ema=55.48 best_raw=89.88@69 best_ema=64.46@25 lr=0.09813 time=7.2s
[ultrawidescaledtail10_e750_s48] ep 072/750 train_loss=1.1286 val_raw=89.98 val_ema=52.02 best_raw=89.98@72 best_ema=71.38@24 lr=0.09802 time=7.3s
[ultrawidescaledtail10_e750_s49] ep 070/750 train_loss=1.1525 val_raw=89.60 val_ema=69.78 best_raw=89.82@65 best_ema=80.44@27 lr=0.09813 time=7.1s
[ultrawidescaledtail10_e750_s42] ep 070/750 train_loss=1.2427 val_raw=88.74 val_ema=68.22 best_raw=89.82@67 best_ema=75.36@27 lr=0.09813 time=7.6s
[ultrawidescaledtail10_e750_s47] ep 071/750 train_loss=1.0927 val_raw=89.96 val_ema=70.20 best_raw=89.96@71 best_ema=76.36@26 lr=0.09808 time=7.2s
[ultrawidescaledtail10_e750_s46] ep 072/750 train_loss=1.1190 val_raw=89.68 val_ema=53.90 best_raw=90.86@70 best_ema=69.16@27 lr=0.09802 time=7.1s
[ultrawidescaledtail10_e750_s45] ep 071/750 train_loss=1.1056 val_raw=89.42 val_ema=34.82 best_raw=89.68@65 best_ema=68.14@26 lr=0.09808 time=7.7s
[ultrawidescaledtail10_e750_s43] ep 071/750 train_loss=1.1847 val_raw=89.04 val_ema=65.04 best_raw=89.74@68 best_ema=73.52@25 lr=0.09808 time=7.3s
[ultrawidescaledtail10_e750_s44] ep 071/750 train_loss=1.1441 val_raw=89.46 val_ema=56.42 best_raw=89.88@69 best_ema=64.46@25 lr=0.09808 time=7.5s
[ultrawidescaledtail10_e750_s48] ep 073/750 train_loss=1.1265 val_raw=89.80 val_ema=58.54 best_raw=89.98@72 best_ema=71.38@24 lr=0.09796 time=7.2s
[ultrawidescaledtail10_e750_s49] ep 071/750 train_loss=1.1625 val_raw=89.74 val_ema=69.28 best_raw=89.82@65 best_ema=80.44@27 lr=0.09808 time=7.4s
[ultrawidescaledtail10_e750_s42] ep 071/750 train_loss=1.1579 val_raw=89.02 val_ema=71.98 best_raw=89.82@67 best_ema=75.36@27 lr=0.09808 time=7.6s
[ultrawidescaledtail10_e750_s47] ep 072/750 train_loss=1.1095 val_raw=90.36 val_ema=67.58 best_raw=90.36@72 best_ema=76.36@26 lr=0.09802 time=7.1s
[ultrawidescaledtail10_e750_s46] ep 073/750 train_loss=1.1265 val_raw=88.70 val_ema=53.68 best_raw=90.86@70 best_ema=69.16@27 lr=0.09796 time=7.0s
[ultrawidescaledtail10_e750_s45] ep 072/750 train_loss=1.1130 val_raw=88.72 val_ema=32.60 best_raw=89.68@65 best_ema=68.14@26 lr=0.09802 time=7.5s
[ultrawidescaledtail10_e750_s43] ep 072/750 train_loss=1.1005 val_raw=89.10 val_ema=60.58 best_raw=89.74@68 best_ema=73.52@25 lr=0.09802 time=7.2s
[ultrawidescaledtail10_e750_s44] ep 072/750 train_loss=1.0835 val_raw=90.24 val_ema=50.92 best_raw=90.24@72 best_ema=64.46@25 lr=0.09802 time=7.2s
[ultrawidescaledtail10_e750_s48] ep 074/750 train_loss=1.1314 val_raw=89.92 val_ema=56.64 best_raw=89.98@72 best_ema=71.38@24 lr=0.09790 time=7.4s
[ultrawidescaledtail10_e750_s49] ep 072/750 train_loss=1.1134 val_raw=89.60 val_ema=69.42 best_raw=89.82@65 best_ema=80.44@27 lr=0.09802 time=8.1s
[ultrawidescaledtail10_e750_s42] ep 072/750 train_loss=1.0719 val_raw=89.88 val_ema=68.74 best_raw=89.88@72 best_ema=75.36@27 lr=0.09802 time=7.5s
[ultrawidescaledtail10_e750_s47] ep 073/750 train_loss=1.0894 val_raw=89.76 val_ema=68.88 best_raw=90.36@72 best_ema=76.36@26 lr=0.09796 time=7.3s
[ultrawidescaledtail10_e750_s46] ep 074/750 train_loss=1.1309 val_raw=89.54 val_ema=54.10 best_raw=90.86@70 best_ema=69.16@27 lr=0.09790 time=7.5s
[ultrawidescaledtail10_e750_s45] ep 073/750 train_loss=1.1348 val_raw=89.04 val_ema=33.46 best_raw=89.68@65 best_ema=68.14@26 lr=0.09796 time=7.1s
[ultrawidescaledtail10_e750_s43] ep 073/750 train_loss=1.1604 val_raw=89.42 val_ema=65.46 best_raw=89.74@68 best_ema=73.52@25 lr=0.09796 time=7.2s
[ultrawidescaledtail10_e750_s44] ep 073/750 train_loss=1.1118 val_raw=90.02 val_ema=55.46 best_raw=90.24@72 best_ema=64.46@25 lr=0.09796 time=7.1s
[ultrawidescaledtail10_e750_s48] ep 075/750 train_loss=1.1099 val_raw=89.86 val_ema=59.96 best_raw=89.98@72 best_ema=71.38@24 lr=0.09784 time=7.2s
[ultrawidescaledtail10_e750_s49] ep 073/750 train_loss=1.0580 val_raw=89.02 val_ema=65.30 best_raw=89.82@65 best_ema=80.44@27 lr=0.09796 time=7.2s
[ultrawidescaledtail10_e750_s42] ep 073/750 train_loss=1.0562 val_raw=90.30 val_ema=66.66 best_raw=90.30@73 best_ema=75.36@27 lr=0.09796 time=7.9s
[ultrawidescaledtail10_e750_s47] ep 074/750 train_loss=1.1665 val_raw=89.82 val_ema=66.12 best_raw=90.36@72 best_ema=76.36@26 lr=0.09790 time=7.5s
[ultrawidescaledtail10_e750_s46] ep 075/750 train_loss=1.1987 val_raw=89.50 val_ema=59.96 best_raw=90.86@70 best_ema=69.16@27 lr=0.09784 time=7.3s
[ultrawidescaledtail10_e750_s45] ep 074/750 train_loss=1.1228 val_raw=90.14 val_ema=35.58 best_raw=90.14@74 best_ema=68.14@26 lr=0.09790 time=7.1s
[ultrawidescaledtail10_e750_s43] ep 074/750 train_loss=1.1164 val_raw=89.98 val_ema=64.04 best_raw=89.98@74 best_ema=73.52@25 lr=0.09790 time=7.3s
[ultrawidescaledtail10_e750_s44] ep 074/750 train_loss=1.1156 val_raw=90.06 val_ema=52.32 best_raw=90.24@72 best_ema=64.46@25 lr=0.09790 time=7.7s
[ultrawidescaledtail10_e750_s48] ep 076/750 train_loss=1.1274 val_raw=89.10 val_ema=64.88 best_raw=89.98@72 best_ema=71.38@24 lr=0.09778 time=7.1s
[ultrawidescaledtail10_e750_s49] ep 074/750 train_loss=1.0913 val_raw=89.76 val_ema=62.68 best_raw=89.82@65 best_ema=80.44@27 lr=0.09790 time=7.4s
[ultrawidescaledtail10_e750_s42] ep 074/750 train_loss=1.0891 val_raw=90.30 val_ema=72.66 best_raw=90.30@73 best_ema=75.36@27 lr=0.09790 time=7.5s
[ultrawidescaledtail10_e750_s47] ep 075/750 train_loss=1.1746 val_raw=89.90 val_ema=74.16 best_raw=90.36@72 best_ema=76.36@26 lr=0.09784 time=7.3s
[ultrawidescaledtail10_e750_s46] ep 076/750 train_loss=1.1182 val_raw=89.62 val_ema=57.32 best_raw=90.86@70 best_ema=69.16@27 lr=0.09778 time=7.2s
[ultrawidescaledtail10_e750_s45] ep 075/750 train_loss=1.1629 val_raw=89.30 val_ema=37.22 best_raw=90.14@74 best_ema=68.14@26 lr=0.09784 time=7.2s
[ultrawidescaledtail10_e750_s43] ep 075/750 train_loss=1.0935 val_raw=89.46 val_ema=66.10 best_raw=89.98@74 best_ema=73.52@25 lr=0.09784 time=7.5s
[ultrawidescaledtail10_e750_s44] ep 075/750 train_loss=1.0392 val_raw=90.28 val_ema=61.10 best_raw=90.28@75 best_ema=64.46@25 lr=0.09784 time=7.1s
[ultrawidescaledtail10_e750_s48] ep 077/750 train_loss=1.1218 val_raw=89.92 val_ema=66.02 best_raw=89.98@72 best_ema=71.38@24 lr=0.09771 time=7.2s
[ultrawidescaledtail10_e750_s49] ep 075/750 train_loss=1.0792 val_raw=89.80 val_ema=69.84 best_raw=89.82@65 best_ema=80.44@27 lr=0.09784 time=7.6s
[ultrawidescaledtail10_e750_s42] ep 075/750 train_loss=1.1250 val_raw=88.62 val_ema=64.00 best_raw=90.30@73 best_ema=75.36@27 lr=0.09784 time=7.6s
[ultrawidescaledtail10_e750_s46] ep 077/750 train_loss=1.1530 val_raw=90.18 val_ema=57.08 best_raw=90.86@70 best_ema=69.16@27 lr=0.09771 time=7.1s
[ultrawidescaledtail10_e750_s47] ep 076/750 train_loss=1.1260 val_raw=89.72 val_ema=73.86 best_raw=90.36@72 best_ema=76.36@26 lr=0.09778 time=7.5s
[ultrawidescaledtail10_e750_s45] ep 076/750 train_loss=1.1214 val_raw=89.34 val_ema=36.72 best_raw=90.14@74 best_ema=68.14@26 lr=0.09778 time=7.1s
[ultrawidescaledtail10_e750_s43] ep 076/750 train_loss=1.1690 val_raw=89.88 val_ema=69.14 best_raw=89.98@74 best_ema=73.52@25 lr=0.09778 time=7.3s
[ultrawidescaledtail10_e750_s48] ep 078/750 train_loss=1.1367 val_raw=89.16 val_ema=49.96 best_raw=89.98@72 best_ema=71.38@24 lr=0.09765 time=7.1s
[ultrawidescaledtail10_e750_s44] ep 076/750 train_loss=1.0946 val_raw=89.22 val_ema=62.94 best_raw=90.28@75 best_ema=64.46@25 lr=0.09778 time=8.1s
[ultrawidescaledtail10_e750_s49] ep 076/750 train_loss=1.0817 val_raw=89.28 val_ema=68.34 best_raw=89.82@65 best_ema=80.44@27 lr=0.09778 time=7.6s
[ultrawidescaledtail10_e750_s42] ep 076/750 train_loss=1.1313 val_raw=90.42 val_ema=71.02 best_raw=90.42@76 best_ema=75.36@27 lr=0.09778 time=7.7s
[ultrawidescaledtail10_e750_s46] ep 078/750 train_loss=1.1025 val_raw=90.22 val_ema=62.32 best_raw=90.86@70 best_ema=69.16@27 lr=0.09765 time=7.3s
[ultrawidescaledtail10_e750_s47] ep 077/750 train_loss=1.0517 val_raw=89.14 val_ema=73.72 best_raw=90.36@72 best_ema=76.36@26 lr=0.09771 time=7.3s
[ultrawidescaledtail10_e750_s45] ep 077/750 train_loss=1.1167 val_raw=89.68 val_ema=39.00 best_raw=90.14@74 best_ema=68.14@26 lr=0.09771 time=7.8s
[ultrawidescaledtail10_e750_s43] ep 077/750 train_loss=1.1182 val_raw=89.98 val_ema=69.52 best_raw=89.98@74 best_ema=73.52@25 lr=0.09771 time=7.3s
[ultrawidescaledtail10_e750_s48] ep 079/750 train_loss=1.0672 val_raw=89.64 val_ema=65.44 best_raw=89.98@72 best_ema=71.38@24 lr=0.09759 time=7.1s
[ultrawidescaledtail10_e750_s44] ep 077/750 train_loss=1.0392 val_raw=89.94 val_ema=56.34 best_raw=90.28@75 best_ema=64.46@25 lr=0.09771 time=7.3s
[ultrawidescaledtail10_e750_s49] ep 077/750 train_loss=1.1155 val_raw=88.68 val_ema=69.64 best_raw=89.82@65 best_ema=80.44@27 lr=0.09771 time=7.2s
[ultrawidescaledtail10_e750_s46] ep 079/750 train_loss=1.0571 val_raw=89.98 val_ema=56.62 best_raw=90.86@70 best_ema=69.16@27 lr=0.09759 time=7.1s
[ultrawidescaledtail10_e750_s42] ep 077/750 train_loss=1.1000 val_raw=89.86 val_ema=66.38 best_raw=90.42@76 best_ema=75.36@27 lr=0.09771 time=7.7s
[ultrawidescaledtail10_e750_s47] ep 078/750 train_loss=1.0312 val_raw=90.50 val_ema=72.02 best_raw=90.50@78 best_ema=76.36@26 lr=0.09765 time=7.8s
[ultrawidescaledtail10_e750_s45] ep 078/750 train_loss=1.1287 val_raw=90.26 val_ema=43.94 best_raw=90.26@78 best_ema=68.14@26 lr=0.09765 time=7.5s
[ultrawidescaledtail10_e750_s48] ep 080/750 train_loss=1.1299 val_raw=89.70 val_ema=63.18 best_raw=89.98@72 best_ema=71.38@24 lr=0.09752 time=7.1s
[ultrawidescaledtail10_e750_s43] ep 078/750 train_loss=1.1190 val_raw=89.76 val_ema=68.84 best_raw=89.98@74 best_ema=73.52@25 lr=0.09765 time=7.6s
[ultrawidescaledtail10_e750_s44] ep 078/750 train_loss=1.1554 val_raw=90.16 val_ema=59.00 best_raw=90.28@75 best_ema=64.46@25 lr=0.09765 time=7.7s
[ultrawidescaledtail10_e750_s49] ep 078/750 train_loss=1.0637 val_raw=89.54 val_ema=70.96 best_raw=89.82@65 best_ema=80.44@27 lr=0.09765 time=7.4s
[ultrawidescaledtail10_e750_s46] ep 080/750 train_loss=1.0605 val_raw=90.02 val_ema=61.76 best_raw=90.86@70 best_ema=69.16@27 lr=0.09752 time=7.0s
[ultrawidescaledtail10_e750_s47] ep 079/750 train_loss=1.0934 val_raw=90.48 val_ema=74.02 best_raw=90.50@78 best_ema=76.36@26 lr=0.09759 time=7.1s
[ultrawidescaledtail10_e750_s42] ep 078/750 train_loss=1.1212 val_raw=89.90 val_ema=69.72 best_raw=90.42@76 best_ema=75.36@27 lr=0.09765 time=7.8s
[ultrawidescaledtail10_e750_s45] ep 079/750 train_loss=1.1494 val_raw=89.78 val_ema=33.28 best_raw=90.26@78 best_ema=68.14@26 lr=0.09759 time=7.5s
[ultrawidescaledtail10_e750_s48] ep 081/750 train_loss=1.1921 val_raw=90.12 val_ema=62.90 best_raw=90.12@81 best_ema=71.38@24 lr=0.09745 time=7.1s
[ultrawidescaledtail10_e750_s43] ep 079/750 train_loss=1.0784 val_raw=89.00 val_ema=74.92 best_raw=89.98@74 best_ema=74.92@79 lr=0.09759 time=7.5s
[ultrawidescaledtail10_e750_s44] ep 079/750 train_loss=1.0727 val_raw=89.44 val_ema=59.50 best_raw=90.28@75 best_ema=64.46@25 lr=0.09759 time=7.2s
[ultrawidescaledtail10_e750_s49] ep 079/750 train_loss=1.1077 val_raw=90.20 val_ema=70.60 best_raw=90.20@79 best_ema=80.44@27 lr=0.09759 time=7.2s
[ultrawidescaledtail10_e750_s46] ep 081/750 train_loss=1.1234 val_raw=89.72 val_ema=57.38 best_raw=90.86@70 best_ema=69.16@27 lr=0.09745 time=7.2s
[ultrawidescaledtail10_e750_s47] ep 080/750 train_loss=1.0870 val_raw=90.14 val_ema=72.96 best_raw=90.50@78 best_ema=76.36@26 lr=0.09752 time=7.4s
[ultrawidescaledtail10_e750_s42] ep 079/750 train_loss=1.1441 val_raw=89.72 val_ema=70.50 best_raw=90.42@76 best_ema=75.36@27 lr=0.09759 time=7.3s
[ultrawidescaledtail10_e750_s48] ep 082/750 train_loss=1.0886 val_raw=90.18 val_ema=59.26 best_raw=90.18@82 best_ema=71.38@24 lr=0.09739 time=7.1s
[ultrawidescaledtail10_e750_s45] ep 080/750 train_loss=1.0865 val_raw=90.02 val_ema=32.78 best_raw=90.26@78 best_ema=68.14@26 lr=0.09752 time=7.9s
[ultrawidescaledtail10_e750_s43] ep 080/750 train_loss=1.0847 val_raw=88.88 val_ema=68.54 best_raw=89.98@74 best_ema=74.92@79 lr=0.09752 time=8.0s
[ultrawidescaledtail10_e750_s44] ep 080/750 train_loss=1.0933 val_raw=89.56 val_ema=61.14 best_raw=90.28@75 best_ema=64.46@25 lr=0.09752 time=7.4s
[ultrawidescaledtail10_e750_s49] ep 080/750 train_loss=1.1147 val_raw=89.64 val_ema=70.62 best_raw=90.20@79 best_ema=80.44@27 lr=0.09752 time=7.7s
[ultrawidescaledtail10_e750_s46] ep 082/750 train_loss=1.1221 val_raw=90.78 val_ema=56.88 best_raw=90.86@70 best_ema=69.16@27 lr=0.09739 time=7.8s
[ultrawidescaledtail10_e750_s47] ep 081/750 train_loss=1.0882 val_raw=89.84 val_ema=71.98 best_raw=90.50@78 best_ema=76.36@26 lr=0.09745 time=7.5s
[ultrawidescaledtail10_e750_s42] ep 080/750 train_loss=1.1059 val_raw=90.08 val_ema=71.12 best_raw=90.42@76 best_ema=75.36@27 lr=0.09752 time=7.8s
[ultrawidescaledtail10_e750_s48] ep 083/750 train_loss=1.0930 val_raw=90.16 val_ema=61.66 best_raw=90.18@82 best_ema=71.38@24 lr=0.09732 time=7.6s
[ultrawidescaledtail10_e750_s45] ep 081/750 train_loss=1.1606 val_raw=87.80 val_ema=62.32 best_raw=90.26@78 best_ema=68.14@26 lr=0.09745 time=7.2s
[ultrawidescaledtail10_e750_s43] ep 081/750 train_loss=1.0962 val_raw=89.34 val_ema=66.82 best_raw=89.98@74 best_ema=74.92@79 lr=0.09745 time=7.3s
[ultrawidescaledtail10_e750_s44] ep 081/750 train_loss=1.1454 val_raw=90.18 val_ema=62.32 best_raw=90.28@75 best_ema=64.46@25 lr=0.09745 time=7.2s
[ultrawidescaledtail10_e750_s49] ep 081/750 train_loss=1.0732 val_raw=88.78 val_ema=68.00 best_raw=90.20@79 best_ema=80.44@27 lr=0.09745 time=7.7s
[ultrawidescaledtail10_e750_s46] ep 083/750 train_loss=1.1536 val_raw=88.84 val_ema=64.84 best_raw=90.86@70 best_ema=69.16@27 lr=0.09732 time=7.8s
[ultrawidescaledtail10_e750_s47] ep 082/750 train_loss=1.1103 val_raw=89.56 val_ema=73.76 best_raw=90.50@78 best_ema=76.36@26 lr=0.09739 time=7.3s
[ultrawidescaledtail10_e750_s42] ep 081/750 train_loss=1.1208 val_raw=90.58 val_ema=71.66 best_raw=90.58@81 best_ema=75.36@27 lr=0.09745 time=7.5s
[ultrawidescaledtail10_e750_s48] ep 084/750 train_loss=1.0986 val_raw=88.90 val_ema=56.86 best_raw=90.18@82 best_ema=71.38@24 lr=0.09725 time=7.4s
[ultrawidescaledtail10_e750_s45] ep 082/750 train_loss=1.1729 val_raw=88.30 val_ema=36.26 best_raw=90.26@78 best_ema=68.14@26 lr=0.09739 time=7.7s
[ultrawidescaledtail10_e750_s43] ep 082/750 train_loss=1.1194 val_raw=89.52 val_ema=68.80 best_raw=89.98@74 best_ema=74.92@79 lr=0.09739 time=7.4s
[ultrawidescaledtail10_e750_s44] ep 082/750 train_loss=1.0566 val_raw=90.10 val_ema=60.76 best_raw=90.28@75 best_ema=64.46@25 lr=0.09739 time=7.7s
[ultrawidescaledtail10_e750_s49] ep 082/750 train_loss=1.1159 val_raw=90.38 val_ema=71.56 best_raw=90.38@82 best_ema=80.44@27 lr=0.09739 time=7.3s
[ultrawidescaledtail10_e750_s46] ep 084/750 train_loss=1.0836 val_raw=90.10 val_ema=62.20 best_raw=90.86@70 best_ema=69.16@27 lr=0.09725 time=7.6s
[ultrawidescaledtail10_e750_s47] ep 083/750 train_loss=1.0795 val_raw=90.52 val_ema=73.14 best_raw=90.52@83 best_ema=76.36@26 lr=0.09732 time=7.3s
[ultrawidescaledtail10_e750_s42] ep 082/750 train_loss=1.1261 val_raw=90.58 val_ema=72.32 best_raw=90.58@81 best_ema=75.36@27 lr=0.09739 time=7.8s
[ultrawidescaledtail10_e750_s48] ep 085/750 train_loss=1.1261 val_raw=90.06 val_ema=59.98 best_raw=90.18@82 best_ema=71.38@24 lr=0.09718 time=7.4s
[ultrawidescaledtail10_e750_s45] ep 083/750 train_loss=1.0315 val_raw=89.92 val_ema=31.20 best_raw=90.26@78 best_ema=68.14@26 lr=0.09732 time=7.8s
[ultrawidescaledtail10_e750_s43] ep 083/750 train_loss=1.2035 val_raw=90.56 val_ema=68.88 best_raw=90.56@83 best_ema=74.92@79 lr=0.09732 time=7.8s
[ultrawidescaledtail10_e750_s44] ep 083/750 train_loss=1.0830 val_raw=90.62 val_ema=67.66 best_raw=90.62@83 best_ema=67.66@83 lr=0.09732 time=7.7s
[ultrawidescaledtail10_e750_s49] ep 083/750 train_loss=1.1100 val_raw=90.12 val_ema=69.10 best_raw=90.38@82 best_ema=80.44@27 lr=0.09732 time=7.8s
[ultrawidescaledtail10_e750_s46] ep 085/750 train_loss=1.0978 val_raw=90.36 val_ema=64.06 best_raw=90.86@70 best_ema=69.16@27 lr=0.09718 time=7.6s
[ultrawidescaledtail10_e750_s47] ep 084/750 train_loss=1.1259 val_raw=90.84 val_ema=73.94 best_raw=90.84@84 best_ema=76.36@26 lr=0.09725 time=7.7s
[ultrawidescaledtail10_e750_s42] ep 083/750 train_loss=1.0940 val_raw=90.02 val_ema=67.42 best_raw=90.58@81 best_ema=75.36@27 lr=0.09732 time=7.7s
[ultrawidescaledtail10_e750_s48] ep 086/750 train_loss=1.0533 val_raw=90.52 val_ema=59.00 best_raw=90.52@86 best_ema=71.38@24 lr=0.09711 time=7.8s
[ultrawidescaledtail10_e750_s45] ep 084/750 train_loss=1.1095 val_raw=90.40 val_ema=37.98 best_raw=90.40@84 best_ema=68.14@26 lr=0.09725 time=7.7s
[ultrawidescaledtail10_e750_s43] ep 084/750 train_loss=1.0878 val_raw=90.60 val_ema=66.96 best_raw=90.60@84 best_ema=74.92@79 lr=0.09725 time=7.1s
[ultrawidescaledtail10_e750_s44] ep 084/750 train_loss=1.0395 val_raw=90.72 val_ema=63.52 best_raw=90.72@84 best_ema=67.66@83 lr=0.09725 time=7.8s
[ultrawidescaledtail10_e750_s49] ep 084/750 train_loss=1.0881 val_raw=90.86 val_ema=69.68 best_raw=90.86@84 best_ema=80.44@27 lr=0.09725 time=7.6s
[ultrawidescaledtail10_e750_s46] ep 086/750 train_loss=1.1001 val_raw=90.12 val_ema=64.06 best_raw=90.86@70 best_ema=69.16@27 lr=0.09711 time=7.8s
[ultrawidescaledtail10_e750_s47] ep 085/750 train_loss=1.0506 val_raw=90.18 val_ema=72.92 best_raw=90.84@84 best_ema=76.36@26 lr=0.09718 time=7.8s
[ultrawidescaledtail10_e750_s42] ep 084/750 train_loss=1.1170 val_raw=90.36 val_ema=74.86 best_raw=90.58@81 best_ema=75.36@27 lr=0.09725 time=7.6s
[ultrawidescaledtail10_e750_s48] ep 087/750 train_loss=1.1077 val_raw=89.88 val_ema=63.74 best_raw=90.52@86 best_ema=71.38@24 lr=0.09704 time=7.2s
[ultrawidescaledtail10_e750_s45] ep 085/750 train_loss=1.1266 val_raw=89.66 val_ema=37.98 best_raw=90.40@84 best_ema=68.14@26 lr=0.09718 time=7.5s
[ultrawidescaledtail10_e750_s43] ep 085/750 train_loss=1.0947 val_raw=90.24 val_ema=69.02 best_raw=90.60@84 best_ema=74.92@79 lr=0.09718 time=7.8s
[ultrawidescaledtail10_e750_s44] ep 085/750 train_loss=1.1669 val_raw=91.04 val_ema=60.28 best_raw=91.04@85 best_ema=67.66@83 lr=0.09718 time=7.7s
[ultrawidescaledtail10_e750_s49] ep 085/750 train_loss=1.1083 val_raw=89.72 val_ema=69.34 best_raw=90.86@84 best_ema=80.44@27 lr=0.09718 time=7.5s
[ultrawidescaledtail10_e750_s47] ep 086/750 train_loss=1.1201 val_raw=90.80 val_ema=72.84 best_raw=90.84@84 best_ema=76.36@26 lr=0.09711 time=7.3s
[ultrawidescaledtail10_e750_s46] ep 087/750 train_loss=1.1289 val_raw=90.82 val_ema=66.90 best_raw=90.86@70 best_ema=69.16@27 lr=0.09704 time=7.6s
[ultrawidescaledtail10_e750_s42] ep 085/750 train_loss=1.0951 val_raw=89.96 val_ema=73.92 best_raw=90.58@81 best_ema=75.36@27 lr=0.09718 time=7.5s
[ultrawidescaledtail10_e750_s48] ep 088/750 train_loss=1.1144 val_raw=90.04 val_ema=54.34 best_raw=90.52@86 best_ema=71.38@24 lr=0.09697 time=7.1s
[ultrawidescaledtail10_e750_s45] ep 086/750 train_loss=1.1497 val_raw=90.12 val_ema=30.68 best_raw=90.40@84 best_ema=68.14@26 lr=0.09711 time=7.4s
[ultrawidescaledtail10_e750_s43] ep 086/750 train_loss=1.0812 val_raw=90.12 val_ema=75.04 best_raw=90.60@84 best_ema=75.04@86 lr=0.09711 time=7.6s
[ultrawidescaledtail10_e750_s44] ep 086/750 train_loss=1.0504 val_raw=91.24 val_ema=61.72 best_raw=91.24@86 best_ema=67.66@83 lr=0.09711 time=7.2s
[ultrawidescaledtail10_e750_s49] ep 086/750 train_loss=1.1278 val_raw=90.12 val_ema=71.86 best_raw=90.86@84 best_ema=80.44@27 lr=0.09711 time=7.1s
[ultrawidescaledtail10_e750_s47] ep 087/750 train_loss=1.1084 val_raw=90.40 val_ema=72.80 best_raw=90.84@84 best_ema=76.36@26 lr=0.09704 time=7.2s
[ultrawidescaledtail10_e750_s46] ep 088/750 train_loss=1.0834 val_raw=89.32 val_ema=63.20 best_raw=90.86@70 best_ema=69.16@27 lr=0.09697 time=7.3s
[ultrawidescaledtail10_e750_s42] ep 086/750 train_loss=1.1445 val_raw=90.56 val_ema=71.58 best_raw=90.58@81 best_ema=75.36@27 lr=0.09711 time=7.4s
[ultrawidescaledtail10_e750_s48] ep 089/750 train_loss=1.1055 val_raw=90.36 val_ema=69.14 best_raw=90.52@86 best_ema=71.38@24 lr=0.09690 time=7.3s
[ultrawidescaledtail10_e750_s45] ep 087/750 train_loss=1.0692 val_raw=90.04 val_ema=30.74 best_raw=90.40@84 best_ema=68.14@26 lr=0.09704 time=7.3s
[ultrawidescaledtail10_e750_s43] ep 087/750 train_loss=1.0969 val_raw=90.48 val_ema=72.20 best_raw=90.60@84 best_ema=75.04@86 lr=0.09704 time=7.7s
[ultrawidescaledtail10_e750_s44] ep 087/750 train_loss=1.1273 val_raw=90.46 val_ema=64.66 best_raw=91.24@86 best_ema=67.66@83 lr=0.09704 time=7.4s
[ultrawidescaledtail10_e750_s49] ep 087/750 train_loss=1.1603 val_raw=90.08 val_ema=65.18 best_raw=90.86@84 best_ema=80.44@27 lr=0.09704 time=7.1s
[ultrawidescaledtail10_e750_s46] ep 089/750 train_loss=1.0872 val_raw=90.58 val_ema=65.42 best_raw=90.86@70 best_ema=69.16@27 lr=0.09690 time=7.3s
[ultrawidescaledtail10_e750_s47] ep 088/750 train_loss=1.0835 val_raw=90.46 val_ema=73.22 best_raw=90.84@84 best_ema=76.36@26 lr=0.09697 time=7.6s
[ultrawidescaledtail10_e750_s48] ep 090/750 train_loss=1.0905 val_raw=89.36 val_ema=63.96 best_raw=90.52@86 best_ema=71.38@24 lr=0.09682 time=7.2s
[ultrawidescaledtail10_e750_s42] ep 087/750 train_loss=1.0734 val_raw=90.72 val_ema=72.16 best_raw=90.72@87 best_ema=75.36@27 lr=0.09704 time=7.9s
[ultrawidescaledtail10_e750_s45] ep 088/750 train_loss=1.1340 val_raw=90.24 val_ema=29.94 best_raw=90.40@84 best_ema=68.14@26 lr=0.09697 time=7.5s
[ultrawidescaledtail10_e750_s43] ep 088/750 train_loss=1.1685 val_raw=90.56 val_ema=71.66 best_raw=90.60@84 best_ema=75.04@86 lr=0.09697 time=7.5s
[ultrawidescaledtail10_e750_s44] ep 088/750 train_loss=1.2159 val_raw=90.10 val_ema=64.30 best_raw=91.24@86 best_ema=67.66@83 lr=0.09697 time=8.0s
[ultrawidescaledtail10_e750_s49] ep 088/750 train_loss=1.0543 val_raw=90.14 val_ema=73.82 best_raw=90.86@84 best_ema=80.44@27 lr=0.09697 time=7.7s
[ultrawidescaledtail10_e750_s46] ep 090/750 train_loss=1.0754 val_raw=90.58 val_ema=65.42 best_raw=90.86@70 best_ema=69.16@27 lr=0.09682 time=7.2s
[ultrawidescaledtail10_e750_s47] ep 089/750 train_loss=1.1162 val_raw=90.98 val_ema=73.44 best_raw=90.98@89 best_ema=76.36@26 lr=0.09690 time=7.6s
[ultrawidescaledtail10_e750_s48] ep 091/750 train_loss=1.1420 val_raw=90.24 val_ema=56.42 best_raw=90.52@86 best_ema=71.38@24 lr=0.09675 time=7.4s
[ultrawidescaledtail10_e750_s42] ep 088/750 train_loss=1.0698 val_raw=90.30 val_ema=78.06 best_raw=90.72@87 best_ema=78.06@88 lr=0.09697 time=7.8s
[ultrawidescaledtail10_e750_s45] ep 089/750 train_loss=1.1109 val_raw=90.30 val_ema=35.80 best_raw=90.40@84 best_ema=68.14@26 lr=0.09690 time=7.5s
[ultrawidescaledtail10_e750_s43] ep 089/750 train_loss=1.0385 val_raw=90.24 val_ema=70.48 best_raw=90.60@84 best_ema=75.04@86 lr=0.09690 time=7.5s
[ultrawidescaledtail10_e750_s44] ep 089/750 train_loss=1.0609 val_raw=91.00 val_ema=62.40 best_raw=91.24@86 best_ema=67.66@83 lr=0.09690 time=7.7s
[ultrawidescaledtail10_e750_s49] ep 089/750 train_loss=1.1499 val_raw=89.72 val_ema=66.58 best_raw=90.86@84 best_ema=80.44@27 lr=0.09690 time=7.3s
[ultrawidescaledtail10_e750_s46] ep 091/750 train_loss=1.1015 val_raw=90.20 val_ema=61.14 best_raw=90.86@70 best_ema=69.16@27 lr=0.09675 time=7.5s
[ultrawidescaledtail10_e750_s47] ep 090/750 train_loss=1.1814 val_raw=91.38 val_ema=70.00 best_raw=91.38@90 best_ema=76.36@26 lr=0.09682 time=7.1s
[ultrawidescaledtail10_e750_s48] ep 092/750 train_loss=1.0809 val_raw=90.36 val_ema=61.44 best_raw=90.52@86 best_ema=71.38@24 lr=0.09667 time=7.1s
[ultrawidescaledtail10_e750_s42] ep 089/750 train_loss=1.0783 val_raw=90.50 val_ema=77.28 best_raw=90.72@87 best_ema=78.06@88 lr=0.09690 time=7.8s
[ultrawidescaledtail10_e750_s45] ep 090/750 train_loss=1.0734 val_raw=90.88 val_ema=38.82 best_raw=90.88@90 best_ema=68.14@26 lr=0.09682 time=7.7s
[ultrawidescaledtail10_e750_s43] ep 090/750 train_loss=1.0820 val_raw=90.98 val_ema=76.08 best_raw=90.98@90 best_ema=76.08@90 lr=0.09682 time=7.4s
[ultrawidescaledtail10_e750_s49] ep 090/750 train_loss=1.0903 val_raw=91.00 val_ema=62.08 best_raw=91.00@90 best_ema=80.44@27 lr=0.09682 time=7.5s
[ultrawidescaledtail10_e750_s44] ep 090/750 train_loss=1.1280 val_raw=91.22 val_ema=67.06 best_raw=91.24@86 best_ema=67.66@83 lr=0.09682 time=7.8s
[ultrawidescaledtail10_e750_s47] ep 091/750 train_loss=1.1095 val_raw=90.24 val_ema=70.14 best_raw=91.38@90 best_ema=76.36@26 lr=0.09675 time=7.0s
[ultrawidescaledtail10_e750_s46] ep 092/750 train_loss=1.0557 val_raw=90.66 val_ema=67.66 best_raw=90.86@70 best_ema=69.16@27 lr=0.09667 time=7.3s
[ultrawidescaledtail10_e750_s48] ep 093/750 train_loss=1.0464 val_raw=89.92 val_ema=68.42 best_raw=90.52@86 best_ema=71.38@24 lr=0.09660 time=7.1s
[ultrawidescaledtail10_e750_s42] ep 090/750 train_loss=1.0825 val_raw=90.88 val_ema=75.04 best_raw=90.88@90 best_ema=78.06@88 lr=0.09682 time=7.4s
[ultrawidescaledtail10_e750_s45] ep 091/750 train_loss=1.0669 val_raw=90.60 val_ema=39.18 best_raw=90.88@90 best_ema=68.14@26 lr=0.09675 time=7.6s
[ultrawidescaledtail10_e750_s43] ep 091/750 train_loss=1.0861 val_raw=90.26 val_ema=71.36 best_raw=90.98@90 best_ema=76.08@90 lr=0.09675 time=7.4s
[ultrawidescaledtail10_e750_s49] ep 091/750 train_loss=1.0664 val_raw=90.24 val_ema=71.80 best_raw=91.00@90 best_ema=80.44@27 lr=0.09675 time=7.2s
[ultrawidescaledtail10_e750_s44] ep 091/750 train_loss=1.0501 val_raw=90.72 val_ema=60.08 best_raw=91.24@86 best_ema=67.66@83 lr=0.09675 time=7.2s
[ultrawidescaledtail10_e750_s47] ep 092/750 train_loss=1.1501 val_raw=90.22 val_ema=76.04 best_raw=91.38@90 best_ema=76.36@26 lr=0.09667 time=7.4s
[ultrawidescaledtail10_e750_s46] ep 093/750 train_loss=1.0665 val_raw=90.34 val_ema=66.86 best_raw=90.86@70 best_ema=69.16@27 lr=0.09660 time=7.2s
[ultrawidescaledtail10_e750_s48] ep 094/750 train_loss=1.1251 val_raw=90.50 val_ema=74.96 best_raw=90.52@86 best_ema=74.96@94 lr=0.09652 time=7.1s
[ultrawidescaledtail10_e750_s42] ep 091/750 train_loss=1.0840 val_raw=90.82 val_ema=77.34 best_raw=90.88@90 best_ema=78.06@88 lr=0.09675 time=7.0s
[ultrawidescaledtail10_e750_s45] ep 092/750 train_loss=1.1567 val_raw=89.86 val_ema=36.88 best_raw=90.88@90 best_ema=68.14@26 lr=0.09667 time=7.9s
[ultrawidescaledtail10_e750_s43] ep 092/750 train_loss=1.0861 val_raw=89.42 val_ema=78.70 best_raw=90.98@90 best_ema=78.70@92 lr=0.09667 time=7.8s
[ultrawidescaledtail10_e750_s49] ep 092/750 train_loss=1.0234 val_raw=90.64 val_ema=67.40 best_raw=91.00@90 best_ema=80.44@27 lr=0.09667 time=7.3s
[ultrawidescaledtail10_e750_s44] ep 092/750 train_loss=1.1305 val_raw=90.34 val_ema=66.74 best_raw=91.24@86 best_ema=67.66@83 lr=0.09667 time=8.0s
[ultrawidescaledtail10_e750_s46] ep 094/750 train_loss=1.0799 val_raw=90.86 val_ema=65.68 best_raw=90.86@70 best_ema=69.16@27 lr=0.09652 time=7.2s
[ultrawidescaledtail10_e750_s47] ep 093/750 train_loss=1.0874 val_raw=89.90 val_ema=78.14 best_raw=91.38@90 best_ema=78.14@93 lr=0.09660 time=7.3s
[ultrawidescaledtail10_e750_s48] ep 095/750 train_loss=1.0877 val_raw=91.22 val_ema=71.72 best_raw=91.22@95 best_ema=74.96@94 lr=0.09644 time=7.5s
[ultrawidescaledtail10_e750_s42] ep 092/750 train_loss=1.1001 val_raw=90.16 val_ema=79.38 best_raw=90.88@90 best_ema=79.38@92 lr=0.09667 time=7.6s
[ultrawidescaledtail10_e750_s45] ep 093/750 train_loss=1.1234 val_raw=90.00 val_ema=41.14 best_raw=90.88@90 best_ema=68.14@26 lr=0.09660 time=7.5s
[ultrawidescaledtail10_e750_s43] ep 093/750 train_loss=1.1188 val_raw=90.68 val_ema=75.54 best_raw=90.98@90 best_ema=78.70@92 lr=0.09660 time=7.3s
[ultrawidescaledtail10_e750_s49] ep 093/750 train_loss=1.0552 val_raw=89.88 val_ema=68.50 best_raw=91.00@90 best_ema=80.44@27 lr=0.09660 time=7.5s
[ultrawidescaledtail10_e750_s44] ep 093/750 train_loss=1.1006 val_raw=89.20 val_ema=65.02 best_raw=91.24@86 best_ema=67.66@83 lr=0.09660 time=7.8s
[ultrawidescaledtail10_e750_s47] ep 094/750 train_loss=1.0123 val_raw=90.00 val_ema=73.28 best_raw=91.38@90 best_ema=78.14@93 lr=0.09652 time=7.1s
[ultrawidescaledtail10_e750_s46] ep 095/750 train_loss=1.1417 val_raw=90.74 val_ema=68.76 best_raw=90.86@70 best_ema=69.16@27 lr=0.09644 time=7.6s
[ultrawidescaledtail10_e750_s48] ep 096/750 train_loss=1.1563 val_raw=91.00 val_ema=66.34 best_raw=91.22@95 best_ema=74.96@94 lr=0.09636 time=7.1s
[ultrawidescaledtail10_e750_s42] ep 093/750 train_loss=1.1485 val_raw=91.10 val_ema=73.48 best_raw=91.10@93 best_ema=79.38@92 lr=0.09660 time=7.7s
[ultrawidescaledtail10_e750_s45] ep 094/750 train_loss=1.1548 val_raw=90.34 val_ema=40.54 best_raw=90.88@90 best_ema=68.14@26 lr=0.09652 time=7.7s
[ultrawidescaledtail10_e750_s43] ep 094/750 train_loss=1.1235 val_raw=90.34 val_ema=80.40 best_raw=90.98@90 best_ema=80.40@94 lr=0.09652 time=7.4s
[ultrawidescaledtail10_e750_s49] ep 094/750 train_loss=1.1415 val_raw=90.44 val_ema=73.38 best_raw=91.00@90 best_ema=80.44@27 lr=0.09652 time=7.6s
[ultrawidescaledtail10_e750_s47] ep 095/750 train_loss=1.1254 val_raw=90.72 val_ema=77.24 best_raw=91.38@90 best_ema=78.14@93 lr=0.09644 time=7.2s
[ultrawidescaledtail10_e750_s44] ep 094/750 train_loss=1.0959 val_raw=91.38 val_ema=70.48 best_raw=91.38@94 best_ema=70.48@94 lr=0.09652 time=7.8s
[ultrawidescaledtail10_e750_s46] ep 096/750 train_loss=1.1468 val_raw=90.60 val_ema=69.70 best_raw=90.86@70 best_ema=69.70@96 lr=0.09636 time=7.4s
[ultrawidescaledtail10_e750_s48] ep 097/750 train_loss=1.1486 val_raw=90.88 val_ema=65.86 best_raw=91.22@95 best_ema=74.96@94 lr=0.09628 time=7.4s
[ultrawidescaledtail10_e750_s42] ep 094/750 train_loss=1.1392 val_raw=89.58 val_ema=73.40 best_raw=91.10@93 best_ema=79.38@92 lr=0.09652 time=7.8s
[ultrawidescaledtail10_e750_s43] ep 095/750 train_loss=1.0901 val_raw=90.34 val_ema=77.22 best_raw=90.98@90 best_ema=80.40@94 lr=0.09644 time=7.5s
[ultrawidescaledtail10_e750_s45] ep 095/750 train_loss=1.1142 val_raw=90.32 val_ema=42.62 best_raw=90.88@90 best_ema=68.14@26 lr=0.09644 time=7.8s
[ultrawidescaledtail10_e750_s49] ep 095/750 train_loss=1.0867 val_raw=90.64 val_ema=71.68 best_raw=91.00@90 best_ema=80.44@27 lr=0.09644 time=7.6s
[ultrawidescaledtail10_e750_s47] ep 096/750 train_loss=1.0664 val_raw=91.10 val_ema=77.36 best_raw=91.38@90 best_ema=78.14@93 lr=0.09636 time=7.1s
[ultrawidescaledtail10_e750_s44] ep 095/750 train_loss=1.0639 val_raw=91.08 val_ema=67.54 best_raw=91.38@94 best_ema=70.48@94 lr=0.09644 time=7.2s
[ultrawidescaledtail10_e750_s46] ep 097/750 train_loss=1.1063 val_raw=90.26 val_ema=70.50 best_raw=90.86@70 best_ema=70.50@97 lr=0.09628 time=7.1s
[ultrawidescaledtail10_e750_s48] ep 098/750 train_loss=1.0576 val_raw=90.92 val_ema=62.96 best_raw=91.22@95 best_ema=74.96@94 lr=0.09620 time=7.6s
[ultrawidescaledtail10_e750_s42] ep 095/750 train_loss=1.1594 val_raw=91.00 val_ema=77.20 best_raw=91.10@93 best_ema=79.38@92 lr=0.09644 time=7.2s
[ultrawidescaledtail10_e750_s45] ep 096/750 train_loss=1.1242 val_raw=90.54 val_ema=53.74 best_raw=90.88@90 best_ema=68.14@26 lr=0.09636 time=7.4s
[ultrawidescaledtail10_e750_s43] ep 096/750 train_loss=1.0799 val_raw=90.42 val_ema=76.14 best_raw=90.98@90 best_ema=80.40@94 lr=0.09636 time=7.6s
[ultrawidescaledtail10_e750_s49] ep 096/750 train_loss=1.0975 val_raw=90.48 val_ema=74.48 best_raw=91.00@90 best_ema=80.44@27 lr=0.09636 time=7.5s
[ultrawidescaledtail10_e750_s47] ep 097/750 train_loss=1.1196 val_raw=90.82 val_ema=74.86 best_raw=91.38@90 best_ema=78.14@93 lr=0.09628 time=7.6s
[ultrawidescaledtail10_e750_s44] ep 096/750 train_loss=1.0686 val_raw=91.24 val_ema=67.90 best_raw=91.38@94 best_ema=70.48@94 lr=0.09636 time=7.2s
[ultrawidescaledtail10_e750_s46] ep 098/750 train_loss=1.0876 val_raw=90.76 val_ema=75.80 best_raw=90.86@70 best_ema=75.80@98 lr=0.09620 time=7.4s
[ultrawidescaledtail10_e750_s48] ep 099/750 train_loss=1.0720 val_raw=90.72 val_ema=69.42 best_raw=91.22@95 best_ema=74.96@94 lr=0.09612 time=7.3s
[ultrawidescaledtail10_e750_s42] ep 096/750 train_loss=1.0768 val_raw=90.52 val_ema=75.46 best_raw=91.10@93 best_ema=79.38@92 lr=0.09636 time=7.6s
[ultrawidescaledtail10_e750_s45] ep 097/750 train_loss=1.0841 val_raw=90.18 val_ema=42.58 best_raw=90.88@90 best_ema=68.14@26 lr=0.09628 time=7.4s
[ultrawidescaledtail10_e750_s43] ep 097/750 train_loss=1.0732 val_raw=90.52 val_ema=76.86 best_raw=90.98@90 best_ema=80.40@94 lr=0.09628 time=7.5s
[ultrawidescaledtail10_e750_s49] ep 097/750 train_loss=1.1612 val_raw=90.76 val_ema=68.76 best_raw=91.00@90 best_ema=80.44@27 lr=0.09628 time=7.4s
[ultrawidescaledtail10_e750_s47] ep 098/750 train_loss=1.0698 val_raw=90.52 val_ema=78.60 best_raw=91.38@90 best_ema=78.60@98 lr=0.09620 time=7.2s
[ultrawidescaledtail10_e750_s44] ep 097/750 train_loss=1.1078 val_raw=91.54 val_ema=73.86 best_raw=91.54@97 best_ema=73.86@97 lr=0.09628 time=7.7s
[ultrawidescaledtail10_e750_s46] ep 099/750 train_loss=1.0757 val_raw=91.14 val_ema=72.92 best_raw=91.14@99 best_ema=75.80@98 lr=0.09612 time=7.4s
[ultrawidescaledtail10_e750_s48] ep 100/750 train_loss=1.0295 val_raw=90.70 val_ema=60.10 best_raw=91.22@95 best_ema=74.96@94 lr=0.09604 time=7.2s
[ultrawidescaledtail10_e750_s42] ep 097/750 train_loss=1.1381 val_raw=91.32 val_ema=73.20 best_raw=91.32@97 best_ema=79.38@92 lr=0.09628 time=7.4s
[ultrawidescaledtail10_e750_s45] ep 098/750 train_loss=1.1513 val_raw=89.92 val_ema=43.50 best_raw=90.88@90 best_ema=68.14@26 lr=0.09620 time=7.5s
[ultrawidescaledtail10_e750_s43] ep 098/750 train_loss=1.0981 val_raw=91.00 val_ema=77.18 best_raw=91.00@98 best_ema=80.40@94 lr=0.09620 time=7.8s
[ultrawidescaledtail10_e750_s49] ep 098/750 train_loss=1.0646 val_raw=90.06 val_ema=70.60 best_raw=91.00@90 best_ema=80.44@27 lr=0.09620 time=7.2s
[ultrawidescaledtail10_e750_s47] ep 099/750 train_loss=1.1272 val_raw=89.74 val_ema=80.28 best_raw=91.38@90 best_ema=80.28@99 lr=0.09612 time=7.7s
[ultrawidescaledtail10_e750_s44] ep 098/750 train_loss=1.0258 val_raw=91.40 val_ema=71.76 best_raw=91.54@97 best_ema=73.86@97 lr=0.09620 time=7.5s
[ultrawidescaledtail10_e750_s46] ep 100/750 train_loss=1.1085 val_raw=90.80 val_ema=74.92 best_raw=91.14@99 best_ema=75.80@98 lr=0.09604 time=7.8s
[ultrawidescaledtail10_e750_s48] ep 101/750 train_loss=1.0362 val_raw=90.62 val_ema=69.08 best_raw=91.22@95 best_ema=74.96@94 lr=0.09596 time=7.3s
[ultrawidescaledtail10_e750_s42] ep 098/750 train_loss=1.0985 val_raw=90.94 val_ema=79.90 best_raw=91.32@97 best_ema=79.90@98 lr=0.09620 time=7.9s
[ultrawidescaledtail10_e750_s45] ep 099/750 train_loss=1.1063 val_raw=89.50 val_ema=37.72 best_raw=90.88@90 best_ema=68.14@26 lr=0.09612 time=7.2s
[ultrawidescaledtail10_e750_s43] ep 099/750 train_loss=1.0432 val_raw=90.66 val_ema=80.86 best_raw=91.00@98 best_ema=80.86@99 lr=0.09612 time=7.3s
[ultrawidescaledtail10_e750_s49] ep 099/750 train_loss=1.1520 val_raw=91.18 val_ema=74.86 best_raw=91.18@99 best_ema=80.44@27 lr=0.09612 time=7.6s
[ultrawidescaledtail10_e750_s47] ep 100/750 train_loss=1.0340 val_raw=90.16 val_ema=76.06 best_raw=91.38@90 best_ema=80.28@99 lr=0.09604 time=7.5s
[ultrawidescaledtail10_e750_s46] ep 101/750 train_loss=1.1119 val_raw=90.08 val_ema=66.14 best_raw=91.14@99 best_ema=75.80@98 lr=0.09596 time=7.2s
[ultrawidescaledtail10_e750_s44] ep 099/750 train_loss=1.0381 val_raw=90.64 val_ema=73.44 best_raw=91.54@97 best_ema=73.86@97 lr=0.09612 time=8.0s
[ultrawidescaledtail10_e750_s48] ep 102/750 train_loss=1.0331 val_raw=91.00 val_ema=69.28 best_raw=91.22@95 best_ema=74.96@94 lr=0.09588 time=7.6s
[ultrawidescaledtail10_e750_s42] ep 099/750 train_loss=1.1244 val_raw=90.68 val_ema=79.64 best_raw=91.32@97 best_ema=79.90@98 lr=0.09612 time=7.3s
[ultrawidescaledtail10_e750_s45] ep 100/750 train_loss=1.0660 val_raw=90.08 val_ema=41.04 best_raw=90.88@90 best_ema=68.14@26 lr=0.09604 time=7.3s
[ultrawidescaledtail10_e750_s49] ep 100/750 train_loss=1.0884 val_raw=90.32 val_ema=73.28 best_raw=91.18@99 best_ema=80.44@27 lr=0.09604 time=7.1s
[ultrawidescaledtail10_e750_s43] ep 100/750 train_loss=1.0563 val_raw=90.94 val_ema=78.56 best_raw=91.00@98 best_ema=80.86@99 lr=0.09604 time=8.2s
[ultrawidescaledtail10_e750_s47] ep 101/750 train_loss=1.0964 val_raw=90.74 val_ema=76.86 best_raw=91.38@90 best_ema=80.28@99 lr=0.09596 time=7.7s
[ultrawidescaledtail10_e750_s46] ep 102/750 train_loss=1.0401 val_raw=90.64 val_ema=73.58 best_raw=91.14@99 best_ema=75.80@98 lr=0.09588 time=7.5s
[ultrawidescaledtail10_e750_s48] ep 103/750 train_loss=1.1558 val_raw=90.90 val_ema=71.24 best_raw=91.22@95 best_ema=74.96@94 lr=0.09579 time=7.1s
[ultrawidescaledtail10_e750_s44] ep 100/750 train_loss=1.1105 val_raw=90.40 val_ema=69.94 best_raw=91.54@97 best_ema=73.86@97 lr=0.09604 time=7.7s
[ultrawidescaledtail10_e750_s42] ep 100/750 train_loss=1.1166 val_raw=91.18 val_ema=79.58 best_raw=91.32@97 best_ema=79.90@98 lr=0.09604 time=7.1s
[ultrawidescaledtail10_e750_s45] ep 101/750 train_loss=1.1164 val_raw=90.30 val_ema=38.94 best_raw=90.88@90 best_ema=68.14@26 lr=0.09596 time=7.3s
[ultrawidescaledtail10_e750_s49] ep 101/750 train_loss=1.0892 val_raw=91.38 val_ema=72.06 best_raw=91.38@101 best_ema=80.44@27 lr=0.09596 time=7.7s
[ultrawidescaledtail10_e750_s43] ep 101/750 train_loss=1.1568 val_raw=89.88 val_ema=77.06 best_raw=91.00@98 best_ema=80.86@99 lr=0.09596 time=7.6s
[ultrawidescaledtail10_e750_s48] ep 104/750 train_loss=1.1062 val_raw=91.26 val_ema=71.98 best_raw=91.26@104 best_ema=74.96@94 lr=0.09571 time=7.1s
[ultrawidescaledtail10_e750_s47] ep 102/750 train_loss=1.1152 val_raw=90.40 val_ema=78.12 best_raw=91.38@90 best_ema=80.28@99 lr=0.09588 time=7.8s
[ultrawidescaledtail10_e750_s46] ep 103/750 train_loss=1.1071 val_raw=89.14 val_ema=69.60 best_raw=91.14@99 best_ema=75.80@98 lr=0.09579 time=7.6s
[ultrawidescaledtail10_e750_s44] ep 101/750 train_loss=1.0776 val_raw=91.54 val_ema=74.98 best_raw=91.54@97 best_ema=74.98@101 lr=0.09596 time=7.8s
[ultrawidescaledtail10_e750_s42] ep 101/750 train_loss=1.0781 val_raw=90.76 val_ema=82.10 best_raw=91.32@97 best_ema=82.10@101 lr=0.09596 time=7.3s
[ultrawidescaledtail10_e750_s45] ep 102/750 train_loss=1.1103 val_raw=90.34 val_ema=55.24 best_raw=90.88@90 best_ema=68.14@26 lr=0.09588 time=7.6s
[ultrawidescaledtail10_e750_s49] ep 102/750 train_loss=1.0477 val_raw=91.00 val_ema=77.42 best_raw=91.38@101 best_ema=80.44@27 lr=0.09588 time=7.5s
[ultrawidescaledtail10_e750_s43] ep 102/750 train_loss=1.0396 val_raw=91.80 val_ema=76.32 best_raw=91.80@102 best_ema=80.86@99 lr=0.09588 time=7.8s
[ultrawidescaledtail10_e750_s48] ep 105/750 train_loss=1.0368 val_raw=91.26 val_ema=76.16 best_raw=91.26@104 best_ema=76.16@105 lr=0.09562 time=7.3s
[ultrawidescaledtail10_e750_s47] ep 103/750 train_loss=1.0120 val_raw=90.68 val_ema=79.94 best_raw=91.38@90 best_ema=80.28@99 lr=0.09579 time=7.6s
[ultrawidescaledtail10_e750_s46] ep 104/750 train_loss=1.0961 val_raw=91.44 val_ema=78.84 best_raw=91.44@104 best_ema=78.84@104 lr=0.09571 time=7.6s
[ultrawidescaledtail10_e750_s44] ep 102/750 train_loss=1.1281 val_raw=89.80 val_ema=73.04 best_raw=91.54@97 best_ema=74.98@101 lr=0.09588 time=7.8s
[ultrawidescaledtail10_e750_s42] ep 102/750 train_loss=1.1062 val_raw=90.90 val_ema=76.72 best_raw=91.32@97 best_ema=82.10@101 lr=0.09588 time=7.6s
[ultrawidescaledtail10_e750_s45] ep 103/750 train_loss=1.0694 val_raw=90.38 val_ema=51.48 best_raw=90.88@90 best_ema=68.14@26 lr=0.09579 time=7.2s
[ultrawidescaledtail10_e750_s49] ep 103/750 train_loss=1.1438 val_raw=90.32 val_ema=69.04 best_raw=91.38@101 best_ema=80.44@27 lr=0.09579 time=7.1s
[ultrawidescaledtail10_e750_s43] ep 103/750 train_loss=1.0584 val_raw=91.24 val_ema=81.30 best_raw=91.80@102 best_ema=81.30@103 lr=0.09579 time=7.1s
[ultrawidescaledtail10_e750_s48] ep 106/750 train_loss=1.1224 val_raw=90.42 val_ema=71.30 best_raw=91.26@104 best_ema=76.16@105 lr=0.09553 time=7.1s
[ultrawidescaledtail10_e750_s47] ep 104/750 train_loss=1.0523 val_raw=90.90 val_ema=78.58 best_raw=91.38@90 best_ema=80.28@99 lr=0.09571 time=7.1s
[ultrawidescaledtail10_e750_s46] ep 105/750 train_loss=1.0873 val_raw=91.04 val_ema=81.32 best_raw=91.44@104 best_ema=81.32@105 lr=0.09562 time=7.5s
[ultrawidescaledtail10_e750_s44] ep 103/750 train_loss=1.0543 val_raw=90.64 val_ema=68.78 best_raw=91.54@97 best_ema=74.98@101 lr=0.09579 time=7.6s
[ultrawidescaledtail10_e750_s42] ep 103/750 train_loss=1.1307 val_raw=91.14 val_ema=79.58 best_raw=91.32@97 best_ema=82.10@101 lr=0.09579 time=7.7s
[ultrawidescaledtail10_e750_s45] ep 104/750 train_loss=1.0269 val_raw=90.82 val_ema=51.84 best_raw=90.88@90 best_ema=68.14@26 lr=0.09571 time=7.1s
[ultrawidescaledtail10_e750_s49] ep 104/750 train_loss=1.0563 val_raw=91.00 val_ema=71.68 best_raw=91.38@101 best_ema=80.44@27 lr=0.09571 time=7.5s
[ultrawidescaledtail10_e750_s43] ep 104/750 train_loss=1.0401 val_raw=90.88 val_ema=77.58 best_raw=91.80@102 best_ema=81.30@103 lr=0.09571 time=7.1s
[ultrawidescaledtail10_e750_s48] ep 107/750 train_loss=1.0470 val_raw=90.46 val_ema=67.82 best_raw=91.26@104 best_ema=76.16@105 lr=0.09545 time=7.1s
[ultrawidescaledtail10_e750_s47] ep 105/750 train_loss=1.0143 val_raw=91.30 val_ema=82.90 best_raw=91.38@90 best_ema=82.90@105 lr=0.09562 time=7.6s
[ultrawidescaledtail10_e750_s46] ep 106/750 train_loss=1.1252 val_raw=90.82 val_ema=76.30 best_raw=91.44@104 best_ema=81.32@105 lr=0.09553 time=7.7s
[ultrawidescaledtail10_e750_s44] ep 104/750 train_loss=1.1224 val_raw=90.30 val_ema=79.36 best_raw=91.54@97 best_ema=79.36@104 lr=0.09571 time=7.1s
[ultrawidescaledtail10_e750_s45] ep 105/750 train_loss=1.1178 val_raw=90.66 val_ema=40.44 best_raw=90.88@90 best_ema=68.14@26 lr=0.09562 time=7.2s
[ultrawidescaledtail10_e750_s42] ep 104/750 train_loss=1.0647 val_raw=90.72 val_ema=73.40 best_raw=91.32@97 best_ema=82.10@101 lr=0.09571 time=7.8s
[ultrawidescaledtail10_e750_s49] ep 105/750 train_loss=1.0575 val_raw=90.98 val_ema=77.92 best_raw=91.38@101 best_ema=80.44@27 lr=0.09562 time=7.3s
[ultrawidescaledtail10_e750_s43] ep 105/750 train_loss=1.1256 val_raw=90.58 val_ema=79.70 best_raw=91.80@102 best_ema=81.30@103 lr=0.09562 time=7.4s
[ultrawidescaledtail10_e750_s48] ep 108/750 train_loss=1.0205 val_raw=90.76 val_ema=72.52 best_raw=91.26@104 best_ema=76.16@105 lr=0.09536 time=7.1s
[ultrawidescaledtail10_e750_s47] ep 106/750 train_loss=1.0499 val_raw=91.30 val_ema=83.54 best_raw=91.38@90 best_ema=83.54@106 lr=0.09553 time=7.6s
[ultrawidescaledtail10_e750_s46] ep 107/750 train_loss=1.0911 val_raw=91.60 val_ema=80.30 best_raw=91.60@107 best_ema=81.32@105 lr=0.09545 time=7.1s
[ultrawidescaledtail10_e750_s44] ep 105/750 train_loss=1.0774 val_raw=91.76 val_ema=65.70 best_raw=91.76@105 best_ema=79.36@104 lr=0.09562 time=7.6s
[ultrawidescaledtail10_e750_s45] ep 106/750 train_loss=1.1310 val_raw=90.58 val_ema=59.70 best_raw=90.88@90 best_ema=68.14@26 lr=0.09553 time=7.7s
[ultrawidescaledtail10_e750_s42] ep 105/750 train_loss=1.0476 val_raw=91.40 val_ema=80.04 best_raw=91.40@105 best_ema=82.10@101 lr=0.09562 time=7.7s
[ultrawidescaledtail10_e750_s49] ep 106/750 train_loss=1.1073 val_raw=90.38 val_ema=76.66 best_raw=91.38@101 best_ema=80.44@27 lr=0.09553 time=7.5s
[ultrawidescaledtail10_e750_s48] ep 109/750 train_loss=1.1090 val_raw=90.78 val_ema=70.42 best_raw=91.26@104 best_ema=76.16@105 lr=0.09527 time=7.1s
[ultrawidescaledtail10_e750_s43] ep 106/750 train_loss=1.0695 val_raw=91.18 val_ema=81.14 best_raw=91.80@102 best_ema=81.30@103 lr=0.09553 time=7.5s
[ultrawidescaledtail10_e750_s46] ep 108/750 train_loss=1.0590 val_raw=91.18 val_ema=79.48 best_raw=91.60@107 best_ema=81.32@105 lr=0.09536 time=7.0s
[ultrawidescaledtail10_e750_s47] ep 107/750 train_loss=1.1083 val_raw=91.70 val_ema=79.72 best_raw=91.70@107 best_ema=83.54@106 lr=0.09545 time=7.4s
[ultrawidescaledtail10_e750_s44] ep 106/750 train_loss=1.1107 val_raw=91.36 val_ema=74.80 best_raw=91.76@105 best_ema=79.36@104 lr=0.09553 time=7.4s
[ultrawidescaledtail10_e750_s45] ep 107/750 train_loss=1.0730 val_raw=91.22 val_ema=39.96 best_raw=91.22@107 best_ema=68.14@26 lr=0.09545 time=7.5s
[ultrawidescaledtail10_e750_s42] ep 106/750 train_loss=1.0963 val_raw=90.30 val_ema=80.22 best_raw=91.40@105 best_ema=82.10@101 lr=0.09553 time=7.5s
[ultrawidescaledtail10_e750_s48] ep 110/750 train_loss=1.0413 val_raw=91.04 val_ema=71.82 best_raw=91.26@104 best_ema=76.16@105 lr=0.09518 time=7.2s
[ultrawidescaledtail10_e750_s49] ep 107/750 train_loss=1.1088 val_raw=91.26 val_ema=75.22 best_raw=91.38@101 best_ema=80.44@27 lr=0.09545 time=7.5s
[ultrawidescaledtail10_e750_s43] ep 107/750 train_loss=1.0994 val_raw=91.14 val_ema=81.74 best_raw=91.80@102 best_ema=81.74@107 lr=0.09545 time=7.7s
[ultrawidescaledtail10_e750_s46] ep 109/750 train_loss=1.0526 val_raw=90.56 val_ema=73.96 best_raw=91.60@107 best_ema=81.32@105 lr=0.09527 time=7.0s
[ultrawidescaledtail10_e750_s47] ep 108/750 train_loss=1.0992 val_raw=91.60 val_ema=79.98 best_raw=91.70@107 best_ema=83.54@106 lr=0.09536 time=7.5s
[ultrawidescaledtail10_e750_s44] ep 107/750 train_loss=1.1195 val_raw=91.38 val_ema=77.84 best_raw=91.76@105 best_ema=79.36@104 lr=0.09545 time=7.3s
[ultrawidescaledtail10_e750_s45] ep 108/750 train_loss=1.0382 val_raw=91.44 val_ema=51.54 best_raw=91.44@108 best_ema=68.14@26 lr=0.09536 time=7.6s
[ultrawidescaledtail10_e750_s42] ep 107/750 train_loss=1.1111 val_raw=91.12 val_ema=78.56 best_raw=91.40@105 best_ema=82.10@101 lr=0.09545 time=7.7s
[ultrawidescaledtail10_e750_s48] ep 111/750 train_loss=1.1303 val_raw=91.04 val_ema=75.60 best_raw=91.26@104 best_ema=76.16@105 lr=0.09509 time=7.1s
[ultrawidescaledtail10_e750_s49] ep 108/750 train_loss=1.0268 val_raw=91.16 val_ema=73.92 best_raw=91.38@101 best_ema=80.44@27 lr=0.09536 time=7.2s
[ultrawidescaledtail10_e750_s43] ep 108/750 train_loss=1.0762 val_raw=91.22 val_ema=81.88 best_raw=91.80@102 best_ema=81.88@108 lr=0.09536 time=7.1s
[ultrawidescaledtail10_e750_s46] ep 110/750 train_loss=1.0651 val_raw=90.56 val_ema=79.14 best_raw=91.60@107 best_ema=81.32@105 lr=0.09518 time=7.7s
[ultrawidescaledtail10_e750_s47] ep 109/750 train_loss=1.0887 val_raw=91.90 val_ema=78.46 best_raw=91.90@109 best_ema=83.54@106 lr=0.09527 time=7.7s
[ultrawidescaledtail10_e750_s44] ep 108/750 train_loss=1.0691 val_raw=91.54 val_ema=76.40 best_raw=91.76@105 best_ema=79.36@104 lr=0.09536 time=7.7s
[ultrawidescaledtail10_e750_s42] ep 108/750 train_loss=1.0914 val_raw=90.30 val_ema=79.04 best_raw=91.40@105 best_ema=82.10@101 lr=0.09536 time=7.2s
[ultrawidescaledtail10_e750_s45] ep 109/750 train_loss=1.0472 val_raw=91.30 val_ema=40.12 best_raw=91.44@108 best_ema=68.14@26 lr=0.09527 time=7.7s
[ultrawidescaledtail10_e750_s48] ep 112/750 train_loss=1.0345 val_raw=91.40 val_ema=77.86 best_raw=91.40@112 best_ema=77.86@112 lr=0.09500 time=7.5s
[ultrawidescaledtail10_e750_s49] ep 109/750 train_loss=1.0266 val_raw=91.08 val_ema=77.02 best_raw=91.38@101 best_ema=80.44@27 lr=0.09527 time=8.0s
[ultrawidescaledtail10_e750_s43] ep 109/750 train_loss=1.0918 val_raw=91.48 val_ema=83.94 best_raw=91.80@102 best_ema=83.94@109 lr=0.09527 time=7.9s
[ultrawidescaledtail10_e750_s46] ep 111/750 train_loss=1.0554 val_raw=90.98 val_ema=80.04 best_raw=91.60@107 best_ema=81.32@105 lr=0.09509 time=7.2s
[ultrawidescaledtail10_e750_s47] ep 110/750 train_loss=1.0850 val_raw=91.16 val_ema=80.02 best_raw=91.90@109 best_ema=83.54@106 lr=0.09518 time=7.4s
[ultrawidescaledtail10_e750_s44] ep 109/750 train_loss=1.0882 val_raw=91.34 val_ema=76.28 best_raw=91.76@105 best_ema=79.36@104 lr=0.09527 time=7.5s
[ultrawidescaledtail10_e750_s42] ep 109/750 train_loss=1.0792 val_raw=90.92 val_ema=81.02 best_raw=91.40@105 best_ema=82.10@101 lr=0.09527 time=7.3s
[ultrawidescaledtail10_e750_s45] ep 110/750 train_loss=1.0219 val_raw=91.00 val_ema=49.18 best_raw=91.44@108 best_ema=68.14@26 lr=0.09518 time=7.6s
[ultrawidescaledtail10_e750_s48] ep 113/750 train_loss=1.0752 val_raw=90.82 val_ema=75.20 best_raw=91.40@112 best_ema=77.86@112 lr=0.09490 time=7.1s
[ultrawidescaledtail10_e750_s49] ep 110/750 train_loss=1.0474 val_raw=91.34 val_ema=76.48 best_raw=91.38@101 best_ema=80.44@27 lr=0.09518 time=7.5s
[ultrawidescaledtail10_e750_s43] ep 110/750 train_loss=1.0609 val_raw=90.90 val_ema=81.48 best_raw=91.80@102 best_ema=83.94@109 lr=0.09518 time=7.2s
[ultrawidescaledtail10_e750_s46] ep 112/750 train_loss=1.0468 val_raw=91.30 val_ema=74.20 best_raw=91.60@107 best_ema=81.32@105 lr=0.09500 time=7.1s
[ultrawidescaledtail10_e750_s47] ep 111/750 train_loss=0.9947 val_raw=91.36 val_ema=79.38 best_raw=91.90@109 best_ema=83.54@106 lr=0.09509 time=7.6s
[ultrawidescaledtail10_e750_s44] ep 110/750 train_loss=1.0397 val_raw=91.48 val_ema=74.50 best_raw=91.76@105 best_ema=79.36@104 lr=0.09518 time=7.8s
[ultrawidescaledtail10_e750_s42] ep 110/750 train_loss=1.0782 val_raw=91.00 val_ema=79.18 best_raw=91.40@105 best_ema=82.10@101 lr=0.09518 time=7.6s
[ultrawidescaledtail10_e750_s48] ep 114/750 train_loss=1.0407 val_raw=91.56 val_ema=80.82 best_raw=91.56@114 best_ema=80.82@114 lr=0.09481 time=7.1s
[ultrawidescaledtail10_e750_s45] ep 111/750 train_loss=1.0678 val_raw=91.26 val_ema=45.70 best_raw=91.44@108 best_ema=68.14@26 lr=0.09509 time=7.6s
[ultrawidescaledtail10_e750_s43] ep 111/750 train_loss=1.0299 val_raw=91.10 val_ema=83.66 best_raw=91.80@102 best_ema=83.94@109 lr=0.09509 time=7.2s
[ultrawidescaledtail10_e750_s46] ep 113/750 train_loss=1.0082 val_raw=91.02 val_ema=79.76 best_raw=91.60@107 best_ema=81.32@105 lr=0.09490 time=7.1s
[ultrawidescaledtail10_e750_s49] ep 111/750 train_loss=1.1408 val_raw=91.44 val_ema=77.14 best_raw=91.44@111 best_ema=80.44@27 lr=0.09509 time=7.8s
[ultrawidescaledtail10_e750_s47] ep 112/750 train_loss=1.0871 val_raw=91.48 val_ema=78.52 best_raw=91.90@109 best_ema=83.54@106 lr=0.09500 time=7.0s
[ultrawidescaledtail10_e750_s44] ep 111/750 train_loss=1.1225 val_raw=90.70 val_ema=79.60 best_raw=91.76@105 best_ema=79.60@111 lr=0.09509 time=7.2s
[ultrawidescaledtail10_e750_s42] ep 111/750 train_loss=1.0594 val_raw=91.60 val_ema=76.94 best_raw=91.60@111 best_ema=82.10@101 lr=0.09509 time=7.5s
[ultrawidescaledtail10_e750_s48] ep 115/750 train_loss=1.0535 val_raw=91.30 val_ema=80.46 best_raw=91.56@114 best_ema=80.82@114 lr=0.09472 time=7.6s
[ultrawidescaledtail10_e750_s45] ep 112/750 train_loss=1.0677 val_raw=90.28 val_ema=46.02 best_raw=91.44@108 best_ema=68.14@26 lr=0.09500 time=7.6s
[ultrawidescaledtail10_e750_s46] ep 114/750 train_loss=1.0835 val_raw=90.38 val_ema=78.24 best_raw=91.60@107 best_ema=81.32@105 lr=0.09481 time=7.2s
[ultrawidescaledtail10_e750_s43] ep 112/750 train_loss=1.0792 val_raw=91.58 val_ema=80.96 best_raw=91.80@102 best_ema=83.94@109 lr=0.09500 time=7.6s
[ultrawidescaledtail10_e750_s49] ep 112/750 train_loss=1.0948 val_raw=90.32 val_ema=79.64 best_raw=91.44@111 best_ema=80.44@27 lr=0.09500 time=7.2s
[ultrawidescaledtail10_e750_s47] ep 113/750 train_loss=1.0342 val_raw=90.90 val_ema=76.88 best_raw=91.90@109 best_ema=83.54@106 lr=0.09490 time=7.0s
[ultrawidescaledtail10_e750_s44] ep 112/750 train_loss=1.0626 val_raw=91.72 val_ema=74.68 best_raw=91.76@105 best_ema=79.60@111 lr=0.09500 time=7.2s
[ultrawidescaledtail10_e750_s42] ep 112/750 train_loss=1.0528 val_raw=90.94 val_ema=77.18 best_raw=91.60@111 best_ema=82.10@101 lr=0.09500 time=7.6s
[ultrawidescaledtail10_e750_s48] ep 116/750 train_loss=1.0758 val_raw=91.18 val_ema=81.72 best_raw=91.56@114 best_ema=81.72@116 lr=0.09462 time=7.7s
[ultrawidescaledtail10_e750_s45] ep 113/750 train_loss=1.0736 val_raw=91.32 val_ema=40.88 best_raw=91.44@108 best_ema=68.14@26 lr=0.09490 time=7.5s
[ultrawidescaledtail10_e750_s46] ep 115/750 train_loss=1.0350 val_raw=90.26 val_ema=82.48 best_raw=91.60@107 best_ema=82.48@115 lr=0.09472 time=7.1s
[ultrawidescaledtail10_e750_s43] ep 113/750 train_loss=1.0933 val_raw=91.78 val_ema=79.12 best_raw=91.80@102 best_ema=83.94@109 lr=0.09490 time=7.1s
[ultrawidescaledtail10_e750_s49] ep 113/750 train_loss=1.0696 val_raw=91.28 val_ema=80.56 best_raw=91.44@111 best_ema=80.56@113 lr=0.09490 time=7.5s
[ultrawidescaledtail10_e750_s47] ep 114/750 train_loss=1.0372 val_raw=91.08 val_ema=81.76 best_raw=91.90@109 best_ema=83.54@106 lr=0.09481 time=7.0s
[ultrawidescaledtail10_e750_s44] ep 113/750 train_loss=1.0027 val_raw=91.52 val_ema=73.36 best_raw=91.76@105 best_ema=79.60@111 lr=0.09490 time=7.2s
[ultrawidescaledtail10_e750_s42] ep 113/750 train_loss=1.0657 val_raw=91.14 val_ema=85.18 best_raw=91.60@111 best_ema=85.18@113 lr=0.09490 time=7.0s
[ultrawidescaledtail10_e750_s48] ep 117/750 train_loss=1.0628 val_raw=91.02 val_ema=80.82 best_raw=91.56@114 best_ema=81.72@116 lr=0.09453 time=7.4s
[ultrawidescaledtail10_e750_s45] ep 114/750 train_loss=1.0546 val_raw=90.88 val_ema=47.92 best_raw=91.44@108 best_ema=68.14@26 lr=0.09481 time=7.5s
[ultrawidescaledtail10_e750_s46] ep 116/750 train_loss=1.0639 val_raw=90.84 val_ema=77.62 best_raw=91.60@107 best_ema=82.48@115 lr=0.09462 time=7.2s
[ultrawidescaledtail10_e750_s43] ep 114/750 train_loss=1.1197 val_raw=91.38 val_ema=79.44 best_raw=91.80@102 best_ema=83.94@109 lr=0.09481 time=7.6s
[ultrawidescaledtail10_e750_s49] ep 114/750 train_loss=1.0508 val_raw=91.08 val_ema=80.80 best_raw=91.44@111 best_ema=80.80@114 lr=0.09481 time=7.8s
[ultrawidescaledtail10_e750_s47] ep 115/750 train_loss=1.0311 val_raw=90.82 val_ema=82.98 best_raw=91.90@109 best_ema=83.54@106 lr=0.09472 time=7.6s
[ultrawidescaledtail10_e750_s44] ep 114/750 train_loss=1.0221 val_raw=91.46 val_ema=76.60 best_raw=91.76@105 best_ema=79.60@111 lr=0.09481 time=7.8s
[ultrawidescaledtail10_e750_s48] ep 118/750 train_loss=1.0769 val_raw=92.42 val_ema=82.50 best_raw=92.42@118 best_ema=82.50@118 lr=0.09443 time=7.2s
[ultrawidescaledtail10_e750_s42] ep 114/750 train_loss=1.0165 val_raw=91.58 val_ema=83.32 best_raw=91.60@111 best_ema=85.18@113 lr=0.09481 time=7.9s
[ultrawidescaledtail10_e750_s46] ep 117/750 train_loss=1.1140 val_raw=91.12 val_ema=79.80 best_raw=91.60@107 best_ema=82.48@115 lr=0.09453 time=7.2s
[ultrawidescaledtail10_e750_s45] ep 115/750 train_loss=1.1318 val_raw=90.52 val_ema=53.14 best_raw=91.44@108 best_ema=68.14@26 lr=0.09472 time=7.5s
[ultrawidescaledtail10_e750_s43] ep 115/750 train_loss=1.0687 val_raw=91.06 val_ema=80.92 best_raw=91.80@102 best_ema=83.94@109 lr=0.09472 time=7.5s
[ultrawidescaledtail10_e750_s49] ep 115/750 train_loss=1.0650 val_raw=91.90 val_ema=79.70 best_raw=91.90@115 best_ema=80.80@114 lr=0.09472 time=7.5s
[ultrawidescaledtail10_e750_s47] ep 116/750 train_loss=1.1091 val_raw=91.40 val_ema=82.02 best_raw=91.90@109 best_ema=83.54@106 lr=0.09462 time=7.6s
[ultrawidescaledtail10_e750_s44] ep 115/750 train_loss=1.0368 val_raw=91.86 val_ema=81.84 best_raw=91.86@115 best_ema=81.84@115 lr=0.09472 time=7.1s
[ultrawidescaledtail10_e750_s48] ep 119/750 train_loss=1.0524 val_raw=91.08 val_ema=75.46 best_raw=92.42@118 best_ema=82.50@118 lr=0.09433 time=7.3s
[ultrawidescaledtail10_e750_s46] ep 118/750 train_loss=1.0515 val_raw=91.48 val_ema=78.68 best_raw=91.60@107 best_ema=82.48@115 lr=0.09443 time=7.0s
[ultrawidescaledtail10_e750_s42] ep 115/750 train_loss=1.0994 val_raw=91.60 val_ema=85.14 best_raw=91.60@111 best_ema=85.18@113 lr=0.09472 time=7.6s
[ultrawidescaledtail10_e750_s45] ep 116/750 train_loss=1.0498 val_raw=90.94 val_ema=45.74 best_raw=91.44@108 best_ema=68.14@26 lr=0.09462 time=7.3s
[ultrawidescaledtail10_e750_s43] ep 116/750 train_loss=1.0392 val_raw=91.34 val_ema=78.54 best_raw=91.80@102 best_ema=83.94@109 lr=0.09462 time=7.4s
[ultrawidescaledtail10_e750_s49] ep 116/750 train_loss=1.1499 val_raw=91.42 val_ema=81.36 best_raw=91.90@115 best_ema=81.36@116 lr=0.09462 time=7.5s
[ultrawidescaledtail10_e750_s47] ep 117/750 train_loss=1.0547 val_raw=91.50 val_ema=80.98 best_raw=91.90@109 best_ema=83.54@106 lr=0.09453 time=7.3s
[ultrawidescaledtail10_e750_s44] ep 116/750 train_loss=1.0475 val_raw=91.86 val_ema=79.24 best_raw=91.86@115 best_ema=81.84@115 lr=0.09462 time=8.1s
[ultrawidescaledtail10_e750_s48] ep 120/750 train_loss=1.0094 val_raw=91.44 val_ema=83.52 best_raw=92.42@118 best_ema=83.52@120 lr=0.09424 time=7.1s
[ultrawidescaledtail10_e750_s42] ep 116/750 train_loss=1.0811 val_raw=91.08 val_ema=82.66 best_raw=91.60@111 best_ema=85.18@113 lr=0.09462 time=7.0s
[ultrawidescaledtail10_e750_s46] ep 119/750 train_loss=1.0241 val_raw=91.20 val_ema=79.92 best_raw=91.60@107 best_ema=82.48@115 lr=0.09433 time=7.3s
[ultrawidescaledtail10_e750_s45] ep 117/750 train_loss=1.1061 val_raw=90.96 val_ema=57.76 best_raw=91.44@108 best_ema=68.14@26 lr=0.09453 time=7.1s
[ultrawidescaledtail10_e750_s43] ep 117/750 train_loss=1.0454 val_raw=90.74 val_ema=84.58 best_raw=91.80@102 best_ema=84.58@117 lr=0.09453 time=7.1s
[ultrawidescaledtail10_e750_s49] ep 117/750 train_loss=1.1189 val_raw=91.42 val_ema=83.24 best_raw=91.90@115 best_ema=83.24@117 lr=0.09453 time=7.2s
[ultrawidescaledtail10_e750_s47] ep 118/750 train_loss=1.1521 val_raw=91.72 val_ema=78.90 best_raw=91.90@109 best_ema=83.54@106 lr=0.09443 time=7.8s
[ultrawidescaledtail10_e750_s44] ep 117/750 train_loss=1.1053 val_raw=91.26 val_ema=78.62 best_raw=91.86@115 best_ema=81.84@115 lr=0.09453 time=7.6s
[ultrawidescaledtail10_e750_s48] ep 121/750 train_loss=1.0350 val_raw=90.70 val_ema=81.32 best_raw=92.42@118 best_ema=83.52@120 lr=0.09414 time=7.2s
[ultrawidescaledtail10_e750_s46] ep 120/750 train_loss=1.1082 val_raw=91.52 val_ema=82.82 best_raw=91.60@107 best_ema=82.82@120 lr=0.09424 time=7.1s
[ultrawidescaledtail10_e750_s45] ep 118/750 train_loss=1.0414 val_raw=90.56 val_ema=60.38 best_raw=91.44@108 best_ema=68.14@26 lr=0.09443 time=7.0s
[ultrawidescaledtail10_e750_s42] ep 117/750 train_loss=1.0812 val_raw=91.34 val_ema=82.44 best_raw=91.60@111 best_ema=85.18@113 lr=0.09453 time=7.9s
[ultrawidescaledtail10_e750_s43] ep 118/750 train_loss=1.1310 val_raw=90.94 val_ema=82.74 best_raw=91.80@102 best_ema=84.58@117 lr=0.09443 time=7.6s
[ultrawidescaledtail10_e750_s49] ep 118/750 train_loss=1.0110 val_raw=91.40 val_ema=80.58 best_raw=91.90@115 best_ema=83.24@117 lr=0.09443 time=7.2s
[ultrawidescaledtail10_e750_s47] ep 119/750 train_loss=1.0426 val_raw=91.86 val_ema=84.72 best_raw=91.90@109 best_ema=84.72@119 lr=0.09433 time=7.5s
[ultrawidescaledtail10_e750_s44] ep 118/750 train_loss=1.0785 val_raw=90.66 val_ema=77.20 best_raw=91.86@115 best_ema=81.84@115 lr=0.09443 time=7.5s
[ultrawidescaledtail10_e750_s48] ep 122/750 train_loss=1.0521 val_raw=91.16 val_ema=84.42 best_raw=92.42@118 best_ema=84.42@122 lr=0.09404 time=7.3s
[ultrawidescaledtail10_e750_s46] ep 121/750 train_loss=1.0545 val_raw=91.24 val_ema=82.12 best_raw=91.60@107 best_ema=82.82@120 lr=0.09414 time=7.4s
[ultrawidescaledtail10_e750_s45] ep 119/750 train_loss=1.0703 val_raw=88.24 val_ema=54.14 best_raw=91.44@108 best_ema=68.14@26 lr=0.09433 time=7.6s
[ultrawidescaledtail10_e750_s42] ep 118/750 train_loss=1.0499 val_raw=90.18 val_ema=84.38 best_raw=91.60@111 best_ema=85.18@113 lr=0.09443 time=7.4s
[ultrawidescaledtail10_e750_s43] ep 119/750 train_loss=1.0152 val_raw=91.20 val_ema=80.36 best_raw=91.80@102 best_ema=84.58@117 lr=0.09433 time=7.1s
[ultrawidescaledtail10_e750_s49] ep 119/750 train_loss=1.0326 val_raw=91.12 val_ema=82.98 best_raw=91.90@115 best_ema=83.24@117 lr=0.09433 time=7.9s
[ultrawidescaledtail10_e750_s47] ep 120/750 train_loss=1.0554 val_raw=91.20 val_ema=84.92 best_raw=91.90@109 best_ema=84.92@120 lr=0.09424 time=7.6s
[ultrawidescaledtail10_e750_s44] ep 119/750 train_loss=1.0349 val_raw=91.94 val_ema=80.26 best_raw=91.94@119 best_ema=81.84@115 lr=0.09433 time=7.5s
[ultrawidescaledtail10_e750_s48] ep 123/750 train_loss=1.0797 val_raw=91.48 val_ema=87.10 best_raw=92.42@118 best_ema=87.10@123 lr=0.09394 time=7.5s
[ultrawidescaledtail10_e750_s46] ep 122/750 train_loss=1.0514 val_raw=91.42 val_ema=82.48 best_raw=91.60@107 best_ema=82.82@120 lr=0.09404 time=7.0s
[ultrawidescaledtail10_e750_s45] ep 120/750 train_loss=1.1009 val_raw=91.38 val_ema=66.46 best_raw=91.44@108 best_ema=68.14@26 lr=0.09424 time=7.2s
[ultrawidescaledtail10_e750_s42] ep 119/750 train_loss=1.0197 val_raw=91.46 val_ema=82.90 best_raw=91.60@111 best_ema=85.18@113 lr=0.09433 time=7.3s
[ultrawidescaledtail10_e750_s43] ep 120/750 train_loss=1.0325 val_raw=91.46 val_ema=83.44 best_raw=91.80@102 best_ema=84.58@117 lr=0.09424 time=7.2s
[ultrawidescaledtail10_e750_s49] ep 120/750 train_loss=1.0084 val_raw=91.38 val_ema=82.64 best_raw=91.90@115 best_ema=83.24@117 lr=0.09424 time=7.3s
[ultrawidescaledtail10_e750_s47] ep 121/750 train_loss=1.0576 val_raw=91.34 val_ema=82.74 best_raw=91.90@109 best_ema=84.92@120 lr=0.09414 time=7.5s
[ultrawidescaledtail10_e750_s44] ep 120/750 train_loss=1.0628 val_raw=91.04 val_ema=80.30 best_raw=91.94@119 best_ema=81.84@115 lr=0.09424 time=7.5s
[ultrawidescaledtail10_e750_s48] ep 124/750 train_loss=0.9975 val_raw=91.50 val_ema=86.06 best_raw=92.42@118 best_ema=87.10@123 lr=0.09384 time=7.2s
[ultrawidescaledtail10_e750_s46] ep 123/750 train_loss=1.0700 val_raw=90.62 val_ema=81.68 best_raw=91.60@107 best_ema=82.82@120 lr=0.09394 time=7.7s
[ultrawidescaledtail10_e750_s45] ep 121/750 train_loss=1.0450 val_raw=91.90 val_ema=55.70 best_raw=91.90@121 best_ema=68.14@26 lr=0.09414 time=7.5s
[ultrawidescaledtail10_e750_s43] ep 121/750 train_loss=1.0782 val_raw=90.68 val_ema=85.12 best_raw=91.80@102 best_ema=85.12@121 lr=0.09414 time=7.1s
[ultrawidescaledtail10_e750_s42] ep 120/750 train_loss=1.0892 val_raw=91.16 val_ema=82.52 best_raw=91.60@111 best_ema=85.18@113 lr=0.09424 time=7.7s
[ultrawidescaledtail10_e750_s49] ep 121/750 train_loss=1.0479 val_raw=92.10 val_ema=82.60 best_raw=92.10@121 best_ema=83.24@117 lr=0.09414 time=7.2s
[ultrawidescaledtail10_e750_s47] ep 122/750 train_loss=1.0170 val_raw=91.22 val_ema=82.00 best_raw=91.90@109 best_ema=84.92@120 lr=0.09404 time=7.1s
[ultrawidescaledtail10_e750_s44] ep 121/750 train_loss=1.0049 val_raw=91.94 val_ema=79.28 best_raw=91.94@119 best_ema=81.84@115 lr=0.09414 time=7.3s
[ultrawidescaledtail10_e750_s48] ep 125/750 train_loss=1.0918 val_raw=91.32 val_ema=84.84 best_raw=92.42@118 best_ema=87.10@123 lr=0.09373 time=7.7s
[ultrawidescaledtail10_e750_s45] ep 122/750 train_loss=1.0964 val_raw=92.06 val_ema=48.86 best_raw=92.06@122 best_ema=68.14@26 lr=0.09404 time=7.2s
[ultrawidescaledtail10_e750_s46] ep 124/750 train_loss=1.0444 val_raw=91.54 val_ema=83.90 best_raw=91.60@107 best_ema=83.90@124 lr=0.09384 time=7.7s
[ultrawidescaledtail10_e750_s43] ep 122/750 train_loss=1.0882 val_raw=90.82 val_ema=84.56 best_raw=91.80@102 best_ema=85.12@121 lr=0.09404 time=7.2s
[ultrawidescaledtail10_e750_s42] ep 121/750 train_loss=1.0675 val_raw=91.82 val_ema=87.04 best_raw=91.82@121 best_ema=87.04@121 lr=0.09414 time=7.3s
[ultrawidescaledtail10_e750_s49] ep 122/750 train_loss=1.0790 val_raw=91.84 val_ema=83.62 best_raw=92.10@121 best_ema=83.62@122 lr=0.09404 time=7.8s
[ultrawidescaledtail10_e750_s47] ep 123/750 train_loss=1.0985 val_raw=91.28 val_ema=84.28 best_raw=91.90@109 best_ema=84.92@120 lr=0.09394 time=8.0s
[ultrawidescaledtail10_e750_s44] ep 122/750 train_loss=1.0352 val_raw=91.74 val_ema=74.54 best_raw=91.94@119 best_ema=81.84@115 lr=0.09404 time=7.3s
[ultrawidescaledtail10_e750_s48] ep 126/750 train_loss=1.0237 val_raw=91.44 val_ema=87.48 best_raw=92.42@118 best_ema=87.48@126 lr=0.09363 time=7.2s
[ultrawidescaledtail10_e750_s46] ep 125/750 train_loss=1.0946 val_raw=91.42 val_ema=83.30 best_raw=91.60@107 best_ema=83.90@124 lr=0.09373 time=7.1s
[ultrawidescaledtail10_e750_s45] ep 123/750 train_loss=1.1506 val_raw=91.74 val_ema=53.80 best_raw=92.06@122 best_ema=68.14@26 lr=0.09394 time=7.3s
[ultrawidescaledtail10_e750_s43] ep 123/750 train_loss=1.0353 val_raw=91.46 val_ema=87.26 best_raw=91.80@102 best_ema=87.26@123 lr=0.09394 time=7.6s
[ultrawidescaledtail10_e750_s42] ep 122/750 train_loss=1.0820 val_raw=91.54 val_ema=83.84 best_raw=91.82@121 best_ema=87.04@121 lr=0.09404 time=7.7s
[ultrawidescaledtail10_e750_s49] ep 123/750 train_loss=1.0687 val_raw=91.48 val_ema=83.64 best_raw=92.10@121 best_ema=83.64@123 lr=0.09394 time=8.2s
[ultrawidescaledtail10_e750_s47] ep 124/750 train_loss=1.0240 val_raw=91.86 val_ema=83.98 best_raw=91.90@109 best_ema=84.92@120 lr=0.09384 time=7.3s
[ultrawidescaledtail10_e750_s44] ep 123/750 train_loss=1.0877 val_raw=91.50 val_ema=81.68 best_raw=91.94@119 best_ema=81.84@115 lr=0.09394 time=7.3s
[ultrawidescaledtail10_e750_s48] ep 127/750 train_loss=1.0446 val_raw=91.42 val_ema=86.64 best_raw=92.42@118 best_ema=87.48@126 lr=0.09353 time=7.1s
[ultrawidescaledtail10_e750_s45] ep 124/750 train_loss=1.0426 val_raw=91.44 val_ema=53.92 best_raw=92.06@122 best_ema=68.14@26 lr=0.09384 time=7.1s
[ultrawidescaledtail10_e750_s46] ep 126/750 train_loss=1.0580 val_raw=91.14 val_ema=84.40 best_raw=91.60@107 best_ema=84.40@126 lr=0.09363 time=7.6s
[ultrawidescaledtail10_e750_s42] ep 123/750 train_loss=1.0520 val_raw=91.32 val_ema=85.64 best_raw=91.82@121 best_ema=87.04@121 lr=0.09394 time=7.1s
[ultrawidescaledtail10_e750_s43] ep 124/750 train_loss=1.0545 val_raw=91.18 val_ema=84.70 best_raw=91.80@102 best_ema=87.26@123 lr=0.09384 time=7.3s
[ultrawidescaledtail10_e750_s47] ep 125/750 train_loss=1.0792 val_raw=91.42 val_ema=81.84 best_raw=91.90@109 best_ema=84.92@120 lr=0.09373 time=7.3s
[ultrawidescaledtail10_e750_s49] ep 124/750 train_loss=1.1102 val_raw=91.44 val_ema=83.64 best_raw=92.10@121 best_ema=83.64@123 lr=0.09384 time=8.0s
[ultrawidescaledtail10_e750_s44] ep 124/750 train_loss=1.1045 val_raw=91.38 val_ema=78.54 best_raw=91.94@119 best_ema=81.84@115 lr=0.09384 time=7.4s
[ultrawidescaledtail10_e750_s48] ep 128/750 train_loss=1.0882 val_raw=91.30 val_ema=86.14 best_raw=92.42@118 best_ema=87.48@126 lr=0.09342 time=7.1s
[ultrawidescaledtail10_e750_s45] ep 125/750 train_loss=1.0445 val_raw=90.76 val_ema=65.78 best_raw=92.06@122 best_ema=68.14@26 lr=0.09373 time=7.1s
[ultrawidescaledtail10_e750_s46] ep 127/750 train_loss=1.0825 val_raw=91.48 val_ema=82.36 best_raw=91.60@107 best_ema=84.40@126 lr=0.09353 time=7.1s
[ultrawidescaledtail10_e750_s42] ep 124/750 train_loss=1.1175 val_raw=91.06 val_ema=86.34 best_raw=91.82@121 best_ema=87.04@121 lr=0.09384 time=7.3s
[ultrawidescaledtail10_e750_s43] ep 125/750 train_loss=1.1501 val_raw=91.92 val_ema=86.36 best_raw=91.92@125 best_ema=87.26@123 lr=0.09373 time=8.0s
[ultrawidescaledtail10_e750_s47] ep 126/750 train_loss=1.0408 val_raw=91.34 val_ema=81.80 best_raw=91.90@109 best_ema=84.92@120 lr=0.09363 time=7.3s
[ultrawidescaledtail10_e750_s49] ep 125/750 train_loss=1.0942 val_raw=91.44 val_ema=84.02 best_raw=92.10@121 best_ema=84.02@125 lr=0.09373 time=7.7s
[ultrawidescaledtail10_e750_s44] ep 125/750 train_loss=1.0476 val_raw=91.82 val_ema=78.56 best_raw=91.94@119 best_ema=81.84@115 lr=0.09373 time=7.1s
[ultrawidescaledtail10_e750_s48] ep 129/750 train_loss=1.0590 val_raw=91.06 val_ema=88.60 best_raw=92.42@118 best_ema=88.60@129 lr=0.09332 time=7.7s
[ultrawidescaledtail10_e750_s45] ep 126/750 train_loss=1.0129 val_raw=91.30 val_ema=62.82 best_raw=92.06@122 best_ema=68.14@26 lr=0.09363 time=7.5s
[ultrawidescaledtail10_e750_s46] ep 128/750 train_loss=1.0409 val_raw=91.66 val_ema=82.42 best_raw=91.66@128 best_ema=84.40@126 lr=0.09342 time=7.2s
[ultrawidescaledtail10_e750_s42] ep 125/750 train_loss=1.1158 val_raw=91.96 val_ema=82.38 best_raw=91.96@125 best_ema=87.04@121 lr=0.09373 time=7.4s
[ultrawidescaledtail10_e750_s43] ep 126/750 train_loss=1.0489 val_raw=91.26 val_ema=85.36 best_raw=91.92@125 best_ema=87.26@123 lr=0.09363 time=7.2s
[ultrawidescaledtail10_e750_s47] ep 127/750 train_loss=1.0235 val_raw=91.62 val_ema=85.44 best_raw=91.90@109 best_ema=85.44@127 lr=0.09353 time=7.4s
[ultrawidescaledtail10_e750_s49] ep 126/750 train_loss=1.0190 val_raw=91.30 val_ema=84.58 best_raw=92.10@121 best_ema=84.58@126 lr=0.09363 time=7.1s
[ultrawidescaledtail10_e750_s44] ep 126/750 train_loss=1.0446 val_raw=91.76 val_ema=79.00 best_raw=91.94@119 best_ema=81.84@115 lr=0.09363 time=7.4s
[ultrawidescaledtail10_e750_s48] ep 130/750 train_loss=0.9999 val_raw=90.94 val_ema=86.70 best_raw=92.42@118 best_ema=88.60@129 lr=0.09321 time=7.3s
[ultrawidescaledtail10_e750_s46] ep 129/750 train_loss=1.0162 val_raw=91.72 val_ema=85.78 best_raw=91.72@129 best_ema=85.78@129 lr=0.09332 time=7.3s
[ultrawidescaledtail10_e750_s45] ep 127/750 train_loss=1.0363 val_raw=91.56 val_ema=60.56 best_raw=92.06@122 best_ema=68.14@26 lr=0.09353 time=7.5s
[ultrawidescaledtail10_e750_s42] ep 126/750 train_loss=1.0479 val_raw=90.50 val_ema=84.22 best_raw=91.96@125 best_ema=87.04@121 lr=0.09363 time=7.5s
[ultrawidescaledtail10_e750_s43] ep 127/750 train_loss=1.0514 val_raw=91.66 val_ema=86.40 best_raw=91.92@125 best_ema=87.26@123 lr=0.09353 time=7.4s
[ultrawidescaledtail10_e750_s47] ep 128/750 train_loss=1.0363 val_raw=91.58 val_ema=86.52 best_raw=91.90@109 best_ema=86.52@128 lr=0.09342 time=7.1s
[ultrawidescaledtail10_e750_s49] ep 127/750 train_loss=1.1417 val_raw=90.96 val_ema=83.48 best_raw=92.10@121 best_ema=84.58@126 lr=0.09353 time=7.4s
[ultrawidescaledtail10_e750_s44] ep 127/750 train_loss=1.0286 val_raw=90.84 val_ema=81.52 best_raw=91.94@119 best_ema=81.84@115 lr=0.09353 time=7.1s
[ultrawidescaledtail10_e750_s48] ep 131/750 train_loss=1.0742 val_raw=91.74 val_ema=88.16 best_raw=92.42@118 best_ema=88.60@129 lr=0.09311 time=7.1s
[ultrawidescaledtail10_e750_s46] ep 130/750 train_loss=1.0517 val_raw=91.56 val_ema=87.16 best_raw=91.72@129 best_ema=87.16@130 lr=0.09321 time=7.4s
[ultrawidescaledtail10_e750_s45] ep 128/750 train_loss=1.0085 val_raw=91.30 val_ema=71.28 best_raw=92.06@122 best_ema=71.28@128 lr=0.09342 time=7.5s
[ultrawidescaledtail10_e750_s42] ep 127/750 train_loss=1.0749 val_raw=91.92 val_ema=85.66 best_raw=91.96@125 best_ema=87.04@121 lr=0.09353 time=7.5s
[ultrawidescaledtail10_e750_s43] ep 128/750 train_loss=1.0327 val_raw=91.56 val_ema=88.26 best_raw=91.92@125 best_ema=88.26@128 lr=0.09342 time=7.6s
[ultrawidescaledtail10_e750_s47] ep 129/750 train_loss=1.0157 val_raw=90.96 val_ema=84.48 best_raw=91.90@109 best_ema=86.52@128 lr=0.09332 time=7.4s
[ultrawidescaledtail10_e750_s44] ep 128/750 train_loss=1.0642 val_raw=91.14 val_ema=83.88 best_raw=91.94@119 best_ema=83.88@128 lr=0.09342 time=7.4s
[ultrawidescaledtail10_e750_s49] ep 128/750 train_loss=1.0917 val_raw=91.02 val_ema=81.76 best_raw=92.10@121 best_ema=84.58@126 lr=0.09342 time=8.1s
[ultrawidescaledtail10_e750_s48] ep 132/750 train_loss=1.0053 val_raw=90.88 val_ema=85.62 best_raw=92.42@118 best_ema=88.60@129 lr=0.09300 time=7.0s
[ultrawidescaledtail10_e750_s46] ep 131/750 train_loss=1.0591 val_raw=91.26 val_ema=86.42 best_raw=91.72@129 best_ema=87.16@130 lr=0.09311 time=7.4s
[ultrawidescaledtail10_e750_s45] ep 129/750 train_loss=1.0975 val_raw=91.26 val_ema=53.64 best_raw=92.06@122 best_ema=71.28@128 lr=0.09332 time=7.2s
[ultrawidescaledtail10_e750_s42] ep 128/750 train_loss=1.0336 val_raw=92.42 val_ema=85.30 best_raw=92.42@128 best_ema=87.04@121 lr=0.09342 time=7.4s
[ultrawidescaledtail10_e750_s43] ep 129/750 train_loss=1.0484 val_raw=91.80 val_ema=87.76 best_raw=91.92@125 best_ema=88.26@128 lr=0.09332 time=7.4s
[ultrawidescaledtail10_e750_s47] ep 130/750 train_loss=1.1159 val_raw=91.72 val_ema=82.56 best_raw=91.90@109 best_ema=86.52@128 lr=0.09321 time=7.3s
[ultrawidescaledtail10_e750_s44] ep 129/750 train_loss=1.0505 val_raw=91.74 val_ema=83.16 best_raw=91.94@119 best_ema=83.88@128 lr=0.09332 time=7.2s
[ultrawidescaledtail10_e750_s49] ep 129/750 train_loss=1.1123 val_raw=90.82 val_ema=84.90 best_raw=92.10@121 best_ema=84.90@129 lr=0.09332 time=7.6s
[ultrawidescaledtail10_e750_s48] ep 133/750 train_loss=1.0697 val_raw=91.36 val_ema=90.04 best_raw=92.42@118 best_ema=90.04@133 lr=0.09289 time=7.0s
[ultrawidescaledtail10_e750_s45] ep 130/750 train_loss=1.0931 val_raw=91.52 val_ema=58.72 best_raw=92.06@122 best_ema=71.28@128 lr=0.09321 time=7.2s
[ultrawidescaledtail10_e750_s46] ep 132/750 train_loss=1.0296 val_raw=91.56 val_ema=83.66 best_raw=91.72@129 best_ema=87.16@130 lr=0.09300 time=7.5s
[ultrawidescaledtail10_e750_s42] ep 129/750 train_loss=0.9942 val_raw=91.44 val_ema=86.04 best_raw=92.42@128 best_ema=87.04@121 lr=0.09332 time=7.4s
[ultrawidescaledtail10_e750_s43] ep 130/750 train_loss=1.1200 val_raw=91.50 val_ema=88.96 best_raw=91.92@125 best_ema=88.96@130 lr=0.09321 time=7.1s
[ultrawidescaledtail10_e750_s47] ep 131/750 train_loss=0.9967 val_raw=91.82 val_ema=83.26 best_raw=91.90@109 best_ema=86.52@128 lr=0.09311 time=7.2s
[ultrawidescaledtail10_e750_s44] ep 130/750 train_loss=1.0168 val_raw=91.94 val_ema=84.10 best_raw=91.94@119 best_ema=84.10@130 lr=0.09321 time=7.8s
[ultrawidescaledtail10_e750_s49] ep 130/750 train_loss=0.9842 val_raw=91.24 val_ema=85.38 best_raw=92.10@121 best_ema=85.38@130 lr=0.09321 time=7.5s
[ultrawidescaledtail10_e750_s48] ep 134/750 train_loss=1.0608 val_raw=91.66 val_ema=86.62 best_raw=92.42@118 best_ema=90.04@133 lr=0.09278 time=7.1s
[ultrawidescaledtail10_e750_s45] ep 131/750 train_loss=1.0473 val_raw=91.74 val_ema=68.04 best_raw=92.06@122 best_ema=71.28@128 lr=0.09311 time=7.4s
[ultrawidescaledtail10_e750_s46] ep 133/750 train_loss=1.0759 val_raw=91.34 val_ema=87.28 best_raw=91.72@129 best_ema=87.28@133 lr=0.09289 time=7.4s
[ultrawidescaledtail10_e750_s42] ep 130/750 train_loss=1.0250 val_raw=91.94 val_ema=83.00 best_raw=92.42@128 best_ema=87.04@121 lr=0.09321 time=7.0s
[ultrawidescaledtail10_e750_s43] ep 131/750 train_loss=1.0788 val_raw=91.46 val_ema=86.54 best_raw=91.92@125 best_ema=88.96@130 lr=0.09311 time=7.4s
[ultrawidescaledtail10_e750_s47] ep 132/750 train_loss=1.0622 val_raw=92.08 val_ema=85.04 best_raw=92.08@132 best_ema=86.52@128 lr=0.09300 time=7.4s
[ultrawidescaledtail10_e750_s44] ep 131/750 train_loss=1.0847 val_raw=91.50 val_ema=82.94 best_raw=91.94@119 best_ema=84.10@130 lr=0.09311 time=7.2s
[ultrawidescaledtail10_e750_s48] ep 135/750 train_loss=1.0707 val_raw=91.90 val_ema=88.56 best_raw=92.42@118 best_ema=90.04@133 lr=0.09267 time=7.2s
[ultrawidescaledtail10_e750_s49] ep 131/750 train_loss=1.0364 val_raw=91.68 val_ema=81.56 best_raw=92.10@121 best_ema=85.38@130 lr=0.09311 time=7.8s
[ultrawidescaledtail10_e750_s45] ep 132/750 train_loss=1.0251 val_raw=91.42 val_ema=69.74 best_raw=92.06@122 best_ema=71.28@128 lr=0.09300 time=7.1s
[ultrawidescaledtail10_e750_s46] ep 134/750 train_loss=1.0513 val_raw=90.88 val_ema=86.38 best_raw=91.72@129 best_ema=87.28@133 lr=0.09278 time=7.0s
[ultrawidescaledtail10_e750_s42] ep 131/750 train_loss=1.0836 val_raw=91.94 val_ema=85.44 best_raw=92.42@128 best_ema=87.04@121 lr=0.09311 time=7.6s
[ultrawidescaledtail10_e750_s43] ep 132/750 train_loss=1.0742 val_raw=91.18 val_ema=86.94 best_raw=91.92@125 best_ema=88.96@130 lr=0.09300 time=7.1s
[ultrawidescaledtail10_e750_s47] ep 133/750 train_loss=1.0413 val_raw=91.26 val_ema=88.38 best_raw=92.08@132 best_ema=88.38@133 lr=0.09289 time=7.4s
[ultrawidescaledtail10_e750_s44] ep 132/750 train_loss=1.0396 val_raw=91.82 val_ema=83.12 best_raw=91.94@119 best_ema=84.10@130 lr=0.09300 time=7.1s
[ultrawidescaledtail10_e750_s48] ep 136/750 train_loss=1.0602 val_raw=91.74 val_ema=88.42 best_raw=92.42@118 best_ema=90.04@133 lr=0.09256 time=7.1s
[ultrawidescaledtail10_e750_s49] ep 132/750 train_loss=1.0251 val_raw=91.86 val_ema=85.34 best_raw=92.10@121 best_ema=85.38@130 lr=0.09300 time=7.8s
[ultrawidescaledtail10_e750_s46] ep 135/750 train_loss=1.0152 val_raw=91.20 val_ema=87.98 best_raw=91.72@129 best_ema=87.98@135 lr=0.09267 time=7.1s
[ultrawidescaledtail10_e750_s45] ep 133/750 train_loss=1.0581 val_raw=90.90 val_ema=77.44 best_raw=92.06@122 best_ema=77.44@133 lr=0.09289 time=7.5s
[ultrawidescaledtail10_e750_s42] ep 132/750 train_loss=1.0407 val_raw=91.86 val_ema=82.38 best_raw=92.42@128 best_ema=87.04@121 lr=0.09300 time=7.7s
[ultrawidescaledtail10_e750_s43] ep 133/750 train_loss=1.0647 val_raw=91.34 val_ema=83.66 best_raw=91.92@125 best_ema=88.96@130 lr=0.09289 time=7.7s
[ultrawidescaledtail10_e750_s47] ep 134/750 train_loss=1.0722 val_raw=91.94 val_ema=86.82 best_raw=92.08@132 best_ema=88.38@133 lr=0.09278 time=7.8s
[ultrawidescaledtail10_e750_s48] ep 137/750 train_loss=1.0383 val_raw=91.48 val_ema=88.68 best_raw=92.42@118 best_ema=90.04@133 lr=0.09245 time=7.2s
[ultrawidescaledtail10_e750_s44] ep 133/750 train_loss=1.0575 val_raw=91.04 val_ema=82.28 best_raw=91.94@119 best_ema=84.10@130 lr=0.09289 time=7.8s
[ultrawidescaledtail10_e750_s46] ep 136/750 train_loss=1.0830 val_raw=91.60 val_ema=85.64 best_raw=91.72@129 best_ema=87.98@135 lr=0.09256 time=7.0s
[ultrawidescaledtail10_e750_s49] ep 133/750 train_loss=1.0765 val_raw=91.00 val_ema=79.10 best_raw=92.10@121 best_ema=85.38@130 lr=0.09289 time=7.7s
[ultrawidescaledtail10_e750_s45] ep 134/750 train_loss=1.0841 val_raw=91.50 val_ema=65.54 best_raw=92.06@122 best_ema=77.44@133 lr=0.09278 time=7.2s
[ultrawidescaledtail10_e750_s43] ep 134/750 train_loss=1.1074 val_raw=92.38 val_ema=84.48 best_raw=92.38@134 best_ema=88.96@130 lr=0.09278 time=7.2s
[ultrawidescaledtail10_e750_s42] ep 133/750 train_loss=1.0851 val_raw=91.18 val_ema=84.66 best_raw=92.42@128 best_ema=87.04@121 lr=0.09289 time=7.6s
[ultrawidescaledtail10_e750_s47] ep 135/750 train_loss=1.0039 val_raw=91.58 val_ema=89.66 best_raw=92.08@132 best_ema=89.66@135 lr=0.09267 time=7.4s
[ultrawidescaledtail10_e750_s48] ep 138/750 train_loss=1.0062 val_raw=92.04 val_ema=89.06 best_raw=92.42@118 best_ema=90.04@133 lr=0.09234 time=7.2s
[ultrawidescaledtail10_e750_s44] ep 134/750 train_loss=1.0646 val_raw=92.42 val_ema=84.36 best_raw=92.42@134 best_ema=84.36@134 lr=0.09278 time=7.5s
[ultrawidescaledtail10_e750_s46] ep 137/750 train_loss=1.0307 val_raw=91.38 val_ema=85.92 best_raw=91.72@129 best_ema=87.98@135 lr=0.09245 time=7.0s
[ultrawidescaledtail10_e750_s49] ep 134/750 train_loss=1.0799 val_raw=91.76 val_ema=86.82 best_raw=92.10@121 best_ema=86.82@134 lr=0.09278 time=7.6s
[ultrawidescaledtail10_e750_s45] ep 135/750 train_loss=1.0589 val_raw=91.48 val_ema=66.58 best_raw=92.06@122 best_ema=77.44@133 lr=0.09267 time=7.4s
[ultrawidescaledtail10_e750_s43] ep 135/750 train_loss=1.0588 val_raw=91.78 val_ema=82.34 best_raw=92.38@134 best_ema=88.96@130 lr=0.09267 time=7.4s
[ultrawidescaledtail10_e750_s42] ep 134/750 train_loss=0.9926 val_raw=91.44 val_ema=86.56 best_raw=92.42@128 best_ema=87.04@121 lr=0.09278 time=7.7s
[ultrawidescaledtail10_e750_s47] ep 136/750 train_loss=1.1393 val_raw=91.84 val_ema=88.76 best_raw=92.08@132 best_ema=89.66@135 lr=0.09256 time=7.5s
[ultrawidescaledtail10_e750_s48] ep 139/750 train_loss=0.9763 val_raw=91.78 val_ema=88.66 best_raw=92.42@118 best_ema=90.04@133 lr=0.09223 time=7.2s
[ultrawidescaledtail10_e750_s44] ep 135/750 train_loss=1.0372 val_raw=91.86 val_ema=83.96 best_raw=92.42@134 best_ema=84.36@134 lr=0.09267 time=7.4s
[ultrawidescaledtail10_e750_s46] ep 138/750 train_loss=1.1271 val_raw=91.52 val_ema=86.90 best_raw=91.72@129 best_ema=87.98@135 lr=0.09234 time=7.0s
[ultrawidescaledtail10_e750_s45] ep 136/750 train_loss=1.0335 val_raw=91.62 val_ema=67.88 best_raw=92.06@122 best_ema=77.44@133 lr=0.09256 time=7.1s
[ultrawidescaledtail10_e750_s49] ep 135/750 train_loss=1.0614 val_raw=91.80 val_ema=83.86 best_raw=92.10@121 best_ema=86.82@134 lr=0.09267 time=7.6s
[ultrawidescaledtail10_e750_s43] ep 136/750 train_loss=1.0135 val_raw=91.94 val_ema=83.60 best_raw=92.38@134 best_ema=88.96@130 lr=0.09256 time=7.3s
[ultrawidescaledtail10_e750_s42] ep 135/750 train_loss=1.0578 val_raw=91.58 val_ema=85.84 best_raw=92.42@128 best_ema=87.04@121 lr=0.09267 time=7.5s
[ultrawidescaledtail10_e750_s47] ep 137/750 train_loss=1.0522 val_raw=91.74 val_ema=86.28 best_raw=92.08@132 best_ema=89.66@135 lr=0.09245 time=7.1s
[ultrawidescaledtail10_e750_s48] ep 140/750 train_loss=1.1117 val_raw=91.40 val_ema=87.22 best_raw=92.42@118 best_ema=90.04@133 lr=0.09211 time=7.1s
[ultrawidescaledtail10_e750_s44] ep 136/750 train_loss=1.1199 val_raw=92.32 val_ema=84.34 best_raw=92.42@134 best_ema=84.36@134 lr=0.09256 time=7.7s
[ultrawidescaledtail10_e750_s46] ep 139/750 train_loss=1.0866 val_raw=91.68 val_ema=88.92 best_raw=91.72@129 best_ema=88.92@139 lr=0.09223 time=7.7s
[ultrawidescaledtail10_e750_s45] ep 137/750 train_loss=1.0852 val_raw=91.50 val_ema=76.70 best_raw=92.06@122 best_ema=77.44@133 lr=0.09245 time=7.0s
[ultrawidescaledtail10_e750_s49] ep 136/750 train_loss=1.0321 val_raw=91.34 val_ema=79.96 best_raw=92.10@121 best_ema=86.82@134 lr=0.09256 time=7.6s
[ultrawidescaledtail10_e750_s43] ep 137/750 train_loss=1.0480 val_raw=91.36 val_ema=86.52 best_raw=92.38@134 best_ema=88.96@130 lr=0.09245 time=7.3s
[ultrawidescaledtail10_e750_s42] ep 136/750 train_loss=1.1049 val_raw=90.68 val_ema=80.52 best_raw=92.42@128 best_ema=87.04@121 lr=0.09256 time=7.8s
[ultrawidescaledtail10_e750_s47] ep 138/750 train_loss=1.0481 val_raw=92.00 val_ema=86.40 best_raw=92.08@132 best_ema=89.66@135 lr=0.09234 time=7.2s
[ultrawidescaledtail10_e750_s48] ep 141/750 train_loss=1.0529 val_raw=92.14 val_ema=83.24 best_raw=92.42@118 best_ema=90.04@133 lr=0.09200 time=7.2s
[ultrawidescaledtail10_e750_s44] ep 137/750 train_loss=1.0927 val_raw=91.50 val_ema=84.82 best_raw=92.42@134 best_ema=84.82@137 lr=0.09245 time=7.7s
[ultrawidescaledtail10_e750_s46] ep 140/750 train_loss=1.0723 val_raw=91.98 val_ema=87.40 best_raw=91.98@140 best_ema=88.92@139 lr=0.09211 time=7.3s
[ultrawidescaledtail10_e750_s45] ep 138/750 train_loss=1.0125 val_raw=91.40 val_ema=75.92 best_raw=92.06@122 best_ema=77.44@133 lr=0.09234 time=7.1s
[ultrawidescaledtail10_e750_s49] ep 137/750 train_loss=1.0568 val_raw=91.90 val_ema=85.08 best_raw=92.10@121 best_ema=86.82@134 lr=0.09245 time=7.7s
[ultrawidescaledtail10_e750_s43] ep 138/750 train_loss=1.0645 val_raw=91.60 val_ema=89.56 best_raw=92.38@134 best_ema=89.56@138 lr=0.09234 time=7.3s
[ultrawidescaledtail10_e750_s42] ep 137/750 train_loss=1.0331 val_raw=91.68 val_ema=85.56 best_raw=92.42@128 best_ema=87.04@121 lr=0.09245 time=7.7s
[ultrawidescaledtail10_e750_s48] ep 142/750 train_loss=1.0731 val_raw=91.96 val_ema=87.48 best_raw=92.42@118 best_ema=90.04@133 lr=0.09189 time=7.0s
[ultrawidescaledtail10_e750_s47] ep 139/750 train_loss=1.0205 val_raw=91.74 val_ema=84.66 best_raw=92.08@132 best_ema=89.66@135 lr=0.09223 time=7.6s
[ultrawidescaledtail10_e750_s46] ep 141/750 train_loss=1.0660 val_raw=91.78 val_ema=85.44 best_raw=91.98@140 best_ema=88.92@139 lr=0.09200 time=7.2s
[ultrawidescaledtail10_e750_s44] ep 138/750 train_loss=1.0902 val_raw=92.14 val_ema=84.58 best_raw=92.42@134 best_ema=84.82@137 lr=0.09234 time=7.4s
[ultrawidescaledtail10_e750_s45] ep 139/750 train_loss=1.0567 val_raw=91.76 val_ema=78.02 best_raw=92.06@122 best_ema=78.02@139 lr=0.09223 time=7.5s
[ultrawidescaledtail10_e750_s49] ep 138/750 train_loss=1.0146 val_raw=91.88 val_ema=85.66 best_raw=92.10@121 best_ema=86.82@134 lr=0.09234 time=7.8s
[ultrawidescaledtail10_e750_s43] ep 139/750 train_loss=1.1326 val_raw=91.88 val_ema=87.40 best_raw=92.38@134 best_ema=89.56@138 lr=0.09223 time=7.5s
[ultrawidescaledtail10_e750_s42] ep 138/750 train_loss=1.0578 val_raw=92.18 val_ema=86.60 best_raw=92.42@128 best_ema=87.04@121 lr=0.09234 time=7.3s
[ultrawidescaledtail10_e750_s48] ep 143/750 train_loss=1.0891 val_raw=91.66 val_ema=89.60 best_raw=92.42@118 best_ema=90.04@133 lr=0.09177 time=7.1s
[ultrawidescaledtail10_e750_s47] ep 140/750 train_loss=1.0626 val_raw=92.26 val_ema=84.16 best_raw=92.26@140 best_ema=89.66@135 lr=0.09211 time=7.3s
[ultrawidescaledtail10_e750_s46] ep 142/750 train_loss=1.0031 val_raw=91.40 val_ema=88.48 best_raw=91.98@140 best_ema=88.92@139 lr=0.09189 time=7.3s
[ultrawidescaledtail10_e750_s44] ep 139/750 train_loss=1.0309 val_raw=91.88 val_ema=86.94 best_raw=92.42@134 best_ema=86.94@139 lr=0.09223 time=7.5s
[ultrawidescaledtail10_e750_s45] ep 140/750 train_loss=1.0357 val_raw=91.18 val_ema=74.38 best_raw=92.06@122 best_ema=78.02@139 lr=0.09211 time=7.1s
[ultrawidescaledtail10_e750_s49] ep 139/750 train_loss=1.0594 val_raw=91.76 val_ema=84.74 best_raw=92.10@121 best_ema=86.82@134 lr=0.09223 time=7.6s
[ultrawidescaledtail10_e750_s43] ep 140/750 train_loss=1.0350 val_raw=92.04 val_ema=88.14 best_raw=92.38@134 best_ema=89.56@138 lr=0.09211 time=7.2s
[ultrawidescaledtail10_e750_s42] ep 139/750 train_loss=1.1145 val_raw=91.54 val_ema=86.62 best_raw=92.42@128 best_ema=87.04@121 lr=0.09223 time=7.4s
[ultrawidescaledtail10_e750_s48] ep 144/750 train_loss=1.0979 val_raw=91.70 val_ema=87.68 best_raw=92.42@118 best_ema=90.04@133 lr=0.09165 time=7.1s
[ultrawidescaledtail10_e750_s47] ep 141/750 train_loss=1.0382 val_raw=91.16 val_ema=85.72 best_raw=92.26@140 best_ema=89.66@135 lr=0.09200 time=7.0s
[ultrawidescaledtail10_e750_s46] ep 143/750 train_loss=1.0853 val_raw=92.06 val_ema=87.62 best_raw=92.06@143 best_ema=88.92@139 lr=0.09177 time=7.1s
[ultrawidescaledtail10_e750_s45] ep 141/750 train_loss=0.9894 val_raw=92.06 val_ema=73.94 best_raw=92.06@122 best_ema=78.02@139 lr=0.09200 time=7.1s
[ultrawidescaledtail10_e750_s44] ep 140/750 train_loss=1.0437 val_raw=91.78 val_ema=83.30 best_raw=92.42@134 best_ema=86.94@139 lr=0.09211 time=7.7s
[ultrawidescaledtail10_e750_s49] ep 140/750 train_loss=1.0325 val_raw=91.68 val_ema=84.62 best_raw=92.10@121 best_ema=86.82@134 lr=0.09211 time=7.4s
[ultrawidescaledtail10_e750_s43] ep 141/750 train_loss=0.9839 val_raw=91.92 val_ema=85.96 best_raw=92.38@134 best_ema=89.56@138 lr=0.09200 time=7.4s
[ultrawidescaledtail10_e750_s42] ep 140/750 train_loss=1.1220 val_raw=91.90 val_ema=86.32 best_raw=92.42@128 best_ema=87.04@121 lr=0.09211 time=7.5s
[ultrawidescaledtail10_e750_s48] ep 145/750 train_loss=1.0773 val_raw=91.82 val_ema=88.72 best_raw=92.42@118 best_ema=90.04@133 lr=0.09154 time=7.1s
[ultrawidescaledtail10_e750_s47] ep 142/750 train_loss=1.0230 val_raw=91.78 val_ema=87.90 best_raw=92.26@140 best_ema=89.66@135 lr=0.09189 time=7.1s
[ultrawidescaledtail10_e750_s46] ep 144/750 train_loss=1.0515 val_raw=91.76 val_ema=89.74 best_raw=92.06@143 best_ema=89.74@144 lr=0.09165 time=7.2s
[ultrawidescaledtail10_e750_s45] ep 142/750 train_loss=1.0012 val_raw=92.16 val_ema=73.48 best_raw=92.16@142 best_ema=78.02@139 lr=0.09189 time=7.1s
[ultrawidescaledtail10_e750_s44] ep 141/750 train_loss=1.0094 val_raw=91.58 val_ema=85.88 best_raw=92.42@134 best_ema=86.94@139 lr=0.09200 time=7.4s
[ultrawidescaledtail10_e750_s43] ep 142/750 train_loss=1.0468 val_raw=92.32 val_ema=85.60 best_raw=92.38@134 best_ema=89.56@138 lr=0.09189 time=7.0s
[ultrawidescaledtail10_e750_s49] ep 141/750 train_loss=1.0299 val_raw=91.76 val_ema=86.76 best_raw=92.10@121 best_ema=86.82@134 lr=0.09200 time=7.8s
[ultrawidescaledtail10_e750_s47] ep 143/750 train_loss=0.9930 val_raw=92.32 val_ema=80.30 best_raw=92.32@143 best_ema=89.66@135 lr=0.09177 time=7.1s
[ultrawidescaledtail10_e750_s48] ep 146/750 train_loss=1.0329 val_raw=91.92 val_ema=89.80 best_raw=92.42@118 best_ema=90.04@133 lr=0.09142 time=7.4s
[ultrawidescaledtail10_e750_s42] ep 141/750 train_loss=1.0443 val_raw=92.00 val_ema=88.14 best_raw=92.42@128 best_ema=88.14@141 lr=0.09200 time=7.6s
[ultrawidescaledtail10_e750_s46] ep 145/750 train_loss=1.0756 val_raw=91.02 val_ema=89.46 best_raw=92.06@143 best_ema=89.74@144 lr=0.09154 time=7.3s
[ultrawidescaledtail10_e750_s45] ep 143/750 train_loss=0.9864 val_raw=92.06 val_ema=80.62 best_raw=92.16@142 best_ema=80.62@143 lr=0.09177 time=7.1s
[ultrawidescaledtail10_e750_s44] ep 142/750 train_loss=0.9835 val_raw=92.36 val_ema=85.10 best_raw=92.42@134 best_ema=86.94@139 lr=0.09189 time=7.1s
[ultrawidescaledtail10_e750_s43] ep 143/750 train_loss=1.0460 val_raw=91.66 val_ema=86.76 best_raw=92.38@134 best_ema=89.56@138 lr=0.09177 time=7.3s
[ultrawidescaledtail10_e750_s49] ep 142/750 train_loss=1.0535 val_raw=90.48 val_ema=85.40 best_raw=92.10@121 best_ema=86.82@134 lr=0.09189 time=7.3s
[ultrawidescaledtail10_e750_s48] ep 147/750 train_loss=1.0435 val_raw=91.72 val_ema=89.94 best_raw=92.42@118 best_ema=90.04@133 lr=0.09130 time=7.1s
[ultrawidescaledtail10_e750_s47] ep 144/750 train_loss=1.0181 val_raw=92.48 val_ema=84.56 best_raw=92.48@144 best_ema=89.66@135 lr=0.09165 time=7.5s
[ultrawidescaledtail10_e750_s42] ep 142/750 train_loss=1.1020 val_raw=91.98 val_ema=88.74 best_raw=92.42@128 best_ema=88.74@142 lr=0.09189 time=7.6s
[ultrawidescaledtail10_e750_s46] ep 146/750 train_loss=1.0282 val_raw=90.62 val_ema=88.46 best_raw=92.06@143 best_ema=89.74@144 lr=0.09142 time=7.2s
[ultrawidescaledtail10_e750_s45] ep 144/750 train_loss=1.0134 val_raw=91.60 val_ema=83.88 best_raw=92.16@142 best_ema=83.88@144 lr=0.09165 time=7.1s
[ultrawidescaledtail10_e750_s44] ep 143/750 train_loss=1.0048 val_raw=92.38 val_ema=86.12 best_raw=92.42@134 best_ema=86.94@139 lr=0.09177 time=7.6s
[ultrawidescaledtail10_e750_s43] ep 144/750 train_loss=1.0521 val_raw=92.42 val_ema=86.04 best_raw=92.42@144 best_ema=89.56@138 lr=0.09165 time=7.6s
[ultrawidescaledtail10_e750_s49] ep 143/750 train_loss=1.0955 val_raw=91.70 val_ema=85.52 best_raw=92.10@121 best_ema=86.82@134 lr=0.09177 time=7.7s
[ultrawidescaledtail10_e750_s48] ep 148/750 train_loss=1.0055 val_raw=92.56 val_ema=89.16 best_raw=92.56@148 best_ema=90.04@133 lr=0.09118 time=7.4s
[ultrawidescaledtail10_e750_s42] ep 143/750 train_loss=1.0385 val_raw=90.74 val_ema=88.52 best_raw=92.42@128 best_ema=88.74@142 lr=0.09177 time=7.2s
[ultrawidescaledtail10_e750_s47] ep 145/750 train_loss=1.0017 val_raw=92.32 val_ema=85.42 best_raw=92.48@144 best_ema=89.66@135 lr=0.09154 time=7.8s
[ultrawidescaledtail10_e750_s45] ep 145/750 train_loss=0.9619 val_raw=91.98 val_ema=80.06 best_raw=92.16@142 best_ema=83.88@144 lr=0.09154 time=7.4s
[ultrawidescaledtail10_e750_s46] ep 147/750 train_loss=1.0331 val_raw=91.50 val_ema=86.52 best_raw=92.06@143 best_ema=89.74@144 lr=0.09130 time=7.9s
[ultrawidescaledtail10_e750_s44] ep 144/750 train_loss=1.0668 val_raw=91.88 val_ema=86.44 best_raw=92.42@134 best_ema=86.94@139 lr=0.09165 time=7.2s
[ultrawidescaledtail10_e750_s43] ep 145/750 train_loss=1.0664 val_raw=92.12 val_ema=86.08 best_raw=92.42@144 best_ema=89.56@138 lr=0.09154 time=7.3s
[ultrawidescaledtail10_e750_s49] ep 144/750 train_loss=1.0782 val_raw=91.74 val_ema=84.74 best_raw=92.10@121 best_ema=86.82@134 lr=0.09165 time=7.1s
[ultrawidescaledtail10_e750_s48] ep 149/750 train_loss=0.9412 val_raw=91.38 val_ema=89.84 best_raw=92.56@148 best_ema=90.04@133 lr=0.09106 time=7.1s
[ultrawidescaledtail10_e750_s42] ep 144/750 train_loss=1.0608 val_raw=91.28 val_ema=86.48 best_raw=92.42@128 best_ema=88.74@142 lr=0.09165 time=7.5s
[ultrawidescaledtail10_e750_s47] ep 146/750 train_loss=1.0005 val_raw=92.62 val_ema=86.96 best_raw=92.62@146 best_ema=89.66@135 lr=0.09142 time=7.6s
[ultrawidescaledtail10_e750_s45] ep 146/750 train_loss=0.9738 val_raw=91.98 val_ema=78.52 best_raw=92.16@142 best_ema=83.88@144 lr=0.09142 time=7.1s
[ultrawidescaledtail10_e750_s46] ep 148/750 train_loss=1.0938 val_raw=91.96 val_ema=86.30 best_raw=92.06@143 best_ema=89.74@144 lr=0.09118 time=7.2s
[ultrawidescaledtail10_e750_s44] ep 145/750 train_loss=1.0851 val_raw=91.42 val_ema=86.34 best_raw=92.42@134 best_ema=86.94@139 lr=0.09154 time=7.5s
[ultrawidescaledtail10_e750_s43] ep 146/750 train_loss=1.0695 val_raw=91.80 val_ema=84.54 best_raw=92.42@144 best_ema=89.56@138 lr=0.09142 time=7.7s
[ultrawidescaledtail10_e750_s49] ep 145/750 train_loss=1.0535 val_raw=91.66 val_ema=83.20 best_raw=92.10@121 best_ema=86.82@134 lr=0.09154 time=7.7s
[ultrawidescaledtail10_e750_s48] ep 150/750 train_loss=1.0765 val_raw=91.52 val_ema=89.36 best_raw=92.56@148 best_ema=90.04@133 lr=0.09094 time=7.2s
[ultrawidescaledtail10_e750_s42] ep 145/750 train_loss=1.0084 val_raw=92.24 val_ema=86.86 best_raw=92.42@128 best_ema=88.74@142 lr=0.09154 time=7.0s
[ultrawidescaledtail10_e750_s47] ep 147/750 train_loss=1.0725 val_raw=92.12 val_ema=91.32 best_raw=92.62@146 best_ema=91.32@147 lr=0.09130 time=7.5s
[ultrawidescaledtail10_e750_s45] ep 147/750 train_loss=1.0134 val_raw=91.78 val_ema=89.06 best_raw=92.16@142 best_ema=89.06@147 lr=0.09130 time=7.1s
[ultrawidescaledtail10_e750_s46] ep 149/750 train_loss=1.0263 val_raw=91.86 val_ema=88.12 best_raw=92.06@143 best_ema=89.74@144 lr=0.09106 time=7.2s
[ultrawidescaledtail10_e750_s44] ep 146/750 train_loss=1.0417 val_raw=92.32 val_ema=86.02 best_raw=92.42@134 best_ema=86.94@139 lr=0.09142 time=7.3s
[ultrawidescaledtail10_e750_s49] ep 146/750 train_loss=1.0590 val_raw=91.08 val_ema=85.92 best_raw=92.10@121 best_ema=86.82@134 lr=0.09142 time=7.4s
[ultrawidescaledtail10_e750_s43] ep 147/750 train_loss=1.0084 val_raw=92.48 val_ema=88.30 best_raw=92.48@147 best_ema=89.56@138 lr=0.09130 time=7.9s
[ultrawidescaledtail10_e750_s48] ep 151/750 train_loss=1.0292 val_raw=91.76 val_ema=90.42 best_raw=92.56@148 best_ema=90.42@151 lr=0.09082 time=7.1s
[ultrawidescaledtail10_e750_s42] ep 146/750 train_loss=1.0364 val_raw=91.26 val_ema=87.18 best_raw=92.42@128 best_ema=88.74@142 lr=0.09142 time=7.2s
[ultrawidescaledtail10_e750_s47] ep 148/750 train_loss=1.0687 val_raw=91.52 val_ema=89.20 best_raw=92.62@146 best_ema=91.32@147 lr=0.09118 time=7.7s
[ultrawidescaledtail10_e750_s45] ep 148/750 train_loss=1.0808 val_raw=91.80 val_ema=82.82 best_raw=92.16@142 best_ema=89.06@147 lr=0.09118 time=7.5s
[ultrawidescaledtail10_e750_s46] ep 150/750 train_loss=1.0027 val_raw=92.22 val_ema=90.18 best_raw=92.22@150 best_ema=90.18@150 lr=0.09094 time=7.6s
[ultrawidescaledtail10_e750_s44] ep 147/750 train_loss=1.0293 val_raw=91.56 val_ema=85.14 best_raw=92.42@134 best_ema=86.94@139 lr=0.09130 time=7.4s
[ultrawidescaledtail10_e750_s49] ep 147/750 train_loss=1.0254 val_raw=91.68 val_ema=84.12 best_raw=92.10@121 best_ema=86.82@134 lr=0.09130 time=7.4s
[ultrawidescaledtail10_e750_s43] ep 148/750 train_loss=1.0832 val_raw=92.04 val_ema=89.88 best_raw=92.48@147 best_ema=89.88@148 lr=0.09118 time=7.4s
[ultrawidescaledtail10_e750_s48] ep 152/750 train_loss=1.1136 val_raw=92.40 val_ema=88.02 best_raw=92.56@148 best_ema=90.42@151 lr=0.09070 time=7.3s
[ultrawidescaledtail10_e750_s42] ep 147/750 train_loss=1.0719 val_raw=91.02 val_ema=87.00 best_raw=92.42@128 best_ema=88.74@142 lr=0.09130 time=7.2s
[ultrawidescaledtail10_e750_s47] ep 149/750 train_loss=1.0035 val_raw=91.54 val_ema=86.82 best_raw=92.62@146 best_ema=91.32@147 lr=0.09106 time=7.3s
[ultrawidescaledtail10_e750_s45] ep 149/750 train_loss=1.0498 val_raw=91.58 val_ema=88.44 best_raw=92.16@142 best_ema=89.06@147 lr=0.09106 time=7.1s
[ultrawidescaledtail10_e750_s46] ep 151/750 train_loss=1.1301 val_raw=92.14 val_ema=90.32 best_raw=92.22@150 best_ema=90.32@151 lr=0.09082 time=7.1s
[ultrawidescaledtail10_e750_s44] ep 148/750 train_loss=1.0722 val_raw=91.94 val_ema=87.18 best_raw=92.42@134 best_ema=87.18@148 lr=0.09118 time=7.5s
[ultrawidescaledtail10_e750_s43] ep 149/750 train_loss=1.0748 val_raw=91.62 val_ema=88.54 best_raw=92.48@147 best_ema=89.88@148 lr=0.09106 time=7.4s
[ultrawidescaledtail10_e750_s49] ep 148/750 train_loss=1.0928 val_raw=92.40 val_ema=86.14 best_raw=92.40@148 best_ema=86.82@134 lr=0.09118 time=7.6s
[ultrawidescaledtail10_e750_s48] ep 153/750 train_loss=1.0097 val_raw=91.26 val_ema=91.66 best_raw=92.56@148 best_ema=91.66@153 lr=0.09057 time=7.3s
[ultrawidescaledtail10_e750_s42] ep 148/750 train_loss=1.0700 val_raw=91.22 val_ema=86.72 best_raw=92.42@128 best_ema=88.74@142 lr=0.09118 time=7.7s
[ultrawidescaledtail10_e750_s47] ep 150/750 train_loss=1.0927 val_raw=91.86 val_ema=89.28 best_raw=92.62@146 best_ema=91.32@147 lr=0.09094 time=7.6s
[ultrawidescaledtail10_e750_s45] ep 150/750 train_loss=1.0274 val_raw=91.70 val_ema=79.14 best_raw=92.16@142 best_ema=89.06@147 lr=0.09094 time=7.5s
[ultrawidescaledtail10_e750_s46] ep 152/750 train_loss=1.0199 val_raw=91.76 val_ema=88.16 best_raw=92.22@150 best_ema=90.32@151 lr=0.09070 time=7.1s
[ultrawidescaledtail10_e750_s44] ep 149/750 train_loss=1.1052 val_raw=92.08 val_ema=85.84 best_raw=92.42@134 best_ema=87.18@148 lr=0.09106 time=7.7s
[ultrawidescaledtail10_e750_s49] ep 149/750 train_loss=1.0421 val_raw=91.58 val_ema=83.96 best_raw=92.40@148 best_ema=86.82@134 lr=0.09106 time=7.2s
[ultrawidescaledtail10_e750_s48] ep 154/750 train_loss=1.0245 val_raw=91.64 val_ema=89.98 best_raw=92.56@148 best_ema=91.66@153 lr=0.09045 time=7.4s
[ultrawidescaledtail10_e750_s43] ep 150/750 train_loss=1.0270 val_raw=91.44 val_ema=84.48 best_raw=92.48@147 best_ema=89.88@148 lr=0.09094 time=7.6s
[ultrawidescaledtail10_e750_s42] ep 149/750 train_loss=1.0032 val_raw=92.14 val_ema=88.08 best_raw=92.42@128 best_ema=88.74@142 lr=0.09106 time=7.4s
[ultrawidescaledtail10_e750_s47] ep 151/750 train_loss=1.0508 val_raw=91.58 val_ema=87.92 best_raw=92.62@146 best_ema=91.32@147 lr=0.09082 time=7.1s
[ultrawidescaledtail10_e750_s45] ep 151/750 train_loss=1.0482 val_raw=90.92 val_ema=81.32 best_raw=92.16@142 best_ema=89.06@147 lr=0.09082 time=7.0s
[ultrawidescaledtail10_e750_s46] ep 153/750 train_loss=1.0638 val_raw=91.96 val_ema=89.82 best_raw=92.22@150 best_ema=90.32@151 lr=0.09057 time=7.0s
[ultrawidescaledtail10_e750_s44] ep 150/750 train_loss=1.0312 val_raw=91.46 val_ema=85.32 best_raw=92.42@134 best_ema=87.18@148 lr=0.09094 time=7.1s
[ultrawidescaledtail10_e750_s49] ep 150/750 train_loss=1.0243 val_raw=91.48 val_ema=80.64 best_raw=92.40@148 best_ema=86.82@134 lr=0.09094 time=7.3s
[ultrawidescaledtail10_e750_s48] ep 155/750 train_loss=1.0751 val_raw=92.22 val_ema=89.06 best_raw=92.56@148 best_ema=91.66@153 lr=0.09033 time=7.3s
[ultrawidescaledtail10_e750_s43] ep 151/750 train_loss=1.0891 val_raw=91.36 val_ema=91.04 best_raw=92.48@147 best_ema=91.04@151 lr=0.09082 time=7.4s
[ultrawidescaledtail10_e750_s42] ep 150/750 train_loss=0.9981 val_raw=91.52 val_ema=90.10 best_raw=92.42@128 best_ema=90.10@150 lr=0.09094 time=7.5s
[ultrawidescaledtail10_e750_s45] ep 152/750 train_loss=1.0476 val_raw=91.56 val_ema=80.08 best_raw=92.16@142 best_ema=89.06@147 lr=0.09070 time=7.1s
[ultrawidescaledtail10_e750_s47] ep 152/750 train_loss=1.0440 val_raw=91.92 val_ema=89.08 best_raw=92.62@146 best_ema=91.32@147 lr=0.09070 time=7.4s
[ultrawidescaledtail10_e750_s46] ep 154/750 train_loss=1.0629 val_raw=92.06 val_ema=89.44 best_raw=92.22@150 best_ema=90.32@151 lr=0.09045 time=7.2s
[ultrawidescaledtail10_e750_s44] ep 151/750 train_loss=1.0698 val_raw=91.20 val_ema=86.14 best_raw=92.42@134 best_ema=87.18@148 lr=0.09082 time=7.2s
[ultrawidescaledtail10_e750_s48] ep 156/750 train_loss=1.0433 val_raw=91.60 val_ema=90.00 best_raw=92.56@148 best_ema=91.66@153 lr=0.09020 time=7.2s
[ultrawidescaledtail10_e750_s49] ep 151/750 train_loss=1.0439 val_raw=91.80 val_ema=85.70 best_raw=92.40@148 best_ema=86.82@134 lr=0.09082 time=7.5s
[ultrawidescaledtail10_e750_s43] ep 152/750 train_loss=1.0265 val_raw=91.88 val_ema=90.18 best_raw=92.48@147 best_ema=91.04@151 lr=0.09070 time=7.3s
[ultrawidescaledtail10_e750_s42] ep 151/750 train_loss=1.0601 val_raw=92.46 val_ema=85.72 best_raw=92.46@151 best_ema=90.10@150 lr=0.09082 time=7.4s
[ultrawidescaledtail10_e750_s45] ep 153/750 train_loss=1.0168 val_raw=91.52 val_ema=82.32 best_raw=92.16@142 best_ema=89.06@147 lr=0.09057 time=7.1s
[ultrawidescaledtail10_e750_s46] ep 155/750 train_loss=1.0461 val_raw=92.04 val_ema=90.12 best_raw=92.22@150 best_ema=90.32@151 lr=0.09033 time=7.1s
[ultrawidescaledtail10_e750_s47] ep 153/750 train_loss=1.0642 val_raw=92.36 val_ema=91.06 best_raw=92.62@146 best_ema=91.32@147 lr=0.09057 time=7.3s
[ultrawidescaledtail10_e750_s44] ep 152/750 train_loss=1.0289 val_raw=91.22 val_ema=85.78 best_raw=92.42@134 best_ema=87.18@148 lr=0.09070 time=7.1s
[ultrawidescaledtail10_e750_s49] ep 152/750 train_loss=0.9993 val_raw=92.30 val_ema=85.10 best_raw=92.40@148 best_ema=86.82@134 lr=0.09070 time=7.3s
[ultrawidescaledtail10_e750_s48] ep 157/750 train_loss=1.0344 val_raw=92.04 val_ema=89.06 best_raw=92.56@148 best_ema=91.66@153 lr=0.09008 time=7.5s
[ultrawidescaledtail10_e750_s43] ep 153/750 train_loss=1.0396 val_raw=91.64 val_ema=87.24 best_raw=92.48@147 best_ema=91.04@151 lr=0.09057 time=7.4s
[ultrawidescaledtail10_e750_s45] ep 154/750 train_loss=1.0963 val_raw=91.64 val_ema=83.56 best_raw=92.16@142 best_ema=89.06@147 lr=0.09045 time=7.0s
[ultrawidescaledtail10_e750_s42] ep 152/750 train_loss=1.1065 val_raw=92.64 val_ema=85.62 best_raw=92.64@152 best_ema=90.10@150 lr=0.09070 time=7.8s
[ultrawidescaledtail10_e750_s47] ep 154/750 train_loss=0.9976 val_raw=92.68 val_ema=89.08 best_raw=92.68@154 best_ema=91.32@147 lr=0.09045 time=7.0s
[ultrawidescaledtail10_e750_s46] ep 156/750 train_loss=1.0874 val_raw=91.50 val_ema=88.72 best_raw=92.22@150 best_ema=90.32@151 lr=0.09020 time=7.5s
[ultrawidescaledtail10_e750_s44] ep 153/750 train_loss=0.9888 val_raw=91.00 val_ema=86.98 best_raw=92.42@134 best_ema=87.18@148 lr=0.09057 time=7.4s
[ultrawidescaledtail10_e750_s48] ep 158/750 train_loss=0.9588 val_raw=92.26 val_ema=89.76 best_raw=92.56@148 best_ema=91.66@153 lr=0.08995 time=7.1s
[ultrawidescaledtail10_e750_s43] ep 154/750 train_loss=1.0266 val_raw=92.00 val_ema=86.42 best_raw=92.48@147 best_ema=91.04@151 lr=0.09045 time=7.1s
[ultrawidescaledtail10_e750_s49] ep 153/750 train_loss=1.0170 val_raw=91.96 val_ema=87.06 best_raw=92.40@148 best_ema=87.06@153 lr=0.09057 time=7.4s
[ultrawidescaledtail10_e750_s45] ep 155/750 train_loss=1.0741 val_raw=91.76 val_ema=81.18 best_raw=92.16@142 best_ema=89.06@147 lr=0.09033 time=7.1s
[ultrawidescaledtail10_e750_s42] ep 153/750 train_loss=1.0172 val_raw=91.36 val_ema=86.54 best_raw=92.64@152 best_ema=90.10@150 lr=0.09057 time=7.2s
[ultrawidescaledtail10_e750_s47] ep 155/750 train_loss=1.0102 val_raw=91.94 val_ema=90.02 best_raw=92.68@154 best_ema=91.32@147 lr=0.09033 time=7.4s
[ultrawidescaledtail10_e750_s46] ep 157/750 train_loss=1.0665 val_raw=92.12 val_ema=90.70 best_raw=92.22@150 best_ema=90.70@157 lr=0.09008 time=7.2s
[ultrawidescaledtail10_e750_s44] ep 154/750 train_loss=1.0876 val_raw=91.24 val_ema=85.64 best_raw=92.42@134 best_ema=87.18@148 lr=0.09045 time=7.3s
[ultrawidescaledtail10_e750_s48] ep 159/750 train_loss=1.0109 val_raw=92.00 val_ema=89.38 best_raw=92.56@148 best_ema=91.66@153 lr=0.08982 time=7.6s
[ultrawidescaledtail10_e750_s49] ep 154/750 train_loss=1.0065 val_raw=91.92 val_ema=89.18 best_raw=92.40@148 best_ema=89.18@154 lr=0.09045 time=7.5s
[ultrawidescaledtail10_e750_s43] ep 155/750 train_loss=0.9769 val_raw=91.68 val_ema=85.42 best_raw=92.48@147 best_ema=91.04@151 lr=0.09033 time=7.8s
[ultrawidescaledtail10_e750_s45] ep 156/750 train_loss=0.9938 val_raw=91.86 val_ema=86.50 best_raw=92.16@142 best_ema=89.06@147 lr=0.09020 time=7.3s
[ultrawidescaledtail10_e750_s42] ep 154/750 train_loss=0.9688 val_raw=92.30 val_ema=85.66 best_raw=92.64@152 best_ema=90.10@150 lr=0.09045 time=7.6s
[ultrawidescaledtail10_e750_s47] ep 156/750 train_loss=1.0848 val_raw=90.40 val_ema=90.18 best_raw=92.68@154 best_ema=91.32@147 lr=0.09020 time=7.3s
[ultrawidescaledtail10_e750_s46] ep 158/750 train_loss=1.0426 val_raw=92.04 val_ema=89.52 best_raw=92.22@150 best_ema=90.70@157 lr=0.08995 time=7.7s
[ultrawidescaledtail10_e750_s44] ep 155/750 train_loss=0.9966 val_raw=91.90 val_ema=87.74 best_raw=92.42@134 best_ema=87.74@155 lr=0.09033 time=7.9s
[ultrawidescaledtail10_e750_s48] ep 160/750 train_loss=1.0057 val_raw=91.30 val_ema=88.30 best_raw=92.56@148 best_ema=91.66@153 lr=0.08969 time=7.4s
[ultrawidescaledtail10_e750_s43] ep 156/750 train_loss=1.0800 val_raw=91.86 val_ema=86.84 best_raw=92.48@147 best_ema=91.04@151 lr=0.09020 time=7.5s
[ultrawidescaledtail10_e750_s49] ep 155/750 train_loss=1.0331 val_raw=92.00 val_ema=87.68 best_raw=92.40@148 best_ema=89.18@154 lr=0.09033 time=8.1s
[ultrawidescaledtail10_e750_s45] ep 157/750 train_loss=1.0119 val_raw=92.66 val_ema=85.24 best_raw=92.66@157 best_ema=89.06@147 lr=0.09008 time=7.1s
[ultrawidescaledtail10_e750_s47] ep 157/750 train_loss=1.0702 val_raw=92.42 val_ema=88.00 best_raw=92.68@154 best_ema=91.32@147 lr=0.09008 time=7.1s
[ultrawidescaledtail10_e750_s42] ep 155/750 train_loss=1.0281 val_raw=92.34 val_ema=88.26 best_raw=92.64@152 best_ema=90.10@150 lr=0.09033 time=7.5s
[ultrawidescaledtail10_e750_s46] ep 159/750 train_loss=1.0192 val_raw=91.30 val_ema=90.06 best_raw=92.22@150 best_ema=90.70@157 lr=0.08982 time=7.2s
[ultrawidescaledtail10_e750_s44] ep 156/750 train_loss=1.0475 val_raw=92.38 val_ema=86.72 best_raw=92.42@134 best_ema=87.74@155 lr=0.09020 time=7.5s
[ultrawidescaledtail10_e750_s48] ep 161/750 train_loss=1.0154 val_raw=91.44 val_ema=89.64 best_raw=92.56@148 best_ema=91.66@153 lr=0.08957 time=7.2s
[ultrawidescaledtail10_e750_s43] ep 157/750 train_loss=1.0635 val_raw=92.10 val_ema=85.74 best_raw=92.48@147 best_ema=91.04@151 lr=0.09008 time=7.4s
[ultrawidescaledtail10_e750_s49] ep 156/750 train_loss=1.0257 val_raw=91.42 val_ema=84.64 best_raw=92.40@148 best_ema=89.18@154 lr=0.09020 time=7.6s
[ultrawidescaledtail10_e750_s45] ep 158/750 train_loss=1.0370 val_raw=91.36 val_ema=85.44 best_raw=92.66@157 best_ema=89.06@147 lr=0.08995 time=7.9s
[ultrawidescaledtail10_e750_s47] ep 158/750 train_loss=1.0533 val_raw=91.78 val_ema=88.32 best_raw=92.68@154 best_ema=91.32@147 lr=0.08995 time=7.5s
[ultrawidescaledtail10_e750_s42] ep 156/750 train_loss=1.0580 val_raw=92.24 val_ema=87.22 best_raw=92.64@152 best_ema=90.10@150 lr=0.09020 time=7.8s
[ultrawidescaledtail10_e750_s46] ep 160/750 train_loss=1.0242 val_raw=91.98 val_ema=90.12 best_raw=92.22@150 best_ema=90.70@157 lr=0.08969 time=7.4s
[ultrawidescaledtail10_e750_s44] ep 157/750 train_loss=1.0023 val_raw=91.24 val_ema=85.58 best_raw=92.42@134 best_ema=87.74@155 lr=0.09008 time=7.5s
[ultrawidescaledtail10_e750_s48] ep 162/750 train_loss=1.0724 val_raw=92.26 val_ema=90.08 best_raw=92.56@148 best_ema=91.66@153 lr=0.08944 time=7.4s
[ultrawidescaledtail10_e750_s43] ep 158/750 train_loss=0.9897 val_raw=91.62 val_ema=87.38 best_raw=92.48@147 best_ema=91.04@151 lr=0.08995 time=7.6s
[ultrawidescaledtail10_e750_s45] ep 159/750 train_loss=0.9707 val_raw=92.00 val_ema=84.98 best_raw=92.66@157 best_ema=89.06@147 lr=0.08982 time=7.0s
[ultrawidescaledtail10_e750_s49] ep 157/750 train_loss=1.1029 val_raw=91.66 val_ema=87.46 best_raw=92.40@148 best_ema=89.18@154 lr=0.09008 time=7.4s
[ultrawidescaledtail10_e750_s47] ep 159/750 train_loss=1.0557 val_raw=91.86 val_ema=86.30 best_raw=92.68@154 best_ema=91.32@147 lr=0.08982 time=7.1s
[ultrawidescaledtail10_e750_s42] ep 157/750 train_loss=0.9946 val_raw=91.76 val_ema=87.04 best_raw=92.64@152 best_ema=90.10@150 lr=0.09008 time=7.2s
[ultrawidescaledtail10_e750_s46] ep 161/750 train_loss=1.0402 val_raw=91.74 val_ema=90.30 best_raw=92.22@150 best_ema=90.70@157 lr=0.08957 time=7.6s
[ultrawidescaledtail10_e750_s44] ep 158/750 train_loss=0.9914 val_raw=91.86 val_ema=88.38 best_raw=92.42@134 best_ema=88.38@158 lr=0.08995 time=7.8s
[ultrawidescaledtail10_e750_s48] ep 163/750 train_loss=1.0953 val_raw=92.56 val_ema=91.70 best_raw=92.56@148 best_ema=91.70@163 lr=0.08931 time=7.1s
[ultrawidescaledtail10_e750_s43] ep 159/750 train_loss=1.1411 val_raw=92.26 val_ema=87.24 best_raw=92.48@147 best_ema=91.04@151 lr=0.08982 time=7.1s
[ultrawidescaledtail10_e750_s49] ep 158/750 train_loss=0.9665 val_raw=91.40 val_ema=86.80 best_raw=92.40@148 best_ema=89.18@154 lr=0.08995 time=7.5s
[ultrawidescaledtail10_e750_s47] ep 160/750 train_loss=1.0452 val_raw=92.80 val_ema=88.40 best_raw=92.80@160 best_ema=91.32@147 lr=0.08969 time=7.2s
[ultrawidescaledtail10_e750_s45] ep 160/750 train_loss=1.0064 val_raw=92.48 val_ema=86.26 best_raw=92.66@157 best_ema=89.06@147 lr=0.08969 time=7.7s
[ultrawidescaledtail10_e750_s42] ep 158/750 train_loss=1.0699 val_raw=92.24 val_ema=89.64 best_raw=92.64@152 best_ema=90.10@150 lr=0.08995 time=7.0s
[ultrawidescaledtail10_e750_s46] ep 162/750 train_loss=1.0340 val_raw=92.58 val_ema=89.58 best_raw=92.58@162 best_ema=90.70@157 lr=0.08944 time=7.4s
[ultrawidescaledtail10_e750_s44] ep 159/750 train_loss=0.9970 val_raw=91.70 val_ema=87.62 best_raw=92.42@134 best_ema=88.38@158 lr=0.08982 time=7.2s
[ultrawidescaledtail10_e750_s48] ep 164/750 train_loss=1.0459 val_raw=92.14 val_ema=89.54 best_raw=92.56@148 best_ema=91.70@163 lr=0.08918 time=7.1s
[ultrawidescaledtail10_e750_s43] ep 160/750 train_loss=1.0272 val_raw=91.30 val_ema=84.06 best_raw=92.48@147 best_ema=91.04@151 lr=0.08969 time=7.1s
[ultrawidescaledtail10_e750_s47] ep 161/750 train_loss=0.9677 val_raw=91.88 val_ema=88.90 best_raw=92.80@160 best_ema=91.32@147 lr=0.08957 time=7.3s
[ultrawidescaledtail10_e750_s49] ep 159/750 train_loss=1.0135 val_raw=91.00 val_ema=87.84 best_raw=92.40@148 best_ema=89.18@154 lr=0.08982 time=7.4s
[ultrawidescaledtail10_e750_s42] ep 159/750 train_loss=1.0853 val_raw=91.10 val_ema=89.62 best_raw=92.64@152 best_ema=90.10@150 lr=0.08982 time=7.2s
[ultrawidescaledtail10_e750_s45] ep 161/750 train_loss=1.0005 val_raw=92.00 val_ema=84.74 best_raw=92.66@157 best_ema=89.06@147 lr=0.08957 time=7.8s
[ultrawidescaledtail10_e750_s46] ep 163/750 train_loss=1.0254 val_raw=91.76 val_ema=88.28 best_raw=92.58@162 best_ema=90.70@157 lr=0.08931 time=7.3s
[ultrawidescaledtail10_e750_s44] ep 160/750 train_loss=0.9898 val_raw=91.64 val_ema=85.56 best_raw=92.42@134 best_ema=88.38@158 lr=0.08969 time=7.7s
[ultrawidescaledtail10_e750_s48] ep 165/750 train_loss=1.0565 val_raw=91.88 val_ema=90.20 best_raw=92.56@148 best_ema=91.70@163 lr=0.08904 time=7.1s
[ultrawidescaledtail10_e750_s43] ep 161/750 train_loss=1.0917 val_raw=91.72 val_ema=85.88 best_raw=92.48@147 best_ema=91.04@151 lr=0.08957 time=7.6s
[ultrawidescaledtail10_e750_s47] ep 162/750 train_loss=1.1280 val_raw=92.34 val_ema=87.94 best_raw=92.80@160 best_ema=91.32@147 lr=0.08944 time=7.3s
[ultrawidescaledtail10_e750_s42] ep 160/750 train_loss=0.9921 val_raw=91.18 val_ema=85.22 best_raw=92.64@152 best_ema=90.10@150 lr=0.08969 time=7.4s
[ultrawidescaledtail10_e750_s45] ep 162/750 train_loss=1.0447 val_raw=91.78 val_ema=87.42 best_raw=92.66@157 best_ema=89.06@147 lr=0.08944 time=7.1s
[ultrawidescaledtail10_e750_s49] ep 160/750 train_loss=1.0088 val_raw=91.56 val_ema=88.36 best_raw=92.40@148 best_ema=89.18@154 lr=0.08969 time=7.7s
[ultrawidescaledtail10_e750_s46] ep 164/750 train_loss=1.0461 val_raw=91.94 val_ema=86.98 best_raw=92.58@162 best_ema=90.70@157 lr=0.08918 time=7.2s
[ultrawidescaledtail10_e750_s44] ep 161/750 train_loss=1.0910 val_raw=91.56 val_ema=85.98 best_raw=92.42@134 best_ema=88.38@158 lr=0.08957 time=7.3s
[ultrawidescaledtail10_e750_s48] ep 166/750 train_loss=1.0093 val_raw=91.62 val_ema=87.20 best_raw=92.56@148 best_ema=91.70@163 lr=0.08891 time=7.2s
[ultrawidescaledtail10_e750_s43] ep 162/750 train_loss=1.0500 val_raw=92.26 val_ema=83.36 best_raw=92.48@147 best_ema=91.04@151 lr=0.08944 time=7.3s
[ultrawidescaledtail10_e750_s47] ep 163/750 train_loss=1.0386 val_raw=91.90 val_ema=85.84 best_raw=92.80@160 best_ema=91.32@147 lr=0.08931 time=7.2s
[ultrawidescaledtail10_e750_s45] ep 163/750 train_loss=1.0212 val_raw=92.30 val_ema=89.20 best_raw=92.66@157 best_ema=89.20@163 lr=0.08931 time=7.3s
[ultrawidescaledtail10_e750_s42] ep 161/750 train_loss=1.0245 val_raw=92.04 val_ema=88.56 best_raw=92.64@152 best_ema=90.10@150 lr=0.08957 time=7.4s
[ultrawidescaledtail10_e750_s49] ep 161/750 train_loss=0.9916 val_raw=92.34 val_ema=86.64 best_raw=92.40@148 best_ema=89.18@154 lr=0.08957 time=7.6s
[ultrawidescaledtail10_e750_s46] ep 165/750 train_loss=1.0536 val_raw=91.24 val_ema=87.48 best_raw=92.58@162 best_ema=90.70@157 lr=0.08904 time=7.6s
[ultrawidescaledtail10_e750_s44] ep 162/750 train_loss=0.9550 val_raw=91.98 val_ema=87.44 best_raw=92.42@134 best_ema=88.38@158 lr=0.08944 time=7.6s
[ultrawidescaledtail10_e750_s48] ep 167/750 train_loss=0.9776 val_raw=92.10 val_ema=89.28 best_raw=92.56@148 best_ema=91.70@163 lr=0.08878 time=7.6s
[ultrawidescaledtail10_e750_s43] ep 163/750 train_loss=1.0177 val_raw=91.38 val_ema=88.72 best_raw=92.48@147 best_ema=91.04@151 lr=0.08931 time=7.7s
[ultrawidescaledtail10_e750_s47] ep 164/750 train_loss=1.0039 val_raw=92.48 val_ema=88.88 best_raw=92.80@160 best_ema=91.32@147 lr=0.08918 time=7.2s
[ultrawidescaledtail10_e750_s45] ep 164/750 train_loss=1.0427 val_raw=91.52 val_ema=85.78 best_raw=92.66@157 best_ema=89.20@163 lr=0.08918 time=7.2s
[ultrawidescaledtail10_e750_s49] ep 162/750 train_loss=1.1219 val_raw=92.16 val_ema=89.76 best_raw=92.40@148 best_ema=89.76@162 lr=0.08944 time=7.5s
[ultrawidescaledtail10_e750_s42] ep 162/750 train_loss=1.1037 val_raw=92.24 val_ema=88.42 best_raw=92.64@152 best_ema=90.10@150 lr=0.08944 time=7.8s
[ultrawidescaledtail10_e750_s46] ep 166/750 train_loss=1.0755 val_raw=91.86 val_ema=89.38 best_raw=92.58@162 best_ema=90.70@157 lr=0.08891 time=7.4s
[ultrawidescaledtail10_e750_s48] ep 168/750 train_loss=1.0297 val_raw=91.42 val_ema=89.56 best_raw=92.56@148 best_ema=91.70@163 lr=0.08865 time=7.1s
[ultrawidescaledtail10_e750_s44] ep 163/750 train_loss=1.0040 val_raw=92.56 val_ema=87.60 best_raw=92.56@163 best_ema=88.38@158 lr=0.08931 time=7.5s
[ultrawidescaledtail10_e750_s43] ep 164/750 train_loss=1.0932 val_raw=92.18 val_ema=87.66 best_raw=92.48@147 best_ema=91.04@151 lr=0.08918 time=7.1s
[ultrawidescaledtail10_e750_s47] ep 165/750 train_loss=0.9717 val_raw=91.72 val_ema=86.30 best_raw=92.80@160 best_ema=91.32@147 lr=0.08904 time=7.5s
[ultrawidescaledtail10_e750_s45] ep 165/750 train_loss=1.1291 val_raw=90.12 val_ema=86.62 best_raw=92.66@157 best_ema=89.20@163 lr=0.08904 time=7.2s
[ultrawidescaledtail10_e750_s46] ep 167/750 train_loss=1.0479 val_raw=92.26 val_ema=88.26 best_raw=92.58@162 best_ema=90.70@157 lr=0.08878 time=7.1s
[ultrawidescaledtail10_e750_s49] ep 163/750 train_loss=1.0357 val_raw=92.10 val_ema=86.00 best_raw=92.40@148 best_ema=89.76@162 lr=0.08931 time=7.6s
[ultrawidescaledtail10_e750_s42] ep 163/750 train_loss=1.0845 val_raw=91.52 val_ema=88.46 best_raw=92.64@152 best_ema=90.10@150 lr=0.08931 time=7.7s
[ultrawidescaledtail10_e750_s48] ep 169/750 train_loss=1.0822 val_raw=92.10 val_ema=89.40 best_raw=92.56@148 best_ema=91.70@163 lr=0.08851 time=7.1s
[ultrawidescaledtail10_e750_s44] ep 164/750 train_loss=1.0396 val_raw=92.72 val_ema=87.96 best_raw=92.72@164 best_ema=88.38@158 lr=0.08918 time=7.5s
[ultrawidescaledtail10_e750_s43] ep 165/750 train_loss=0.9676 val_raw=92.02 val_ema=85.84 best_raw=92.48@147 best_ema=91.04@151 lr=0.08904 time=7.1s
[ultrawidescaledtail10_e750_s47] ep 166/750 train_loss=1.0109 val_raw=90.80 val_ema=86.52 best_raw=92.80@160 best_ema=91.32@147 lr=0.08891 time=7.1s
[ultrawidescaledtail10_e750_s45] ep 166/750 train_loss=0.9862 val_raw=91.94 val_ema=87.98 best_raw=92.66@157 best_ema=89.20@163 lr=0.08891 time=7.5s
[ultrawidescaledtail10_e750_s46] ep 168/750 train_loss=1.0629 val_raw=91.88 val_ema=89.48 best_raw=92.58@162 best_ema=90.70@157 lr=0.08865 time=7.2s
[ultrawidescaledtail10_e750_s42] ep 164/750 train_loss=1.0235 val_raw=92.82 val_ema=89.50 best_raw=92.82@164 best_ema=90.10@150 lr=0.08918 time=7.2s
[ultrawidescaledtail10_e750_s49] ep 164/750 train_loss=1.0901 val_raw=91.34 val_ema=85.24 best_raw=92.40@148 best_ema=89.76@162 lr=0.08918 time=7.6s
[ultrawidescaledtail10_e750_s48] ep 170/750 train_loss=1.1065 val_raw=92.24 val_ema=88.20 best_raw=92.56@148 best_ema=91.70@163 lr=0.08838 time=7.1s
[ultrawidescaledtail10_e750_s44] ep 165/750 train_loss=1.0299 val_raw=92.52 val_ema=85.44 best_raw=92.72@164 best_ema=88.38@158 lr=0.08904 time=7.5s
[ultrawidescaledtail10_e750_s43] ep 166/750 train_loss=1.0744 val_raw=92.36 val_ema=89.94 best_raw=92.48@147 best_ema=91.04@151 lr=0.08891 time=7.7s
[ultrawidescaledtail10_e750_s47] ep 167/750 train_loss=0.9864 val_raw=91.60 val_ema=89.34 best_raw=92.80@160 best_ema=91.32@147 lr=0.08878 time=7.3s
[ultrawidescaledtail10_e750_s45] ep 167/750 train_loss=1.0488 val_raw=91.88 val_ema=83.98 best_raw=92.66@157 best_ema=89.20@163 lr=0.08878 time=7.4s
[ultrawidescaledtail10_e750_s46] ep 169/750 train_loss=1.0522 val_raw=91.90 val_ema=85.52 best_raw=92.58@162 best_ema=90.70@157 lr=0.08851 time=7.0s
[ultrawidescaledtail10_e750_s42] ep 165/750 train_loss=0.9869 val_raw=92.44 val_ema=87.96 best_raw=92.82@164 best_ema=90.10@150 lr=0.08904 time=7.5s
[ultrawidescaledtail10_e750_s49] ep 165/750 train_loss=1.0426 val_raw=91.44 val_ema=89.24 best_raw=92.40@148 best_ema=89.76@162 lr=0.08904 time=7.8s
[ultrawidescaledtail10_e750_s48] ep 171/750 train_loss=1.0549 val_raw=92.02 val_ema=87.02 best_raw=92.56@148 best_ema=91.70@163 lr=0.08824 time=7.4s
[ultrawidescaledtail10_e750_s44] ep 166/750 train_loss=1.0188 val_raw=92.96 val_ema=85.18 best_raw=92.96@166 best_ema=88.38@158 lr=0.08891 time=8.0s
[ultrawidescaledtail10_e750_s47] ep 168/750 train_loss=1.0576 val_raw=92.36 val_ema=87.66 best_raw=92.80@160 best_ema=91.32@147 lr=0.08865 time=7.4s
[ultrawidescaledtail10_e750_s43] ep 167/750 train_loss=1.0295 val_raw=92.94 val_ema=86.80 best_raw=92.94@167 best_ema=91.04@151 lr=0.08878 time=7.5s
[ultrawidescaledtail10_e750_s45] ep 168/750 train_loss=1.0140 val_raw=92.04 val_ema=85.56 best_raw=92.66@157 best_ema=89.20@163 lr=0.08865 time=7.5s
[ultrawidescaledtail10_e750_s46] ep 170/750 train_loss=1.0630 val_raw=91.34 val_ema=86.86 best_raw=92.58@162 best_ema=90.70@157 lr=0.08838 time=7.3s
[ultrawidescaledtail10_e750_s42] ep 166/750 train_loss=1.0492 val_raw=91.84 val_ema=87.46 best_raw=92.82@164 best_ema=90.10@150 lr=0.08891 time=7.2s
[ultrawidescaledtail10_e750_s49] ep 166/750 train_loss=1.0209 val_raw=92.14 val_ema=87.52 best_raw=92.40@148 best_ema=89.76@162 lr=0.08891 time=7.5s
[ultrawidescaledtail10_e750_s48] ep 172/750 train_loss=0.9890 val_raw=92.54 val_ema=87.30 best_raw=92.56@148 best_ema=91.70@163 lr=0.08811 time=7.3s
[ultrawidescaledtail10_e750_s44] ep 167/750 train_loss=1.0521 val_raw=92.44 val_ema=84.42 best_raw=92.96@166 best_ema=88.38@158 lr=0.08878 time=7.1s
[ultrawidescaledtail10_e750_s47] ep 169/750 train_loss=1.0246 val_raw=92.24 val_ema=89.78 best_raw=92.80@160 best_ema=91.32@147 lr=0.08851 time=7.2s
[ultrawidescaledtail10_e750_s43] ep 168/750 train_loss=0.9918 val_raw=92.58 val_ema=89.34 best_raw=92.94@167 best_ema=91.04@151 lr=0.08865 time=7.6s
[ultrawidescaledtail10_e750_s45] ep 169/750 train_loss=1.0084 val_raw=92.04 val_ema=86.74 best_raw=92.66@157 best_ema=89.20@163 lr=0.08851 time=7.1s
[ultrawidescaledtail10_e750_s46] ep 171/750 train_loss=1.0678 val_raw=91.98 val_ema=89.92 best_raw=92.58@162 best_ema=90.70@157 lr=0.08824 time=7.4s
[ultrawidescaledtail10_e750_s42] ep 167/750 train_loss=1.0522 val_raw=92.66 val_ema=89.36 best_raw=92.82@164 best_ema=90.10@150 lr=0.08878 time=7.5s
[ultrawidescaledtail10_e750_s49] ep 167/750 train_loss=0.9987 val_raw=91.36 val_ema=88.90 best_raw=92.40@148 best_ema=89.76@162 lr=0.08878 time=7.1s
[ultrawidescaledtail10_e750_s48] ep 173/750 train_loss=1.0211 val_raw=92.30 val_ema=87.34 best_raw=92.56@148 best_ema=91.70@163 lr=0.08797 time=7.1s
[ultrawidescaledtail10_e750_s44] ep 168/750 train_loss=1.0554 val_raw=92.16 val_ema=86.84 best_raw=92.96@166 best_ema=88.38@158 lr=0.08865 time=7.1s
[ultrawidescaledtail10_e750_s47] ep 170/750 train_loss=1.0360 val_raw=92.12 val_ema=87.74 best_raw=92.80@160 best_ema=91.32@147 lr=0.08838 time=7.5s
[ultrawidescaledtail10_e750_s43] ep 169/750 train_loss=1.0479 val_raw=92.90 val_ema=87.84 best_raw=92.94@167 best_ema=91.04@151 lr=0.08851 time=7.4s
[ultrawidescaledtail10_e750_s45] ep 170/750 train_loss=1.0156 val_raw=92.76 val_ema=85.62 best_raw=92.76@170 best_ema=89.20@163 lr=0.08838 time=7.2s
[ultrawidescaledtail10_e750_s46] ep 172/750 train_loss=1.0240 val_raw=91.92 val_ema=88.64 best_raw=92.58@162 best_ema=90.70@157 lr=0.08811 time=7.1s
[ultrawidescaledtail10_e750_s42] ep 168/750 train_loss=1.0109 val_raw=92.62 val_ema=85.92 best_raw=92.82@164 best_ema=90.10@150 lr=0.08865 time=7.6s
[ultrawidescaledtail10_e750_s49] ep 168/750 train_loss=1.0116 val_raw=91.92 val_ema=87.34 best_raw=92.40@148 best_ema=89.76@162 lr=0.08865 time=7.2s
[ultrawidescaledtail10_e750_s48] ep 174/750 train_loss=0.9384 val_raw=92.06 val_ema=88.44 best_raw=92.56@148 best_ema=91.70@163 lr=0.08783 time=7.2s
[ultrawidescaledtail10_e750_s44] ep 169/750 train_loss=1.0294 val_raw=92.06 val_ema=87.86 best_raw=92.96@166 best_ema=88.38@158 lr=0.08851 time=7.2s
[ultrawidescaledtail10_e750_s47] ep 171/750 train_loss=1.0597 val_raw=92.02 val_ema=89.68 best_raw=92.80@160 best_ema=91.32@147 lr=0.08824 time=7.0s
[ultrawidescaledtail10_e750_s43] ep 170/750 train_loss=1.0313 val_raw=92.38 val_ema=85.92 best_raw=92.94@167 best_ema=91.04@151 lr=0.08838 time=7.1s
[ultrawidescaledtail10_e750_s45] ep 171/750 train_loss=0.9632 val_raw=91.54 val_ema=84.42 best_raw=92.76@170 best_ema=89.20@163 lr=0.08824 time=7.2s
[ultrawidescaledtail10_e750_s46] ep 173/750 train_loss=0.9933 val_raw=92.50 val_ema=88.60 best_raw=92.58@162 best_ema=90.70@157 lr=0.08797 time=7.1s
[ultrawidescaledtail10_e750_s49] ep 169/750 train_loss=1.0191 val_raw=91.78 val_ema=86.30 best_raw=92.40@148 best_ema=89.76@162 lr=0.08851 time=7.3s
[ultrawidescaledtail10_e750_s42] ep 169/750 train_loss=1.0265 val_raw=92.24 val_ema=86.98 best_raw=92.82@164 best_ema=90.10@150 lr=0.08851 time=7.5s
[ultrawidescaledtail10_e750_s48] ep 175/750 train_loss=1.0265 val_raw=91.94 val_ema=86.34 best_raw=92.56@148 best_ema=91.70@163 lr=0.08769 time=7.2s
[ultrawidescaledtail10_e750_s44] ep 170/750 train_loss=1.0117 val_raw=91.58 val_ema=87.82 best_raw=92.96@166 best_ema=88.38@158 lr=0.08838 time=7.4s
[ultrawidescaledtail10_e750_s47] ep 172/750 train_loss=0.9784 val_raw=92.68 val_ema=87.06 best_raw=92.80@160 best_ema=91.32@147 lr=0.08811 time=7.3s
[ultrawidescaledtail10_e750_s43] ep 171/750 train_loss=1.0540 val_raw=92.56 val_ema=86.84 best_raw=92.94@167 best_ema=91.04@151 lr=0.08824 time=7.6s
[ultrawidescaledtail10_e750_s45] ep 172/750 train_loss=1.0522 val_raw=91.50 val_ema=84.50 best_raw=92.76@170 best_ema=89.20@163 lr=0.08811 time=7.3s
[ultrawidescaledtail10_e750_s46] ep 174/750 train_loss=0.9630 val_raw=92.02 val_ema=88.94 best_raw=92.58@162 best_ema=90.70@157 lr=0.08783 time=7.5s
[ultrawidescaledtail10_e750_s42] ep 170/750 train_loss=1.0442 val_raw=91.92 val_ema=85.68 best_raw=92.82@164 best_ema=90.10@150 lr=0.08838 time=7.0s
[ultrawidescaledtail10_e750_s49] ep 170/750 train_loss=1.0879 val_raw=91.64 val_ema=85.40 best_raw=92.40@148 best_ema=89.76@162 lr=0.08838 time=7.3s
[ultrawidescaledtail10_e750_s48] ep 176/750 train_loss=1.0461 val_raw=91.94 val_ema=86.36 best_raw=92.56@148 best_ema=91.70@163 lr=0.08755 time=7.6s
[ultrawidescaledtail10_e750_s44] ep 171/750 train_loss=1.0594 val_raw=91.82 val_ema=87.54 best_raw=92.96@166 best_ema=88.38@158 lr=0.08824 time=7.7s
[ultrawidescaledtail10_e750_s47] ep 173/750 train_loss=1.0650 val_raw=92.02 val_ema=91.50 best_raw=92.80@160 best_ema=91.50@173 lr=0.08797 time=7.0s
[ultrawidescaledtail10_e750_s43] ep 172/750 train_loss=0.9702 val_raw=91.90 val_ema=75.82 best_raw=92.94@167 best_ema=91.04@151 lr=0.08811 time=7.5s
[ultrawidescaledtail10_e750_s45] ep 173/750 train_loss=1.0318 val_raw=92.80 val_ema=83.66 best_raw=92.80@173 best_ema=89.20@163 lr=0.08797 time=7.5s
[ultrawidescaledtail10_e750_s46] ep 175/750 train_loss=1.0873 val_raw=92.38 val_ema=90.82 best_raw=92.58@162 best_ema=90.82@175 lr=0.08769 time=7.5s
[ultrawidescaledtail10_e750_s42] ep 171/750 train_loss=0.9901 val_raw=92.52 val_ema=87.72 best_raw=92.82@164 best_ema=90.10@150 lr=0.08824 time=7.3s
[ultrawidescaledtail10_e750_s49] ep 171/750 train_loss=1.0353 val_raw=92.08 val_ema=87.34 best_raw=92.40@148 best_ema=89.76@162 lr=0.08824 time=7.2s
[ultrawidescaledtail10_e750_s48] ep 177/750 train_loss=1.0066 val_raw=92.88 val_ema=88.16 best_raw=92.88@177 best_ema=91.70@163 lr=0.08741 time=7.1s
[ultrawidescaledtail10_e750_s44] ep 172/750 train_loss=0.9677 val_raw=92.66 val_ema=86.56 best_raw=92.96@166 best_ema=88.38@158 lr=0.08811 time=7.6s
[ultrawidescaledtail10_e750_s47] ep 174/750 train_loss=1.0247 val_raw=92.30 val_ema=85.94 best_raw=92.80@160 best_ema=91.50@173 lr=0.08783 time=7.8s
[ultrawidescaledtail10_e750_s45] ep 174/750 train_loss=1.0611 val_raw=92.12 val_ema=85.32 best_raw=92.80@173 best_ema=89.20@163 lr=0.08783 time=7.5s
[ultrawidescaledtail10_e750_s43] ep 173/750 train_loss=1.0453 val_raw=91.92 val_ema=89.90 best_raw=92.94@167 best_ema=91.04@151 lr=0.08797 time=7.7s
[ultrawidescaledtail10_e750_s46] ep 176/750 train_loss=1.0257 val_raw=92.06 val_ema=88.84 best_raw=92.58@162 best_ema=90.82@175 lr=0.08755 time=7.4s
[ultrawidescaledtail10_e750_s49] ep 172/750 train_loss=0.9935 val_raw=92.26 val_ema=82.44 best_raw=92.40@148 best_ema=89.76@162 lr=0.08811 time=7.1s
[ultrawidescaledtail10_e750_s42] ep 172/750 train_loss=1.0274 val_raw=91.62 val_ema=86.68 best_raw=92.82@164 best_ema=90.10@150 lr=0.08811 time=7.6s
[ultrawidescaledtail10_e750_s48] ep 178/750 train_loss=0.9895 val_raw=89.86 val_ema=87.78 best_raw=92.88@177 best_ema=91.70@163 lr=0.08727 time=7.6s
[ultrawidescaledtail10_e750_s44] ep 173/750 train_loss=0.9903 val_raw=92.12 val_ema=88.78 best_raw=92.96@166 best_ema=88.78@173 lr=0.08797 time=7.2s
[ultrawidescaledtail10_e750_s47] ep 175/750 train_loss=1.0693 val_raw=92.86 val_ema=89.94 best_raw=92.86@175 best_ema=91.50@173 lr=0.08769 time=7.7s
[ultrawidescaledtail10_e750_s46] ep 177/750 train_loss=0.9991 val_raw=92.08 val_ema=87.36 best_raw=92.58@162 best_ema=90.82@175 lr=0.08741 time=7.0s
[ultrawidescaledtail10_e750_s45] ep 175/750 train_loss=1.0072 val_raw=91.56 val_ema=82.62 best_raw=92.80@173 best_ema=89.20@163 lr=0.08769 time=7.4s
[ultrawidescaledtail10_e750_s43] ep 174/750 train_loss=1.0271 val_raw=91.94 val_ema=87.92 best_raw=92.94@167 best_ema=91.04@151 lr=0.08783 time=7.3s
[ultrawidescaledtail10_e750_s49] ep 173/750 train_loss=1.0400 val_raw=91.72 val_ema=85.26 best_raw=92.40@148 best_ema=89.76@162 lr=0.08797 time=7.3s
[ultrawidescaledtail10_e750_s42] ep 173/750 train_loss=0.9862 val_raw=91.92 val_ema=88.42 best_raw=92.82@164 best_ema=90.10@150 lr=0.08797 time=7.5s
[ultrawidescaledtail10_e750_s48] ep 179/750 train_loss=1.0891 val_raw=91.56 val_ema=89.82 best_raw=92.88@177 best_ema=91.70@163 lr=0.08713 time=7.2s
[ultrawidescaledtail10_e750_s44] ep 174/750 train_loss=1.0278 val_raw=92.16 val_ema=86.46 best_raw=92.96@166 best_ema=88.78@173 lr=0.08783 time=7.6s
[ultrawidescaledtail10_e750_s47] ep 176/750 train_loss=0.9617 val_raw=91.90 val_ema=88.12 best_raw=92.86@175 best_ema=91.50@173 lr=0.08755 time=7.1s
[ultrawidescaledtail10_e750_s43] ep 175/750 train_loss=1.0403 val_raw=92.88 val_ema=86.02 best_raw=92.94@167 best_ema=91.04@151 lr=0.08769 time=7.1s
[ultrawidescaledtail10_e750_s46] ep 178/750 train_loss=1.0041 val_raw=91.88 val_ema=89.22 best_raw=92.58@162 best_ema=90.82@175 lr=0.08727 time=7.5s
[ultrawidescaledtail10_e750_s45] ep 176/750 train_loss=1.0799 val_raw=92.90 val_ema=79.22 best_raw=92.90@176 best_ema=89.20@163 lr=0.08755 time=7.5s
[ultrawidescaledtail10_e750_s49] ep 174/750 train_loss=0.9859 val_raw=91.54 val_ema=85.02 best_raw=92.40@148 best_ema=89.76@162 lr=0.08783 time=7.4s
[ultrawidescaledtail10_e750_s42] ep 174/750 train_loss=0.9676 val_raw=91.72 val_ema=89.30 best_raw=92.82@164 best_ema=90.10@150 lr=0.08783 time=7.5s
[ultrawidescaledtail10_e750_s48] ep 180/750 train_loss=1.0545 val_raw=92.30 val_ema=86.00 best_raw=92.88@177 best_ema=91.70@163 lr=0.08699 time=7.2s
[ultrawidescaledtail10_e750_s44] ep 175/750 train_loss=0.9773 val_raw=91.84 val_ema=86.66 best_raw=92.96@166 best_ema=88.78@173 lr=0.08769 time=7.7s
[ultrawidescaledtail10_e750_s47] ep 177/750 train_loss=1.0336 val_raw=92.24 val_ema=88.68 best_raw=92.86@175 best_ema=91.50@173 lr=0.08741 time=7.2s
[ultrawidescaledtail10_e750_s43] ep 176/750 train_loss=1.0266 val_raw=92.76 val_ema=87.12 best_raw=92.94@167 best_ema=91.04@151 lr=0.08755 time=7.1s
[ultrawidescaledtail10_e750_s46] ep 179/750 train_loss=0.9872 val_raw=92.14 val_ema=85.46 best_raw=92.58@162 best_ema=90.82@175 lr=0.08713 time=7.0s
[ultrawidescaledtail10_e750_s45] ep 177/750 train_loss=1.0135 val_raw=91.44 val_ema=85.92 best_raw=92.90@176 best_ema=89.20@163 lr=0.08741 time=7.5s
[ultrawidescaledtail10_e750_s49] ep 175/750 train_loss=0.9936 val_raw=91.52 val_ema=85.82 best_raw=92.40@148 best_ema=89.76@162 lr=0.08769 time=7.5s
[ultrawidescaledtail10_e750_s42] ep 175/750 train_loss=0.9599 val_raw=92.78 val_ema=90.14 best_raw=92.82@164 best_ema=90.14@175 lr=0.08769 time=7.4s
[ultrawidescaledtail10_e750_s48] ep 181/750 train_loss=1.1281 val_raw=92.20 val_ema=57.18 best_raw=92.88@177 best_ema=91.70@163 lr=0.08685 time=7.0s
[ultrawidescaledtail10_e750_s44] ep 176/750 train_loss=1.0092 val_raw=92.58 val_ema=88.34 best_raw=92.96@166 best_ema=88.78@173 lr=0.08755 time=7.4s
[ultrawidescaledtail10_e750_s47] ep 178/750 train_loss=0.9665 val_raw=92.46 val_ema=90.94 best_raw=92.86@175 best_ema=91.50@173 lr=0.08727 time=7.6s
[ultrawidescaledtail10_e750_s46] ep 180/750 train_loss=1.0239 val_raw=92.06 val_ema=88.84 best_raw=92.58@162 best_ema=90.82@175 lr=0.08699 time=7.0s
[ultrawidescaledtail10_e750_s43] ep 177/750 train_loss=1.0386 val_raw=92.42 val_ema=87.80 best_raw=92.94@167 best_ema=91.04@151 lr=0.08741 time=7.7s
[ultrawidescaledtail10_e750_s45] ep 178/750 train_loss=1.0713 val_raw=91.44 val_ema=87.38 best_raw=92.90@176 best_ema=89.20@163 lr=0.08727 time=7.1s
[ultrawidescaledtail10_e750_s49] ep 176/750 train_loss=1.0392 val_raw=92.24 val_ema=85.38 best_raw=92.40@148 best_ema=89.76@162 lr=0.08755 time=7.4s
[ultrawidescaledtail10_e750_s42] ep 176/750 train_loss=0.9745 val_raw=91.86 val_ema=89.06 best_raw=92.82@164 best_ema=90.14@175 lr=0.08755 time=7.9s
[ultrawidescaledtail10_e750_s48] ep 182/750 train_loss=1.1253 val_raw=92.62 val_ema=82.44 best_raw=92.88@177 best_ema=91.70@163 lr=0.08671 time=7.2s
[ultrawidescaledtail10_e750_s44] ep 177/750 train_loss=1.0367 val_raw=92.92 val_ema=88.96 best_raw=92.96@166 best_ema=88.96@177 lr=0.08741 time=7.2s
[ultrawidescaledtail10_e750_s47] ep 179/750 train_loss=1.0969 val_raw=91.70 val_ema=88.84 best_raw=92.86@175 best_ema=91.50@173 lr=0.08713 time=7.3s
[ultrawidescaledtail10_e750_s46] ep 181/750 train_loss=1.0977 val_raw=92.88 val_ema=90.54 best_raw=92.88@181 best_ema=90.82@175 lr=0.08685 time=7.1s
[ultrawidescaledtail10_e750_s43] ep 178/750 train_loss=0.9848 val_raw=91.92 val_ema=84.88 best_raw=92.94@167 best_ema=91.04@151 lr=0.08727 time=7.1s
[ultrawidescaledtail10_e750_s45] ep 179/750 train_loss=1.0938 val_raw=91.98 val_ema=85.14 best_raw=92.90@176 best_ema=89.20@163 lr=0.08713 time=7.6s
[ultrawidescaledtail10_e750_s49] ep 177/750 train_loss=1.0378 val_raw=92.02 val_ema=87.40 best_raw=92.40@148 best_ema=89.76@162 lr=0.08741 time=7.3s
[ultrawidescaledtail10_e750_s42] ep 177/750 train_loss=1.0607 val_raw=92.46 val_ema=90.46 best_raw=92.82@164 best_ema=90.46@177 lr=0.08741 time=7.6s
[ultrawidescaledtail10_e750_s48] ep 183/750 train_loss=1.0798 val_raw=92.12 val_ema=89.76 best_raw=92.88@177 best_ema=91.70@163 lr=0.08656 time=7.4s
[ultrawidescaledtail10_e750_s44] ep 178/750 train_loss=1.0137 val_raw=92.26 val_ema=88.64 best_raw=92.96@166 best_ema=88.96@177 lr=0.08727 time=7.5s
[ultrawidescaledtail10_e750_s46] ep 182/750 train_loss=1.0628 val_raw=92.16 val_ema=87.38 best_raw=92.88@181 best_ema=90.82@175 lr=0.08671 time=7.1s
[ultrawidescaledtail10_e750_s47] ep 180/750 train_loss=1.0005 val_raw=92.48 val_ema=89.48 best_raw=92.86@175 best_ema=91.50@173 lr=0.08699 time=7.5s
[ultrawidescaledtail10_e750_s43] ep 179/750 train_loss=1.0263 val_raw=91.60 val_ema=84.94 best_raw=92.94@167 best_ema=91.04@151 lr=0.08713 time=7.8s
[ultrawidescaledtail10_e750_s45] ep 180/750 train_loss=1.0259 val_raw=91.80 val_ema=79.14 best_raw=92.90@176 best_ema=89.20@163 lr=0.08699 time=7.2s
[ultrawidescaledtail10_e750_s49] ep 178/750 train_loss=1.0647 val_raw=92.06 val_ema=86.92 best_raw=92.40@148 best_ema=89.76@162 lr=0.08727 time=7.3s
[ultrawidescaledtail10_e750_s42] ep 178/750 train_loss=1.0377 val_raw=91.98 val_ema=87.20 best_raw=92.82@164 best_ema=90.46@177 lr=0.08727 time=7.3s
[ultrawidescaledtail10_e750_s48] ep 184/750 train_loss=1.0357 val_raw=91.70 val_ema=87.04 best_raw=92.88@177 best_ema=91.70@163 lr=0.08642 time=7.1s
[ultrawidescaledtail10_e750_s44] ep 179/750 train_loss=1.0384 val_raw=91.94 val_ema=88.04 best_raw=92.96@166 best_ema=88.96@177 lr=0.08713 time=7.2s
[ultrawidescaledtail10_e750_s46] ep 183/750 train_loss=1.1113 val_raw=92.56 val_ema=90.58 best_raw=92.88@181 best_ema=90.82@175 lr=0.08656 time=7.3s
[ultrawidescaledtail10_e750_s47] ep 181/750 train_loss=1.0870 val_raw=92.04 val_ema=91.06 best_raw=92.86@175 best_ema=91.50@173 lr=0.08685 time=7.4s
[ultrawidescaledtail10_e750_s43] ep 180/750 train_loss=1.0671 val_raw=92.32 val_ema=85.26 best_raw=92.94@167 best_ema=91.04@151 lr=0.08699 time=7.3s
[ultrawidescaledtail10_e750_s45] ep 181/750 train_loss=1.0343 val_raw=92.44 val_ema=86.96 best_raw=92.90@176 best_ema=89.20@163 lr=0.08685 time=7.2s
[ultrawidescaledtail10_e750_s49] ep 179/750 train_loss=1.0028 val_raw=92.32 val_ema=84.84 best_raw=92.40@148 best_ema=89.76@162 lr=0.08713 time=7.4s
[ultrawidescaledtail10_e750_s42] ep 179/750 train_loss=1.0539 val_raw=91.84 val_ema=88.14 best_raw=92.82@164 best_ema=90.46@177 lr=0.08713 time=7.3s
[ultrawidescaledtail10_e750_s48] ep 185/750 train_loss=1.0284 val_raw=92.68 val_ema=87.34 best_raw=92.88@177 best_ema=91.70@163 lr=0.08627 time=7.1s
[ultrawidescaledtail10_e750_s46] ep 184/750 train_loss=1.0179 val_raw=92.52 val_ema=89.56 best_raw=92.88@181 best_ema=90.82@175 lr=0.08642 time=7.2s
[ultrawidescaledtail10_e750_s44] ep 180/750 train_loss=1.0008 val_raw=92.06 val_ema=85.62 best_raw=92.96@166 best_ema=88.96@177 lr=0.08699 time=7.5s
[ultrawidescaledtail10_e750_s47] ep 182/750 train_loss=0.9957 val_raw=92.30 val_ema=90.90 best_raw=92.86@175 best_ema=91.50@173 lr=0.08671 time=7.2s
[ultrawidescaledtail10_e750_s43] ep 181/750 train_loss=0.9815 val_raw=92.52 val_ema=79.48 best_raw=92.94@167 best_ema=91.04@151 lr=0.08685 time=7.3s
[ultrawidescaledtail10_e750_s45] ep 182/750 train_loss=1.0575 val_raw=91.44 val_ema=82.40 best_raw=92.90@176 best_ema=89.20@163 lr=0.08671 time=7.5s
[ultrawidescaledtail10_e750_s49] ep 180/750 train_loss=1.0255 val_raw=92.34 val_ema=87.86 best_raw=92.40@148 best_ema=89.76@162 lr=0.08699 time=7.6s
[ultrawidescaledtail10_e750_s42] ep 180/750 train_loss=1.0342 val_raw=92.48 val_ema=88.30 best_raw=92.82@164 best_ema=90.46@177 lr=0.08699 time=7.1s
[ultrawidescaledtail10_e750_s48] ep 186/750 train_loss=1.0403 val_raw=92.20 val_ema=88.08 best_raw=92.88@177 best_ema=91.70@163 lr=0.08613 time=7.2s
[ultrawidescaledtail10_e750_s44] ep 181/750 train_loss=1.0096 val_raw=92.52 val_ema=87.16 best_raw=92.96@166 best_ema=88.96@177 lr=0.08685 time=7.2s
[ultrawidescaledtail10_e750_s46] ep 185/750 train_loss=1.0454 val_raw=91.40 val_ema=88.14 best_raw=92.88@181 best_ema=90.82@175 lr=0.08627 time=7.5s
[ultrawidescaledtail10_e750_s47] ep 183/750 train_loss=1.0655 val_raw=92.68 val_ema=87.10 best_raw=92.86@175 best_ema=91.50@173 lr=0.08656 time=7.4s
[ultrawidescaledtail10_e750_s43] ep 182/750 train_loss=0.9972 val_raw=92.94 val_ema=86.92 best_raw=92.94@167 best_ema=91.04@151 lr=0.08671 time=7.1s
[ultrawidescaledtail10_e750_s45] ep 183/750 train_loss=1.0489 val_raw=92.26 val_ema=86.10 best_raw=92.90@176 best_ema=89.20@163 lr=0.08656 time=7.2s
[ultrawidescaledtail10_e750_s49] ep 181/750 train_loss=1.0184 val_raw=92.16 val_ema=86.66 best_raw=92.40@148 best_ema=89.76@162 lr=0.08685 time=7.7s
[ultrawidescaledtail10_e750_s42] ep 181/750 train_loss=1.1041 val_raw=92.48 val_ema=88.50 best_raw=92.82@164 best_ema=90.46@177 lr=0.08685 time=7.0s
[ultrawidescaledtail10_e750_s48] ep 187/750 train_loss=0.9956 val_raw=92.46 val_ema=91.06 best_raw=92.88@177 best_ema=91.70@163 lr=0.08598 time=7.1s
[ultrawidescaledtail10_e750_s44] ep 182/750 train_loss=0.9632 val_raw=92.76 val_ema=89.48 best_raw=92.96@166 best_ema=89.48@182 lr=0.08671 time=7.5s
[ultrawidescaledtail10_e750_s46] ep 186/750 train_loss=1.0560 val_raw=92.72 val_ema=90.12 best_raw=92.88@181 best_ema=90.82@175 lr=0.08613 time=7.6s
[ultrawidescaledtail10_e750_s47] ep 184/750 train_loss=0.9791 val_raw=92.24 val_ema=88.62 best_raw=92.86@175 best_ema=91.50@173 lr=0.08642 time=7.4s
[ultrawidescaledtail10_e750_s43] ep 183/750 train_loss=1.0366 val_raw=92.16 val_ema=88.12 best_raw=92.94@167 best_ema=91.04@151 lr=0.08656 time=7.3s
[ultrawidescaledtail10_e750_s45] ep 184/750 train_loss=1.0383 val_raw=91.52 val_ema=83.34 best_raw=92.90@176 best_ema=89.20@163 lr=0.08642 time=7.0s
[ultrawidescaledtail10_e750_s49] ep 182/750 train_loss=1.0521 val_raw=92.36 val_ema=88.28 best_raw=92.40@148 best_ema=89.76@162 lr=0.08671 time=7.1s
[ultrawidescaledtail10_e750_s42] ep 182/750 train_loss=0.9890 val_raw=92.58 val_ema=85.78 best_raw=92.82@164 best_ema=90.46@177 lr=0.08671 time=7.5s
[ultrawidescaledtail10_e750_s48] ep 188/750 train_loss=0.9809 val_raw=92.66 val_ema=88.60 best_raw=92.88@177 best_ema=91.70@163 lr=0.08584 time=7.2s
[ultrawidescaledtail10_e750_s44] ep 183/750 train_loss=0.9971 val_raw=92.44 val_ema=87.60 best_raw=92.96@166 best_ema=89.48@182 lr=0.08656 time=7.4s
[ultrawidescaledtail10_e750_s46] ep 187/750 train_loss=0.9506 val_raw=92.70 val_ema=90.40 best_raw=92.88@181 best_ema=90.82@175 lr=0.08598 time=7.2s
[ultrawidescaledtail10_e750_s43] ep 184/750 train_loss=0.9958 val_raw=92.82 val_ema=87.90 best_raw=92.94@167 best_ema=91.04@151 lr=0.08642 time=7.2s
[ultrawidescaledtail10_e750_s47] ep 185/750 train_loss=1.0367 val_raw=92.50 val_ema=89.76 best_raw=92.86@175 best_ema=91.50@173 lr=0.08627 time=7.6s
[ultrawidescaledtail10_e750_s45] ep 185/750 train_loss=1.0381 val_raw=92.20 val_ema=82.04 best_raw=92.90@176 best_ema=89.20@163 lr=0.08627 time=7.4s
[ultrawidescaledtail10_e750_s49] ep 183/750 train_loss=1.0327 val_raw=92.36 val_ema=87.44 best_raw=92.40@148 best_ema=89.76@162 lr=0.08656 time=7.5s
[ultrawidescaledtail10_e750_s48] ep 189/750 train_loss=0.9987 val_raw=92.00 val_ema=89.50 best_raw=92.88@177 best_ema=91.70@163 lr=0.08569 time=7.1s
[ultrawidescaledtail10_e750_s42] ep 183/750 train_loss=1.0096 val_raw=92.92 val_ema=87.84 best_raw=92.92@183 best_ema=90.46@177 lr=0.08656 time=7.9s
[ultrawidescaledtail10_e750_s46] ep 188/750 train_loss=1.0336 val_raw=92.76 val_ema=89.64 best_raw=92.88@181 best_ema=90.82@175 lr=0.08584 time=7.0s
[ultrawidescaledtail10_e750_s43] ep 185/750 train_loss=1.0072 val_raw=90.96 val_ema=90.02 best_raw=92.94@167 best_ema=91.04@151 lr=0.08627 time=7.1s
[ultrawidescaledtail10_e750_s44] ep 184/750 train_loss=1.0000 val_raw=91.98 val_ema=87.68 best_raw=92.96@166 best_ema=89.48@182 lr=0.08642 time=7.6s
[ultrawidescaledtail10_e750_s47] ep 186/750 train_loss=0.9911 val_raw=92.04 val_ema=89.92 best_raw=92.86@175 best_ema=91.50@173 lr=0.08613 time=7.8s
[ultrawidescaledtail10_e750_s45] ep 186/750 train_loss=0.9416 val_raw=91.70 val_ema=78.04 best_raw=92.90@176 best_ema=89.20@163 lr=0.08613 time=7.7s
[ultrawidescaledtail10_e750_s48] ep 190/750 train_loss=1.0126 val_raw=92.72 val_ema=88.86 best_raw=92.88@177 best_ema=91.70@163 lr=0.08554 time=7.4s
[ultrawidescaledtail10_e750_s49] ep 184/750 train_loss=1.0557 val_raw=91.08 val_ema=88.74 best_raw=92.40@148 best_ema=89.76@162 lr=0.08642 time=7.9s
[ultrawidescaledtail10_e750_s42] ep 184/750 train_loss=0.9721 val_raw=91.40 val_ema=85.54 best_raw=92.92@183 best_ema=90.46@177 lr=0.08642 time=8.3s
[ultrawidescaledtail10_e750_s46] ep 189/750 train_loss=1.0199 val_raw=92.44 val_ema=87.60 best_raw=92.88@181 best_ema=90.82@175 lr=0.08569 time=7.8s
[ultrawidescaledtail10_e750_s44] ep 185/750 train_loss=0.9989 val_raw=92.68 val_ema=88.96 best_raw=92.96@166 best_ema=89.48@182 lr=0.08627 time=7.5s
[ultrawidescaledtail10_e750_s43] ep 186/750 train_loss=1.0376 val_raw=92.38 val_ema=81.96 best_raw=92.94@167 best_ema=91.04@151 lr=0.08613 time=7.5s
[ultrawidescaledtail10_e750_s47] ep 187/750 train_loss=1.0323 val_raw=92.60 val_ema=88.90 best_raw=92.86@175 best_ema=91.50@173 lr=0.08598 time=7.5s
[ultrawidescaledtail10_e750_s45] ep 187/750 train_loss=1.0206 val_raw=92.56 val_ema=85.18 best_raw=92.90@176 best_ema=89.20@163 lr=0.08598 time=7.5s
[ultrawidescaledtail10_e750_s48] ep 191/750 train_loss=0.9831 val_raw=92.82 val_ema=88.38 best_raw=92.88@177 best_ema=91.70@163 lr=0.08539 time=7.4s
[ultrawidescaledtail10_e750_s49] ep 185/750 train_loss=1.0410 val_raw=91.70 val_ema=87.06 best_raw=92.40@148 best_ema=89.76@162 lr=0.08627 time=7.5s
[ultrawidescaledtail10_e750_s42] ep 185/750 train_loss=1.0041 val_raw=91.46 val_ema=86.68 best_raw=92.92@183 best_ema=90.46@177 lr=0.08627 time=7.4s
[ultrawidescaledtail10_e750_s46] ep 190/750 train_loss=0.9927 val_raw=92.48 val_ema=88.22 best_raw=92.88@181 best_ema=90.82@175 lr=0.08554 time=7.5s
[ultrawidescaledtail10_e750_s44] ep 186/750 train_loss=1.0002 val_raw=91.62 val_ema=88.50 best_raw=92.96@166 best_ema=89.48@182 lr=0.08613 time=7.8s
[ultrawidescaledtail10_e750_s43] ep 187/750 train_loss=1.0109 val_raw=92.76 val_ema=85.24 best_raw=92.94@167 best_ema=91.04@151 lr=0.08598 time=7.9s
[ultrawidescaledtail10_e750_s47] ep 188/750 train_loss=1.0088 val_raw=92.36 val_ema=88.10 best_raw=92.86@175 best_ema=91.50@173 lr=0.08584 time=7.4s
[ultrawidescaledtail10_e750_s45] ep 188/750 train_loss=1.0313 val_raw=92.26 val_ema=84.30 best_raw=92.90@176 best_ema=89.20@163 lr=0.08584 time=7.3s
[ultrawidescaledtail10_e750_s48] ep 192/750 train_loss=0.9710 val_raw=92.26 val_ema=87.68 best_raw=92.88@177 best_ema=91.70@163 lr=0.08524 time=7.1s
[ultrawidescaledtail10_e750_s49] ep 186/750 train_loss=1.0286 val_raw=92.88 val_ema=87.46 best_raw=92.88@186 best_ema=89.76@162 lr=0.08613 time=7.7s
[ultrawidescaledtail10_e750_s42] ep 186/750 train_loss=1.0385 val_raw=91.80 val_ema=86.24 best_raw=92.92@183 best_ema=90.46@177 lr=0.08613 time=7.6s
[ultrawidescaledtail10_e750_s46] ep 191/750 train_loss=1.0285 val_raw=91.72 val_ema=89.16 best_raw=92.88@181 best_ema=90.82@175 lr=0.08539 time=7.5s
[ultrawidescaledtail10_e750_s47] ep 189/750 train_loss=0.9773 val_raw=92.22 val_ema=87.86 best_raw=92.86@175 best_ema=91.50@173 lr=0.08569 time=7.4s
[ultrawidescaledtail10_e750_s45] ep 189/750 train_loss=1.0823 val_raw=92.80 val_ema=81.32 best_raw=92.90@176 best_ema=89.20@163 lr=0.08569 time=7.5s
[ultrawidescaledtail10_e750_s44] ep 187/750 train_loss=1.0297 val_raw=92.30 val_ema=88.06 best_raw=92.96@166 best_ema=89.48@182 lr=0.08598 time=7.8s
[ultrawidescaledtail10_e750_s43] ep 188/750 train_loss=1.0290 val_raw=92.56 val_ema=90.00 best_raw=92.94@167 best_ema=91.04@151 lr=0.08584 time=7.8s
[ultrawidescaledtail10_e750_s48] ep 193/750 train_loss=1.0283 val_raw=92.78 val_ema=87.74 best_raw=92.88@177 best_ema=91.70@163 lr=0.08509 time=7.4s
[ultrawidescaledtail10_e750_s49] ep 187/750 train_loss=1.0090 val_raw=92.46 val_ema=88.20 best_raw=92.88@186 best_ema=89.76@162 lr=0.08598 time=7.9s
[ultrawidescaledtail10_e750_s42] ep 187/750 train_loss=1.0191 val_raw=92.30 val_ema=86.80 best_raw=92.92@183 best_ema=90.46@177 lr=0.08598 time=7.5s
[ultrawidescaledtail10_e750_s46] ep 192/750 train_loss=1.0529 val_raw=92.36 val_ema=91.04 best_raw=92.88@181 best_ema=91.04@192 lr=0.08524 time=7.2s
[ultrawidescaledtail10_e750_s45] ep 190/750 train_loss=1.0488 val_raw=92.18 val_ema=85.72 best_raw=92.90@176 best_ema=89.20@163 lr=0.08554 time=7.1s
[ultrawidescaledtail10_e750_s43] ep 189/750 train_loss=1.0480 val_raw=92.48 val_ema=87.90 best_raw=92.94@167 best_ema=91.04@151 lr=0.08569 time=7.2s
[ultrawidescaledtail10_e750_s47] ep 190/750 train_loss=1.0238 val_raw=92.28 val_ema=89.70 best_raw=92.86@175 best_ema=91.50@173 lr=0.08554 time=7.6s
[ultrawidescaledtail10_e750_s44] ep 188/750 train_loss=1.0241 val_raw=92.46 val_ema=87.96 best_raw=92.96@166 best_ema=89.48@182 lr=0.08584 time=7.5s
[ultrawidescaledtail10_e750_s48] ep 194/750 train_loss=1.0073 val_raw=92.62 val_ema=87.72 best_raw=92.88@177 best_ema=91.70@163 lr=0.08494 time=7.4s
[ultrawidescaledtail10_e750_s49] ep 188/750 train_loss=1.0072 val_raw=92.30 val_ema=88.50 best_raw=92.88@186 best_ema=89.76@162 lr=0.08584 time=7.7s
[ultrawidescaledtail10_e750_s42] ep 188/750 train_loss=1.0445 val_raw=92.46 val_ema=87.32 best_raw=92.92@183 best_ema=90.46@177 lr=0.08584 time=7.5s
[ultrawidescaledtail10_e750_s46] ep 193/750 train_loss=1.0336 val_raw=92.28 val_ema=90.36 best_raw=92.88@181 best_ema=91.04@192 lr=0.08509 time=7.2s
[ultrawidescaledtail10_e750_s45] ep 191/750 train_loss=1.0346 val_raw=92.14 val_ema=86.74 best_raw=92.90@176 best_ema=89.20@163 lr=0.08539 time=7.1s
[ultrawidescaledtail10_e750_s43] ep 190/750 train_loss=1.0273 val_raw=92.40 val_ema=81.40 best_raw=92.94@167 best_ema=91.04@151 lr=0.08554 time=7.0s
[ultrawidescaledtail10_e750_s44] ep 189/750 train_loss=1.0375 val_raw=92.56 val_ema=86.94 best_raw=92.96@166 best_ema=89.48@182 lr=0.08569 time=7.0s
[ultrawidescaledtail10_e750_s47] ep 191/750 train_loss=1.0368 val_raw=92.56 val_ema=88.68 best_raw=92.86@175 best_ema=91.50@173 lr=0.08539 time=7.6s
[ultrawidescaledtail10_e750_s48] ep 195/750 train_loss=1.0600 val_raw=92.98 val_ema=91.00 best_raw=92.98@195 best_ema=91.70@163 lr=0.08479 time=7.4s
[ultrawidescaledtail10_e750_s49] ep 189/750 train_loss=1.0755 val_raw=91.90 val_ema=89.26 best_raw=92.88@186 best_ema=89.76@162 lr=0.08569 time=7.8s
[ultrawidescaledtail10_e750_s42] ep 189/750 train_loss=1.0360 val_raw=92.28 val_ema=89.08 best_raw=92.92@183 best_ema=90.46@177 lr=0.08569 time=7.3s
[ultrawidescaledtail10_e750_s46] ep 194/750 train_loss=1.0715 val_raw=92.34 val_ema=88.98 best_raw=92.88@181 best_ema=91.04@192 lr=0.08494 time=7.5s
[ultrawidescaledtail10_e750_s45] ep 192/750 train_loss=0.9757 val_raw=92.10 val_ema=87.94 best_raw=92.90@176 best_ema=89.20@163 lr=0.08524 time=7.1s
[ultrawidescaledtail10_e750_s43] ep 191/750 train_loss=1.0221 val_raw=91.92 val_ema=86.76 best_raw=92.94@167 best_ema=91.04@151 lr=0.08539 time=7.3s
[ultrawidescaledtail10_e750_s44] ep 190/750 train_loss=1.0872 val_raw=92.70 val_ema=89.58 best_raw=92.96@166 best_ema=89.58@190 lr=0.08554 time=7.2s
[ultrawidescaledtail10_e750_s47] ep 192/750 train_loss=1.0756 val_raw=92.30 val_ema=88.80 best_raw=92.86@175 best_ema=91.50@173 lr=0.08524 time=7.3s
[ultrawidescaledtail10_e750_s48] ep 196/750 train_loss=0.9784 val_raw=92.40 val_ema=88.90 best_raw=92.98@195 best_ema=91.70@163 lr=0.08464 time=7.4s
[ultrawidescaledtail10_e750_s49] ep 190/750 train_loss=1.0337 val_raw=92.80 val_ema=89.38 best_raw=92.88@186 best_ema=89.76@162 lr=0.08554 time=7.5s
[ultrawidescaledtail10_e750_s42] ep 190/750 train_loss=1.0329 val_raw=92.46 val_ema=89.46 best_raw=92.92@183 best_ema=90.46@177 lr=0.08554 time=7.6s
[ultrawidescaledtail10_e750_s46] ep 195/750 train_loss=1.0729 val_raw=92.74 val_ema=90.64 best_raw=92.88@181 best_ema=91.04@192 lr=0.08479 time=7.2s
[ultrawidescaledtail10_e750_s45] ep 193/750 train_loss=1.0516 val_raw=92.98 val_ema=78.20 best_raw=92.98@193 best_ema=89.20@163 lr=0.08509 time=7.3s
[ultrawidescaledtail10_e750_s44] ep 191/750 train_loss=1.0303 val_raw=92.48 val_ema=87.72 best_raw=92.96@166 best_ema=89.58@190 lr=0.08539 time=7.4s
[ultrawidescaledtail10_e750_s47] ep 193/750 train_loss=0.9516 val_raw=92.84 val_ema=85.68 best_raw=92.86@175 best_ema=91.50@173 lr=0.08509 time=7.0s
[ultrawidescaledtail10_e750_s43] ep 192/750 train_loss=1.0600 val_raw=92.66 val_ema=87.50 best_raw=92.94@167 best_ema=91.04@151 lr=0.08524 time=8.0s
[ultrawidescaledtail10_e750_s48] ep 197/750 train_loss=1.0267 val_raw=93.00 val_ema=90.08 best_raw=93.00@197 best_ema=91.70@163 lr=0.08449 time=7.2s
[ultrawidescaledtail10_e750_s49] ep 191/750 train_loss=0.9202 val_raw=91.84 val_ema=87.78 best_raw=92.88@186 best_ema=89.76@162 lr=0.08539 time=7.1s
[ultrawidescaledtail10_e750_s42] ep 191/750 train_loss=1.0550 val_raw=92.76 val_ema=89.58 best_raw=92.92@183 best_ema=90.46@177 lr=0.08539 time=7.2s
[ultrawidescaledtail10_e750_s46] ep 196/750 train_loss=1.0316 val_raw=92.22 val_ema=90.66 best_raw=92.88@181 best_ema=91.04@192 lr=0.08464 time=7.3s
[ultrawidescaledtail10_e750_s45] ep 194/750 train_loss=0.9737 val_raw=91.44 val_ema=78.64 best_raw=92.98@193 best_ema=89.20@163 lr=0.08494 time=7.1s
[ultrawidescaledtail10_e750_s47] ep 194/750 train_loss=0.9853 val_raw=93.42 val_ema=85.60 best_raw=93.42@194 best_ema=91.50@173 lr=0.08494 time=7.3s
[ultrawidescaledtail10_e750_s44] ep 192/750 train_loss=0.9910 val_raw=92.72 val_ema=89.18 best_raw=92.96@166 best_ema=89.58@190 lr=0.08524 time=7.5s
[ultrawidescaledtail10_e750_s43] ep 193/750 train_loss=0.9375 val_raw=92.54 val_ema=85.22 best_raw=92.94@167 best_ema=91.04@151 lr=0.08509 time=7.5s
[ultrawidescaledtail10_e750_s48] ep 198/750 train_loss=1.0466 val_raw=92.52 val_ema=90.50 best_raw=93.00@197 best_ema=91.70@163 lr=0.08433 time=7.1s
[ultrawidescaledtail10_e750_s49] ep 192/750 train_loss=1.0154 val_raw=92.32 val_ema=89.54 best_raw=92.88@186 best_ema=89.76@162 lr=0.08524 time=7.3s
[ultrawidescaledtail10_e750_s42] ep 192/750 train_loss=1.0498 val_raw=92.36 val_ema=86.62 best_raw=92.92@183 best_ema=90.46@177 lr=0.08524 time=7.6s
[ultrawidescaledtail10_e750_s46] ep 197/750 train_loss=0.9772 val_raw=91.80 val_ema=89.50 best_raw=92.88@181 best_ema=91.04@192 lr=0.08449 time=7.3s
[ultrawidescaledtail10_e750_s45] ep 195/750 train_loss=1.0157 val_raw=92.22 val_ema=83.58 best_raw=92.98@193 best_ema=89.20@163 lr=0.08479 time=7.4s
[ultrawidescaledtail10_e750_s47] ep 195/750 train_loss=0.9995 val_raw=92.24 val_ema=87.88 best_raw=93.42@194 best_ema=91.50@173 lr=0.08479 time=7.1s
[ultrawidescaledtail10_e750_s44] ep 193/750 train_loss=1.0224 val_raw=92.48 val_ema=89.76 best_raw=92.96@166 best_ema=89.76@193 lr=0.08509 time=7.3s
[ultrawidescaledtail10_e750_s43] ep 194/750 train_loss=1.0566 val_raw=92.68 val_ema=88.94 best_raw=92.94@167 best_ema=91.04@151 lr=0.08494 time=7.3s
[ultrawidescaledtail10_e750_s48] ep 199/750 train_loss=1.0157 val_raw=92.04 val_ema=87.90 best_raw=93.00@197 best_ema=91.70@163 lr=0.08418 time=7.1s
[ultrawidescaledtail10_e750_s49] ep 193/750 train_loss=1.0818 val_raw=92.44 val_ema=89.16 best_raw=92.88@186 best_ema=89.76@162 lr=0.08509 time=7.2s
[ultrawidescaledtail10_e750_s42] ep 193/750 train_loss=1.0832 val_raw=92.02 val_ema=87.20 best_raw=92.92@183 best_ema=90.46@177 lr=0.08509 time=7.2s
[ultrawidescaledtail10_e750_s45] ep 196/750 train_loss=1.0160 val_raw=92.40 val_ema=84.40 best_raw=92.98@193 best_ema=89.20@163 lr=0.08464 time=7.1s
[ultrawidescaledtail10_e750_s46] ep 198/750 train_loss=1.0456 val_raw=91.96 val_ema=91.10 best_raw=92.88@181 best_ema=91.10@198 lr=0.08433 time=7.4s
[ultrawidescaledtail10_e750_s47] ep 196/750 train_loss=1.0371 val_raw=92.56 val_ema=89.96 best_raw=93.42@194 best_ema=91.50@173 lr=0.08464 time=7.5s
[ultrawidescaledtail10_e750_s43] ep 195/750 train_loss=1.0274 val_raw=91.82 val_ema=86.54 best_raw=92.94@167 best_ema=91.04@151 lr=0.08479 time=7.2s
[ultrawidescaledtail10_e750_s44] ep 194/750 train_loss=1.0703 val_raw=92.16 val_ema=89.04 best_raw=92.96@166 best_ema=89.76@193 lr=0.08494 time=7.7s
[ultrawidescaledtail10_e750_s48] ep 200/750 train_loss=1.0068 val_raw=92.92 val_ema=90.72 best_raw=93.00@197 best_ema=91.70@163 lr=0.08403 time=7.2s
[ultrawidescaledtail10_e750_s49] ep 194/750 train_loss=1.0663 val_raw=92.50 val_ema=87.88 best_raw=92.88@186 best_ema=89.76@162 lr=0.08494 time=7.5s
[ultrawidescaledtail10_e750_s42] ep 194/750 train_loss=0.9829 val_raw=92.86 val_ema=87.66 best_raw=92.92@183 best_ema=90.46@177 lr=0.08494 time=7.4s
[ultrawidescaledtail10_e750_s46] ep 199/750 train_loss=1.0767 val_raw=92.72 val_ema=89.96 best_raw=92.88@181 best_ema=91.10@198 lr=0.08418 time=7.0s
[ultrawidescaledtail10_e750_s45] ep 197/750 train_loss=0.9794 val_raw=92.52 val_ema=75.44 best_raw=92.98@193 best_ema=89.20@163 lr=0.08449 time=7.1s
[ultrawidescaledtail10_e750_s47] ep 197/750 train_loss=1.0173 val_raw=92.44 val_ema=89.42 best_raw=93.42@194 best_ema=91.50@173 lr=0.08449 time=7.1s
[ultrawidescaledtail10_e750_s43] ep 196/750 train_loss=1.0151 val_raw=92.58 val_ema=85.96 best_raw=92.94@167 best_ema=91.04@151 lr=0.08464 time=7.1s
[ultrawidescaledtail10_e750_s48] ep 201/750 train_loss=1.0082 val_raw=91.70 val_ema=88.30 best_raw=93.00@197 best_ema=91.70@163 lr=0.08387 time=7.1s
[ultrawidescaledtail10_e750_s44] ep 195/750 train_loss=1.0277 val_raw=92.06 val_ema=88.20 best_raw=92.96@166 best_ema=89.76@193 lr=0.08479 time=7.7s
[ultrawidescaledtail10_e750_s49] ep 195/750 train_loss=1.0634 val_raw=92.26 val_ema=88.20 best_raw=92.88@186 best_ema=89.76@162 lr=0.08479 time=7.1s
[ultrawidescaledtail10_e750_s42] ep 195/750 train_loss=1.0054 val_raw=92.70 val_ema=89.28 best_raw=92.92@183 best_ema=90.46@177 lr=0.08479 time=7.2s
[ultrawidescaledtail10_e750_s46] ep 200/750 train_loss=1.0295 val_raw=92.92 val_ema=89.98 best_raw=92.92@200 best_ema=91.10@198 lr=0.08403 time=7.2s
[ultrawidescaledtail10_e750_s45] ep 198/750 train_loss=1.0242 val_raw=92.16 val_ema=85.84 best_raw=92.98@193 best_ema=89.20@163 lr=0.08433 time=7.3s
[ultrawidescaledtail10_e750_s47] ep 198/750 train_loss=1.0097 val_raw=92.12 val_ema=90.12 best_raw=93.42@194 best_ema=91.50@173 lr=0.08433 time=7.3s
[ultrawidescaledtail10_e750_s43] ep 197/750 train_loss=0.9887 val_raw=93.16 val_ema=84.68 best_raw=93.16@197 best_ema=91.04@151 lr=0.08449 time=7.3s
[ultrawidescaledtail10_e750_s48] ep 202/750 train_loss=1.0318 val_raw=92.56 val_ema=89.82 best_raw=93.00@197 best_ema=91.70@163 lr=0.08372 time=7.0s
[ultrawidescaledtail10_e750_s44] ep 196/750 train_loss=1.0192 val_raw=92.72 val_ema=88.44 best_raw=92.96@166 best_ema=89.76@193 lr=0.08464 time=7.3s
[ultrawidescaledtail10_e750_s42] ep 196/750 train_loss=1.0226 val_raw=92.52 val_ema=90.36 best_raw=92.92@183 best_ema=90.46@177 lr=0.08464 time=7.3s
[ultrawidescaledtail10_e750_s49] ep 196/750 train_loss=0.9690 val_raw=92.78 val_ema=86.90 best_raw=92.88@186 best_ema=89.76@162 lr=0.08464 time=7.9s
[ultrawidescaledtail10_e750_s46] ep 201/750 train_loss=0.9827 val_raw=92.64 val_ema=89.06 best_raw=92.92@200 best_ema=91.10@198 lr=0.08387 time=7.6s
[ultrawidescaledtail10_e750_s45] ep 199/750 train_loss=0.9747 val_raw=92.16 val_ema=85.00 best_raw=92.98@193 best_ema=89.20@163 lr=0.08418 time=7.6s
[ultrawidescaledtail10_e750_s47] ep 199/750 train_loss=1.0646 val_raw=92.60 val_ema=90.92 best_raw=93.42@194 best_ema=91.50@173 lr=0.08418 time=7.4s
[ultrawidescaledtail10_e750_s43] ep 198/750 train_loss=1.0157 val_raw=92.78 val_ema=87.38 best_raw=93.16@197 best_ema=91.04@151 lr=0.08433 time=7.1s
[ultrawidescaledtail10_e750_s48] ep 203/750 train_loss=1.0165 val_raw=92.34 val_ema=89.72 best_raw=93.00@197 best_ema=91.70@163 lr=0.08356 time=7.1s
[ultrawidescaledtail10_e750_s44] ep 197/750 train_loss=1.0460 val_raw=92.02 val_ema=88.78 best_raw=92.96@166 best_ema=89.76@193 lr=0.08449 time=8.0s
[ultrawidescaledtail10_e750_s42] ep 197/750 train_loss=0.9864 val_raw=91.94 val_ema=87.24 best_raw=92.92@183 best_ema=90.46@177 lr=0.08449 time=7.5s
[ultrawidescaledtail10_e750_s49] ep 197/750 train_loss=0.9914 val_raw=92.28 val_ema=86.90 best_raw=92.88@186 best_ema=89.76@162 lr=0.08449 time=7.8s
[ultrawidescaledtail10_e750_s45] ep 200/750 train_loss=1.0592 val_raw=91.94 val_ema=82.46 best_raw=92.98@193 best_ema=89.20@163 lr=0.08403 time=7.5s
[ultrawidescaledtail10_e750_s46] ep 202/750 train_loss=0.9258 val_raw=93.02 val_ema=85.74 best_raw=93.02@202 best_ema=91.10@198 lr=0.08372 time=7.6s
[ultrawidescaledtail10_e750_s43] ep 199/750 train_loss=1.0232 val_raw=91.28 val_ema=89.24 best_raw=93.16@197 best_ema=91.04@151 lr=0.08418 time=7.3s
[ultrawidescaledtail10_e750_s47] ep 200/750 train_loss=0.9748 val_raw=92.06 val_ema=88.10 best_raw=93.42@194 best_ema=91.50@173 lr=0.08403 time=7.4s
[ultrawidescaledtail10_e750_s48] ep 204/750 train_loss=1.0047 val_raw=92.06 val_ema=90.22 best_raw=93.00@197 best_ema=91.70@163 lr=0.08340 time=7.1s
[ultrawidescaledtail10_e750_s44] ep 198/750 train_loss=1.0385 val_raw=92.62 val_ema=88.12 best_raw=92.96@166 best_ema=89.76@193 lr=0.08433 time=8.1s
[ultrawidescaledtail10_e750_s42] ep 198/750 train_loss=1.0286 val_raw=92.68 val_ema=88.60 best_raw=92.92@183 best_ema=90.46@177 lr=0.08433 time=7.7s
[ultrawidescaledtail10_e750_s49] ep 198/750 train_loss=1.0526 val_raw=92.76 val_ema=83.90 best_raw=92.88@186 best_ema=89.76@162 lr=0.08433 time=7.6s
[ultrawidescaledtail10_e750_s45] ep 201/750 train_loss=1.0506 val_raw=92.52 val_ema=85.30 best_raw=92.98@193 best_ema=89.20@163 lr=0.08387 time=7.2s
[ultrawidescaledtail10_e750_s46] ep 203/750 train_loss=1.0905 val_raw=92.90 val_ema=90.18 best_raw=93.02@202 best_ema=91.10@198 lr=0.08356 time=7.1s
[ultrawidescaledtail10_e750_s48] ep 205/750 train_loss=0.9715 val_raw=92.52 val_ema=89.94 best_raw=93.00@197 best_ema=91.70@163 lr=0.08325 time=7.4s
[ultrawidescaledtail10_e750_s43] ep 200/750 train_loss=0.9350 val_raw=92.14 val_ema=79.74 best_raw=93.16@197 best_ema=91.04@151 lr=0.08403 time=7.6s
[ultrawidescaledtail10_e750_s47] ep 201/750 train_loss=1.0108 val_raw=92.56 val_ema=89.90 best_raw=93.42@194 best_ema=91.50@173 lr=0.08387 time=7.9s
[ultrawidescaledtail10_e750_s44] ep 199/750 train_loss=1.0102 val_raw=92.50 val_ema=88.86 best_raw=92.96@166 best_ema=89.76@193 lr=0.08418 time=7.1s
[ultrawidescaledtail10_e750_s42] ep 199/750 train_loss=1.0115 val_raw=92.88 val_ema=89.34 best_raw=92.92@183 best_ema=90.46@177 lr=0.08418 time=7.4s
[ultrawidescaledtail10_e750_s49] ep 199/750 train_loss=0.9720 val_raw=92.90 val_ema=87.64 best_raw=92.90@199 best_ema=89.76@162 lr=0.08418 time=8.0s
[ultrawidescaledtail10_e750_s46] ep 204/750 train_loss=1.0191 val_raw=92.34 val_ema=91.06 best_raw=93.02@202 best_ema=91.10@198 lr=0.08340 time=7.1s
[ultrawidescaledtail10_e750_s45] ep 202/750 train_loss=1.0012 val_raw=92.46 val_ema=84.08 best_raw=92.98@193 best_ema=89.20@163 lr=0.08372 time=7.2s
[ultrawidescaledtail10_e750_s48] ep 206/750 train_loss=0.9882 val_raw=92.40 val_ema=91.22 best_raw=93.00@197 best_ema=91.70@163 lr=0.08309 time=7.1s
[ultrawidescaledtail10_e750_s43] ep 201/750 train_loss=0.9678 val_raw=92.44 val_ema=90.58 best_raw=93.16@197 best_ema=91.04@151 lr=0.08387 time=7.1s
[ultrawidescaledtail10_e750_s47] ep 202/750 train_loss=0.9933 val_raw=92.26 val_ema=89.24 best_raw=93.42@194 best_ema=91.50@173 lr=0.08372 time=7.3s
[ultrawidescaledtail10_e750_s44] ep 200/750 train_loss=1.0341 val_raw=92.38 val_ema=88.86 best_raw=92.96@166 best_ema=89.76@193 lr=0.08403 time=7.4s
[ultrawidescaledtail10_e750_s42] ep 200/750 train_loss=1.0002 val_raw=93.00 val_ema=87.76 best_raw=93.00@200 best_ema=90.46@177 lr=0.08403 time=7.5s
[ultrawidescaledtail10_e750_s49] ep 200/750 train_loss=1.0614 val_raw=92.72 val_ema=89.58 best_raw=92.90@199 best_ema=89.76@162 lr=0.08403 time=7.5s
[ultrawidescaledtail10_e750_s46] ep 205/750 train_loss=1.0513 val_raw=91.96 val_ema=90.30 best_raw=93.02@202 best_ema=91.10@198 lr=0.08325 time=7.2s
[ultrawidescaledtail10_e750_s45] ep 203/750 train_loss=1.0098 val_raw=92.28 val_ema=77.54 best_raw=92.98@193 best_ema=89.20@163 lr=0.08356 time=7.2s
[ultrawidescaledtail10_e750_s48] ep 207/750 train_loss=1.0290 val_raw=92.50 val_ema=90.80 best_raw=93.00@197 best_ema=91.70@163 lr=0.08293 time=7.2s
[ultrawidescaledtail10_e750_s43] ep 202/750 train_loss=1.0031 val_raw=92.76 val_ema=89.32 best_raw=93.16@197 best_ema=91.04@151 lr=0.08372 time=7.5s
[ultrawidescaledtail10_e750_s47] ep 203/750 train_loss=1.0404 val_raw=92.12 val_ema=90.64 best_raw=93.42@194 best_ema=91.50@173 lr=0.08356 time=7.8s
[ultrawidescaledtail10_e750_s44] ep 201/750 train_loss=1.0521 val_raw=92.54 val_ema=88.02 best_raw=92.96@166 best_ema=89.76@193 lr=0.08387 time=7.6s
[ultrawidescaledtail10_e750_s42] ep 201/750 train_loss=0.9730 val_raw=92.50 val_ema=87.00 best_raw=93.00@200 best_ema=90.46@177 lr=0.08387 time=7.2s
[ultrawidescaledtail10_e750_s45] ep 204/750 train_loss=1.0192 val_raw=92.62 val_ema=79.74 best_raw=92.98@193 best_ema=89.20@163 lr=0.08340 time=7.0s
[ultrawidescaledtail10_e750_s49] ep 201/750 train_loss=1.0499 val_raw=92.22 val_ema=89.24 best_raw=92.90@199 best_ema=89.76@162 lr=0.08387 time=7.3s
[ultrawidescaledtail10_e750_s46] ep 206/750 train_loss=1.0568 val_raw=91.84 val_ema=91.54 best_raw=93.02@202 best_ema=91.54@206 lr=0.08309 time=7.3s
[ultrawidescaledtail10_e750_s48] ep 208/750 train_loss=0.9891 val_raw=92.46 val_ema=90.28 best_raw=93.00@197 best_ema=91.70@163 lr=0.08277 time=7.2s
[ultrawidescaledtail10_e750_s43] ep 203/750 train_loss=1.0078 val_raw=92.70 val_ema=86.54 best_raw=93.16@197 best_ema=91.04@151 lr=0.08356 time=7.6s
[ultrawidescaledtail10_e750_s47] ep 204/750 train_loss=1.0218 val_raw=92.58 val_ema=89.70 best_raw=93.42@194 best_ema=91.50@173 lr=0.08340 time=7.4s
[ultrawidescaledtail10_e750_s44] ep 202/750 train_loss=0.9785 val_raw=92.52 val_ema=88.40 best_raw=92.96@166 best_ema=89.76@193 lr=0.08372 time=7.6s
[ultrawidescaledtail10_e750_s42] ep 202/750 train_loss=0.9590 val_raw=92.46 val_ema=90.20 best_raw=93.00@200 best_ema=90.46@177 lr=0.08372 time=7.2s
[ultrawidescaledtail10_e750_s49] ep 202/750 train_loss=1.1094 val_raw=93.04 val_ema=89.94 best_raw=93.04@202 best_ema=89.94@202 lr=0.08372 time=7.1s
[ultrawidescaledtail10_e750_s45] ep 205/750 train_loss=1.0116 val_raw=92.32 val_ema=77.84 best_raw=92.98@193 best_ema=89.20@163 lr=0.08325 time=7.6s
[ultrawidescaledtail10_e750_s46] ep 207/750 train_loss=0.9952 val_raw=92.02 val_ema=88.62 best_raw=93.02@202 best_ema=91.54@206 lr=0.08293 time=7.5s
[ultrawidescaledtail10_e750_s48] ep 209/750 train_loss=1.0114 val_raw=92.66 val_ema=90.18 best_raw=93.00@197 best_ema=91.70@163 lr=0.08261 time=7.1s
[ultrawidescaledtail10_e750_s43] ep 204/750 train_loss=0.9859 val_raw=92.80 val_ema=88.40 best_raw=93.16@197 best_ema=91.04@151 lr=0.08340 time=7.1s
[ultrawidescaledtail10_e750_s47] ep 205/750 train_loss=0.9567 val_raw=92.38 val_ema=89.74 best_raw=93.42@194 best_ema=91.50@173 lr=0.08325 time=7.4s
[ultrawidescaledtail10_e750_s44] ep 203/750 train_loss=0.9286 val_raw=92.08 val_ema=88.46 best_raw=92.96@166 best_ema=89.76@193 lr=0.08356 time=7.6s
[ultrawidescaledtail10_e750_s42] ep 203/750 train_loss=1.0686 val_raw=92.30 val_ema=88.64 best_raw=93.00@200 best_ema=90.46@177 lr=0.08356 time=7.8s
[ultrawidescaledtail10_e750_s49] ep 203/750 train_loss=1.0256 val_raw=92.08 val_ema=89.18 best_raw=93.04@202 best_ema=89.94@202 lr=0.08356 time=7.4s
[ultrawidescaledtail10_e750_s45] ep 206/750 train_loss=1.0280 val_raw=92.22 val_ema=75.00 best_raw=92.98@193 best_ema=89.20@163 lr=0.08309 time=7.3s
[ultrawidescaledtail10_e750_s46] ep 208/750 train_loss=1.0009 val_raw=92.96 val_ema=90.64 best_raw=93.02@202 best_ema=91.54@206 lr=0.08277 time=7.2s
[ultrawidescaledtail10_e750_s48] ep 210/750 train_loss=1.0249 val_raw=92.76 val_ema=90.40 best_raw=93.00@197 best_ema=91.70@163 lr=0.08245 time=7.1s
[ultrawidescaledtail10_e750_s43] ep 205/750 train_loss=1.0599 val_raw=93.14 val_ema=89.80 best_raw=93.16@197 best_ema=91.04@151 lr=0.08325 time=7.6s
[ultrawidescaledtail10_e750_s47] ep 206/750 train_loss=0.9246 val_raw=92.40 val_ema=91.80 best_raw=93.42@194 best_ema=91.80@206 lr=0.08309 time=7.4s
[ultrawidescaledtail10_e750_s44] ep 204/750 train_loss=1.0277 val_raw=93.10 val_ema=87.14 best_raw=93.10@204 best_ema=89.76@193 lr=0.08340 time=7.2s
[ultrawidescaledtail10_e750_s42] ep 204/750 train_loss=1.0309 val_raw=92.14 val_ema=89.02 best_raw=93.00@200 best_ema=90.46@177 lr=0.08340 time=7.1s
[ultrawidescaledtail10_e750_s45] ep 207/750 train_loss=1.0286 val_raw=92.36 val_ema=83.48 best_raw=92.98@193 best_ema=89.20@163 lr=0.08293 time=7.1s
[ultrawidescaledtail10_e750_s49] ep 204/750 train_loss=1.0290 val_raw=92.44 val_ema=89.88 best_raw=93.04@202 best_ema=89.94@202 lr=0.08340 time=7.4s
[ultrawidescaledtail10_e750_s46] ep 209/750 train_loss=1.0026 val_raw=92.58 val_ema=90.02 best_raw=93.02@202 best_ema=91.54@206 lr=0.08261 time=7.2s
[ultrawidescaledtail10_e750_s48] ep 211/750 train_loss=1.0152 val_raw=93.34 val_ema=88.50 best_raw=93.34@211 best_ema=91.70@163 lr=0.08229 time=7.5s
[ultrawidescaledtail10_e750_s43] ep 206/750 train_loss=0.9869 val_raw=92.30 val_ema=89.58 best_raw=93.16@197 best_ema=91.04@151 lr=0.08309 time=7.1s
[ultrawidescaledtail10_e750_s47] ep 207/750 train_loss=0.9001 val_raw=93.16 val_ema=89.42 best_raw=93.42@194 best_ema=91.80@206 lr=0.08293 time=7.6s
[ultrawidescaledtail10_e750_s44] ep 205/750 train_loss=0.9794 val_raw=92.70 val_ema=90.18 best_raw=93.10@204 best_ema=90.18@205 lr=0.08325 time=7.2s
[ultrawidescaledtail10_e750_s42] ep 205/750 train_loss=1.0731 val_raw=92.30 val_ema=86.42 best_raw=93.00@200 best_ema=90.46@177 lr=0.08325 time=7.7s
[ultrawidescaledtail10_e750_s49] ep 205/750 train_loss=0.9670 val_raw=92.70 val_ema=89.44 best_raw=93.04@202 best_ema=89.94@202 lr=0.08325 time=7.3s
[ultrawidescaledtail10_e750_s45] ep 208/750 train_loss=0.9521 val_raw=92.24 val_ema=86.10 best_raw=92.98@193 best_ema=89.20@163 lr=0.08277 time=7.4s
[ultrawidescaledtail10_e750_s46] ep 210/750 train_loss=0.9466 val_raw=92.36 val_ema=90.18 best_raw=93.02@202 best_ema=91.54@206 lr=0.08245 time=7.7s
[ultrawidescaledtail10_e750_s48] ep 212/750 train_loss=0.9876 val_raw=92.68 val_ema=89.88 best_raw=93.34@211 best_ema=91.70@163 lr=0.08213 time=7.4s
[ultrawidescaledtail10_e750_s43] ep 207/750 train_loss=1.0597 val_raw=92.80 val_ema=87.64 best_raw=93.16@197 best_ema=91.04@151 lr=0.08293 time=7.4s
[ultrawidescaledtail10_e750_s47] ep 208/750 train_loss=1.0292 val_raw=92.34 val_ema=92.06 best_raw=93.42@194 best_ema=92.06@208 lr=0.08277 time=8.0s
[ultrawidescaledtail10_e750_s44] ep 206/750 train_loss=1.0516 val_raw=92.60 val_ema=88.14 best_raw=93.10@204 best_ema=90.18@205 lr=0.08309 time=7.3s
[ultrawidescaledtail10_e750_s42] ep 206/750 train_loss=1.0174 val_raw=92.18 val_ema=86.10 best_raw=93.00@200 best_ema=90.46@177 lr=0.08309 time=7.3s
[ultrawidescaledtail10_e750_s45] ep 209/750 train_loss=0.9856 val_raw=92.36 val_ema=76.56 best_raw=92.98@193 best_ema=89.20@163 lr=0.08261 time=7.1s
[ultrawidescaledtail10_e750_s46] ep 211/750 train_loss=1.0386 val_raw=92.98 val_ema=91.46 best_raw=93.02@202 best_ema=91.54@206 lr=0.08229 time=7.0s
[ultrawidescaledtail10_e750_s49] ep 206/750 train_loss=1.0257 val_raw=92.22 val_ema=89.34 best_raw=93.04@202 best_ema=89.94@202 lr=0.08309 time=7.8s
[ultrawidescaledtail10_e750_s48] ep 213/750 train_loss=1.0536 val_raw=92.40 val_ema=91.22 best_raw=93.34@211 best_ema=91.70@163 lr=0.08197 time=7.3s
[ultrawidescaledtail10_e750_s43] ep 208/750 train_loss=1.0689 val_raw=93.08 val_ema=89.08 best_raw=93.16@197 best_ema=91.04@151 lr=0.08277 time=7.4s
[ultrawidescaledtail10_e750_s47] ep 209/750 train_loss=1.0125 val_raw=93.22 val_ema=89.16 best_raw=93.42@194 best_ema=92.06@208 lr=0.08261 time=7.4s
[ultrawidescaledtail10_e750_s44] ep 207/750 train_loss=1.1167 val_raw=92.72 val_ema=91.36 best_raw=93.10@204 best_ema=91.36@207 lr=0.08293 time=7.8s
[ultrawidescaledtail10_e750_s42] ep 207/750 train_loss=1.0575 val_raw=92.68 val_ema=87.80 best_raw=93.00@200 best_ema=90.46@177 lr=0.08293 time=7.3s
[ultrawidescaledtail10_e750_s45] ep 210/750 train_loss=1.0184 val_raw=92.92 val_ema=84.82 best_raw=92.98@193 best_ema=89.20@163 lr=0.08245 time=7.1s
[ultrawidescaledtail10_e750_s46] ep 212/750 train_loss=1.0109 val_raw=92.62 val_ema=91.16 best_raw=93.02@202 best_ema=91.54@206 lr=0.08213 time=7.4s
[ultrawidescaledtail10_e750_s49] ep 207/750 train_loss=0.9703 val_raw=93.04 val_ema=89.96 best_raw=93.04@202 best_ema=89.96@207 lr=0.08293 time=7.4s
[ultrawidescaledtail10_e750_s48] ep 214/750 train_loss=0.9860 val_raw=93.06 val_ema=91.22 best_raw=93.34@211 best_ema=91.70@163 lr=0.08181 time=7.5s
[ultrawidescaledtail10_e750_s43] ep 209/750 train_loss=1.0200 val_raw=93.26 val_ema=90.24 best_raw=93.26@209 best_ema=91.04@151 lr=0.08261 time=7.5s
[ultrawidescaledtail10_e750_s47] ep 210/750 train_loss=1.0482 val_raw=92.82 val_ema=88.36 best_raw=93.42@194 best_ema=92.06@208 lr=0.08245 time=7.6s
[ultrawidescaledtail10_e750_s44] ep 208/750 train_loss=1.0205 val_raw=92.92 val_ema=89.14 best_raw=93.10@204 best_ema=91.36@207 lr=0.08277 time=7.5s
[ultrawidescaledtail10_e750_s42] ep 208/750 train_loss=0.9990 val_raw=92.04 val_ema=89.10 best_raw=93.00@200 best_ema=90.46@177 lr=0.08277 time=7.3s
[ultrawidescaledtail10_e750_s46] ep 213/750 train_loss=1.0438 val_raw=92.66 val_ema=90.64 best_raw=93.02@202 best_ema=91.54@206 lr=0.08197 time=7.1s
[ultrawidescaledtail10_e750_s45] ep 211/750 train_loss=1.0053 val_raw=92.26 val_ema=81.18 best_raw=92.98@193 best_ema=89.20@163 lr=0.08229 time=7.9s
[ultrawidescaledtail10_e750_s49] ep 208/750 train_loss=1.0592 val_raw=92.16 val_ema=87.84 best_raw=93.04@202 best_ema=89.96@207 lr=0.08277 time=7.7s
[ultrawidescaledtail10_e750_s48] ep 215/750 train_loss=0.9755 val_raw=93.18 val_ema=89.46 best_raw=93.34@211 best_ema=91.70@163 lr=0.08164 time=7.1s
[ultrawidescaledtail10_e750_s43] ep 210/750 train_loss=1.0480 val_raw=93.20 val_ema=90.04 best_raw=93.26@209 best_ema=91.04@151 lr=0.08245 time=7.5s
[ultrawidescaledtail10_e750_s47] ep 211/750 train_loss=1.0745 val_raw=93.06 val_ema=89.18 best_raw=93.42@194 best_ema=92.06@208 lr=0.08229 time=7.6s
[ultrawidescaledtail10_e750_s44] ep 209/750 train_loss=0.9945 val_raw=92.78 val_ema=90.00 best_raw=93.10@204 best_ema=91.36@207 lr=0.08261 time=7.2s
[ultrawidescaledtail10_e750_s42] ep 209/750 train_loss=0.9811 val_raw=92.80 val_ema=90.34 best_raw=93.00@200 best_ema=90.46@177 lr=0.08261 time=7.5s
[ultrawidescaledtail10_e750_s46] ep 214/750 train_loss=0.9542 val_raw=93.06 val_ema=91.36 best_raw=93.06@214 best_ema=91.54@206 lr=0.08181 time=7.5s
[ultrawidescaledtail10_e750_s45] ep 212/750 train_loss=1.0089 val_raw=92.20 val_ema=79.08 best_raw=92.98@193 best_ema=89.20@163 lr=0.08213 time=7.4s
[ultrawidescaledtail10_e750_s48] ep 216/750 train_loss=1.0105 val_raw=92.72 val_ema=90.52 best_raw=93.34@211 best_ema=91.70@163 lr=0.08148 time=7.1s
[ultrawidescaledtail10_e750_s49] ep 209/750 train_loss=1.0249 val_raw=92.78 val_ema=89.34 best_raw=93.04@202 best_ema=89.96@207 lr=0.08261 time=7.9s
[ultrawidescaledtail10_e750_s43] ep 211/750 train_loss=1.0029 val_raw=92.44 val_ema=91.18 best_raw=93.26@209 best_ema=91.18@211 lr=0.08229 time=7.2s
[ultrawidescaledtail10_e750_s47] ep 212/750 train_loss=0.9172 val_raw=92.72 val_ema=91.02 best_raw=93.42@194 best_ema=92.06@208 lr=0.08213 time=7.1s
[ultrawidescaledtail10_e750_s44] ep 210/750 train_loss=0.9362 val_raw=92.62 val_ema=89.78 best_raw=93.10@204 best_ema=91.36@207 lr=0.08245 time=7.2s
[ultrawidescaledtail10_e750_s42] ep 210/750 train_loss=0.9474 val_raw=92.70 val_ema=89.42 best_raw=93.00@200 best_ema=90.46@177 lr=0.08245 time=7.4s
[ultrawidescaledtail10_e750_s45] ep 213/750 train_loss=0.9447 val_raw=92.16 val_ema=78.88 best_raw=92.98@193 best_ema=89.20@163 lr=0.08197 time=7.1s
[ultrawidescaledtail10_e750_s46] ep 215/750 train_loss=1.0158 val_raw=92.54 val_ema=90.64 best_raw=93.06@214 best_ema=91.54@206 lr=0.08164 time=7.6s
[ultrawidescaledtail10_e750_s48] ep 217/750 train_loss=1.0142 val_raw=93.22 val_ema=90.66 best_raw=93.34@211 best_ema=91.70@163 lr=0.08132 time=7.2s
[ultrawidescaledtail10_e750_s49] ep 210/750 train_loss=0.9574 val_raw=92.22 val_ema=89.22 best_raw=93.04@202 best_ema=89.96@207 lr=0.08245 time=7.4s
[ultrawidescaledtail10_e750_s43] ep 212/750 train_loss=1.0087 val_raw=92.70 val_ema=89.52 best_raw=93.26@209 best_ema=91.18@211 lr=0.08213 time=7.9s
[ultrawidescaledtail10_e750_s47] ep 213/750 train_loss=1.0046 val_raw=93.56 val_ema=86.74 best_raw=93.56@213 best_ema=92.06@208 lr=0.08197 time=7.7s
[ultrawidescaledtail10_e750_s44] ep 211/750 train_loss=1.0367 val_raw=92.72 val_ema=89.64 best_raw=93.10@204 best_ema=91.36@207 lr=0.08229 time=7.6s
[ultrawidescaledtail10_e750_s42] ep 211/750 train_loss=1.0022 val_raw=92.62 val_ema=88.80 best_raw=93.00@200 best_ema=90.46@177 lr=0.08229 time=7.5s
[ultrawidescaledtail10_e750_s46] ep 216/750 train_loss=1.0914 val_raw=92.70 val_ema=91.76 best_raw=93.06@214 best_ema=91.76@216 lr=0.08148 time=7.0s
[ultrawidescaledtail10_e750_s45] ep 214/750 train_loss=1.0831 val_raw=92.78 val_ema=80.68 best_raw=92.98@193 best_ema=89.20@163 lr=0.08181 time=7.6s
[ultrawidescaledtail10_e750_s48] ep 218/750 train_loss=0.9939 val_raw=92.90 val_ema=91.74 best_raw=93.34@211 best_ema=91.74@218 lr=0.08115 time=7.1s
[ultrawidescaledtail10_e750_s49] ep 211/750 train_loss=0.9717 val_raw=92.50 val_ema=89.54 best_raw=93.04@202 best_ema=89.96@207 lr=0.08229 time=7.3s
[ultrawidescaledtail10_e750_s43] ep 213/750 train_loss=1.0213 val_raw=92.68 val_ema=90.54 best_raw=93.26@209 best_ema=91.18@211 lr=0.08197 time=7.1s
[ultrawidescaledtail10_e750_s47] ep 214/750 train_loss=1.0347 val_raw=93.08 val_ema=91.64 best_raw=93.56@213 best_ema=92.06@208 lr=0.08181 time=7.3s
[ultrawidescaledtail10_e750_s44] ep 212/750 train_loss=1.0459 val_raw=92.48 val_ema=90.64 best_raw=93.10@204 best_ema=91.36@207 lr=0.08213 time=7.6s
[ultrawidescaledtail10_e750_s42] ep 212/750 train_loss=1.0565 val_raw=92.96 val_ema=89.22 best_raw=93.00@200 best_ema=90.46@177 lr=0.08213 time=7.4s
[ultrawidescaledtail10_e750_s46] ep 217/750 train_loss=1.0521 val_raw=92.08 val_ema=92.18 best_raw=93.06@214 best_ema=92.18@217 lr=0.08132 time=7.1s
[ultrawidescaledtail10_e750_s45] ep 215/750 train_loss=0.9931 val_raw=92.82 val_ema=81.72 best_raw=92.98@193 best_ema=89.20@163 lr=0.08164 time=7.3s
[ultrawidescaledtail10_e750_s48] ep 219/750 train_loss=1.0117 val_raw=92.96 val_ema=90.84 best_raw=93.34@211 best_ema=91.74@218 lr=0.08099 time=7.4s
[ultrawidescaledtail10_e750_s49] ep 212/750 train_loss=1.0145 val_raw=93.16 val_ema=88.66 best_raw=93.16@212 best_ema=89.96@207 lr=0.08213 time=7.7s
[ultrawidescaledtail10_e750_s43] ep 214/750 train_loss=1.0009 val_raw=92.50 val_ema=90.24 best_raw=93.26@209 best_ema=91.18@211 lr=0.08181 time=7.3s
[ultrawidescaledtail10_e750_s47] ep 215/750 train_loss=1.0401 val_raw=93.46 val_ema=90.60 best_raw=93.56@213 best_ema=92.06@208 lr=0.08164 time=7.3s
[ultrawidescaledtail10_e750_s44] ep 213/750 train_loss=1.0229 val_raw=92.62 val_ema=90.16 best_raw=93.10@204 best_ema=91.36@207 lr=0.08197 time=7.8s
[ultrawidescaledtail10_e750_s46] ep 218/750 train_loss=0.9436 val_raw=92.70 val_ema=91.66 best_raw=93.06@214 best_ema=92.18@217 lr=0.08115 time=7.1s
[ultrawidescaledtail10_e750_s42] ep 213/750 train_loss=1.0614 val_raw=92.42 val_ema=88.16 best_raw=93.00@200 best_ema=90.46@177 lr=0.08197 time=7.8s
[ultrawidescaledtail10_e750_s45] ep 216/750 train_loss=0.9644 val_raw=93.10 val_ema=77.84 best_raw=93.10@216 best_ema=89.20@163 lr=0.08148 time=7.5s
[ultrawidescaledtail10_e750_s48] ep 220/750 train_loss=1.0390 val_raw=93.12 val_ema=91.42 best_raw=93.34@211 best_ema=91.74@218 lr=0.08082 time=7.3s
[ultrawidescaledtail10_e750_s43] ep 215/750 train_loss=1.0709 val_raw=92.98 val_ema=89.94 best_raw=93.26@209 best_ema=91.18@211 lr=0.08164 time=7.2s
[ultrawidescaledtail10_e750_s49] ep 213/750 train_loss=0.9786 val_raw=93.28 val_ema=88.46 best_raw=93.28@213 best_ema=89.96@207 lr=0.08197 time=7.9s
[ultrawidescaledtail10_e750_s47] ep 216/750 train_loss=1.0162 val_raw=93.38 val_ema=90.24 best_raw=93.56@213 best_ema=92.06@208 lr=0.08148 time=7.5s
[ultrawidescaledtail10_e750_s44] ep 214/750 train_loss=0.9574 val_raw=92.86 val_ema=89.80 best_raw=93.10@204 best_ema=91.36@207 lr=0.08181 time=7.5s
[ultrawidescaledtail10_e750_s46] ep 219/750 train_loss=0.9983 val_raw=92.92 val_ema=90.72 best_raw=93.06@214 best_ema=92.18@217 lr=0.08099 time=7.9s
[ultrawidescaledtail10_e750_s45] ep 217/750 train_loss=0.9683 val_raw=92.44 val_ema=79.14 best_raw=93.10@216 best_ema=89.20@163 lr=0.08132 time=7.2s
[ultrawidescaledtail10_e750_s42] ep 214/750 train_loss=0.9681 val_raw=93.10 val_ema=85.84 best_raw=93.10@214 best_ema=90.46@177 lr=0.08181 time=7.4s
[ultrawidescaledtail10_e750_s48] ep 221/750 train_loss=0.9587 val_raw=92.86 val_ema=86.38 best_raw=93.34@211 best_ema=91.74@218 lr=0.08065 time=7.4s
[ultrawidescaledtail10_e750_s43] ep 216/750 train_loss=0.9970 val_raw=93.10 val_ema=90.62 best_raw=93.26@209 best_ema=91.18@211 lr=0.08148 time=7.2s
[ultrawidescaledtail10_e750_s49] ep 214/750 train_loss=0.9546 val_raw=92.32 val_ema=90.32 best_raw=93.28@213 best_ema=90.32@214 lr=0.08181 time=7.6s
[ultrawidescaledtail10_e750_s47] ep 217/750 train_loss=0.9008 val_raw=92.76 val_ema=89.28 best_raw=93.56@213 best_ema=92.06@208 lr=0.08132 time=7.4s
[ultrawidescaledtail10_e750_s44] ep 215/750 train_loss=0.9345 val_raw=92.88 val_ema=89.48 best_raw=93.10@204 best_ema=91.36@207 lr=0.08164 time=7.8s
[ultrawidescaledtail10_e750_s45] ep 218/750 train_loss=0.9964 val_raw=93.04 val_ema=85.58 best_raw=93.10@216 best_ema=89.20@163 lr=0.08115 time=7.1s
[ultrawidescaledtail10_e750_s46] ep 220/750 train_loss=1.0171 val_raw=92.50 val_ema=90.42 best_raw=93.06@214 best_ema=92.18@217 lr=0.08082 time=7.4s
[ultrawidescaledtail10_e750_s42] ep 215/750 train_loss=0.9568 val_raw=92.42 val_ema=88.78 best_raw=93.10@214 best_ema=90.46@177 lr=0.08164 time=7.4s
[ultrawidescaledtail10_e750_s48] ep 222/750 train_loss=1.0157 val_raw=92.78 val_ema=90.88 best_raw=93.34@211 best_ema=91.74@218 lr=0.08049 time=7.5s
[ultrawidescaledtail10_e750_s43] ep 217/750 train_loss=0.9649 val_raw=92.40 val_ema=89.20 best_raw=93.26@209 best_ema=91.18@211 lr=0.08132 time=7.4s
[ultrawidescaledtail10_e750_s49] ep 215/750 train_loss=1.0774 val_raw=92.38 val_ema=91.38 best_raw=93.28@213 best_ema=91.38@215 lr=0.08164 time=7.8s
[ultrawidescaledtail10_e750_s47] ep 218/750 train_loss=1.0219 val_raw=92.56 val_ema=91.86 best_raw=93.56@213 best_ema=92.06@208 lr=0.08115 time=7.2s
[ultrawidescaledtail10_e750_s44] ep 216/750 train_loss=1.0487 val_raw=92.26 val_ema=91.02 best_raw=93.10@204 best_ema=91.36@207 lr=0.08148 time=7.1s
[ultrawidescaledtail10_e750_s46] ep 221/750 train_loss=1.0083 val_raw=93.10 val_ema=91.62 best_raw=93.10@221 best_ema=92.18@217 lr=0.08065 time=7.1s
[ultrawidescaledtail10_e750_s42] ep 216/750 train_loss=1.0178 val_raw=93.00 val_ema=88.40 best_raw=93.10@214 best_ema=90.46@177 lr=0.08148 time=7.1s
[ultrawidescaledtail10_e750_s45] ep 219/750 train_loss=1.0315 val_raw=92.92 val_ema=83.34 best_raw=93.10@216 best_ema=89.20@163 lr=0.08099 time=7.5s
[ultrawidescaledtail10_e750_s48] ep 223/750 train_loss=1.0063 val_raw=93.16 val_ema=91.02 best_raw=93.34@211 best_ema=91.74@218 lr=0.08032 time=7.6s
[ultrawidescaledtail10_e750_s43] ep 218/750 train_loss=1.0395 val_raw=92.58 val_ema=90.88 best_raw=93.26@209 best_ema=91.18@211 lr=0.08115 time=7.5s
[ultrawidescaledtail10_e750_s49] ep 216/750 train_loss=1.0141 val_raw=93.14 val_ema=87.94 best_raw=93.28@213 best_ema=91.38@215 lr=0.08148 time=7.3s
[ultrawidescaledtail10_e750_s47] ep 219/750 train_loss=0.9663 val_raw=92.74 val_ema=91.62 best_raw=93.56@213 best_ema=92.06@208 lr=0.08099 time=7.0s
[ultrawidescaledtail10_e750_s44] ep 217/750 train_loss=0.9885 val_raw=92.76 val_ema=89.96 best_raw=93.10@204 best_ema=91.36@207 lr=0.08132 time=7.4s
[ultrawidescaledtail10_e750_s42] ep 217/750 train_loss=0.9697 val_raw=92.66 val_ema=88.48 best_raw=93.10@214 best_ema=90.46@177 lr=0.08132 time=7.2s
[ultrawidescaledtail10_e750_s45] ep 220/750 train_loss=0.9532 val_raw=92.46 val_ema=86.18 best_raw=93.10@216 best_ema=89.20@163 lr=0.08082 time=7.2s
[ultrawidescaledtail10_e750_s46] ep 222/750 train_loss=1.0196 val_raw=92.78 val_ema=92.36 best_raw=93.10@221 best_ema=92.36@222 lr=0.08049 time=7.5s
[ultrawidescaledtail10_e750_s48] ep 224/750 train_loss=1.0790 val_raw=93.00 val_ema=91.36 best_raw=93.34@211 best_ema=91.74@218 lr=0.08015 time=7.4s
[ultrawidescaledtail10_e750_s43] ep 219/750 train_loss=0.9956 val_raw=93.38 val_ema=89.34 best_raw=93.38@219 best_ema=91.18@211 lr=0.08099 time=7.1s
[ultrawidescaledtail10_e750_s49] ep 217/750 train_loss=0.9729 val_raw=93.14 val_ema=91.04 best_raw=93.28@213 best_ema=91.38@215 lr=0.08132 time=7.2s
[ultrawidescaledtail10_e750_s47] ep 220/750 train_loss=1.0074 val_raw=93.16 val_ema=93.14 best_raw=93.56@213 best_ema=93.14@220 lr=0.08082 time=7.3s
[ultrawidescaledtail10_e750_s44] ep 218/750 train_loss=1.0327 val_raw=93.40 val_ema=90.84 best_raw=93.40@218 best_ema=91.36@207 lr=0.08115 time=7.6s
[ultrawidescaledtail10_e750_s42] ep 218/750 train_loss=0.9100 val_raw=92.80 val_ema=89.26 best_raw=93.10@214 best_ema=90.46@177 lr=0.08115 time=7.1s
[ultrawidescaledtail10_e750_s46] ep 223/750 train_loss=1.0276 val_raw=93.08 val_ema=91.78 best_raw=93.10@221 best_ema=92.36@222 lr=0.08032 time=7.0s
[ultrawidescaledtail10_e750_s45] ep 221/750 train_loss=0.9663 val_raw=92.54 val_ema=81.60 best_raw=93.10@216 best_ema=89.20@163 lr=0.08065 time=7.6s
[ultrawidescaledtail10_e750_s48] ep 225/750 train_loss=0.9728 val_raw=93.20 val_ema=91.86 best_raw=93.34@211 best_ema=91.86@225 lr=0.07998 time=7.3s
[ultrawidescaledtail10_e750_s43] ep 220/750 train_loss=1.0451 val_raw=93.34 val_ema=91.10 best_raw=93.38@219 best_ema=91.18@211 lr=0.08082 time=7.2s
[ultrawidescaledtail10_e750_s49] ep 218/750 train_loss=0.9500 val_raw=93.04 val_ema=88.20 best_raw=93.28@213 best_ema=91.38@215 lr=0.08115 time=7.6s
[ultrawidescaledtail10_e750_s47] ep 221/750 train_loss=0.9917 val_raw=92.92 val_ema=89.12 best_raw=93.56@213 best_ema=93.14@220 lr=0.08065 time=7.3s
[ultrawidescaledtail10_e750_s44] ep 219/750 train_loss=1.0300 val_raw=92.74 val_ema=90.78 best_raw=93.40@218 best_ema=91.36@207 lr=0.08099 time=7.3s
[ultrawidescaledtail10_e750_s45] ep 222/750 train_loss=0.9596 val_raw=92.50 val_ema=88.10 best_raw=93.10@216 best_ema=89.20@163 lr=0.08049 time=7.1s
[ultrawidescaledtail10_e750_s46] ep 224/750 train_loss=0.9784 val_raw=92.68 val_ema=92.52 best_raw=93.10@221 best_ema=92.52@224 lr=0.08015 time=7.6s
[ultrawidescaledtail10_e750_s42] ep 219/750 train_loss=0.9683 val_raw=92.76 val_ema=88.22 best_raw=93.10@214 best_ema=90.46@177 lr=0.08099 time=7.7s
[ultrawidescaledtail10_e750_s48] ep 226/750 train_loss=1.0018 val_raw=92.30 val_ema=88.10 best_raw=93.34@211 best_ema=91.86@225 lr=0.07981 time=7.3s
[ultrawidescaledtail10_e750_s43] ep 221/750 train_loss=0.9876 val_raw=93.10 val_ema=91.46 best_raw=93.38@219 best_ema=91.46@221 lr=0.08065 time=7.6s
[ultrawidescaledtail10_e750_s49] ep 219/750 train_loss=1.0209 val_raw=93.30 val_ema=89.76 best_raw=93.30@219 best_ema=91.38@215 lr=0.08099 time=7.4s
[ultrawidescaledtail10_e750_s47] ep 222/750 train_loss=0.9228 val_raw=93.14 val_ema=89.12 best_raw=93.56@213 best_ema=93.14@220 lr=0.08049 time=7.2s
[ultrawidescaledtail10_e750_s44] ep 220/750 train_loss=0.9317 val_raw=92.54 val_ema=90.80 best_raw=93.40@218 best_ema=91.36@207 lr=0.08082 time=7.4s
[ultrawidescaledtail10_e750_s42] ep 220/750 train_loss=0.9316 val_raw=92.68 val_ema=89.02 best_raw=93.10@214 best_ema=90.46@177 lr=0.08082 time=7.0s
[ultrawidescaledtail10_e750_s45] ep 223/750 train_loss=0.9711 val_raw=93.04 val_ema=83.28 best_raw=93.10@216 best_ema=89.20@163 lr=0.08032 time=7.3s
[ultrawidescaledtail10_e750_s46] ep 225/750 train_loss=1.0709 val_raw=93.04 val_ema=92.12 best_raw=93.10@221 best_ema=92.52@224 lr=0.07998 time=7.6s
[ultrawidescaledtail10_e750_s48] ep 227/750 train_loss=0.9219 val_raw=92.80 val_ema=91.52 best_raw=93.34@211 best_ema=91.86@225 lr=0.07964 time=7.5s
[ultrawidescaledtail10_e750_s43] ep 222/750 train_loss=1.0340 val_raw=92.60 val_ema=91.22 best_raw=93.38@219 best_ema=91.46@221 lr=0.08049 time=7.3s
[ultrawidescaledtail10_e750_s49] ep 220/750 train_loss=1.0345 val_raw=93.16 val_ema=90.94 best_raw=93.30@219 best_ema=91.38@215 lr=0.08082 time=7.4s
[ultrawidescaledtail10_e750_s47] ep 223/750 train_loss=0.9748 val_raw=92.74 val_ema=89.46 best_raw=93.56@213 best_ema=93.14@220 lr=0.08032 time=7.2s
[ultrawidescaledtail10_e750_s45] ep 224/750 train_loss=0.9564 val_raw=92.98 val_ema=85.30 best_raw=93.10@216 best_ema=89.20@163 lr=0.08015 time=7.1s
[ultrawidescaledtail10_e750_s42] ep 221/750 train_loss=0.9915 val_raw=92.84 val_ema=89.14 best_raw=93.10@214 best_ema=90.46@177 lr=0.08065 time=7.2s
[ultrawidescaledtail10_e750_s44] ep 221/750 train_loss=0.9491 val_raw=93.14 val_ema=90.26 best_raw=93.40@218 best_ema=91.36@207 lr=0.08065 time=7.6s
[ultrawidescaledtail10_e750_s46] ep 226/750 train_loss=0.9439 val_raw=92.74 val_ema=91.92 best_raw=93.10@221 best_ema=92.52@224 lr=0.07981 time=7.3s
[ultrawidescaledtail10_e750_s48] ep 228/750 train_loss=0.9637 val_raw=93.20 val_ema=92.42 best_raw=93.34@211 best_ema=92.42@228 lr=0.07947 time=7.1s
[ultrawidescaledtail10_e750_s43] ep 223/750 train_loss=0.9837 val_raw=92.62 val_ema=90.40 best_raw=93.38@219 best_ema=91.46@221 lr=0.08032 time=7.3s
[ultrawidescaledtail10_e750_s49] ep 221/750 train_loss=1.0082 val_raw=92.84 val_ema=91.24 best_raw=93.30@219 best_ema=91.38@215 lr=0.08065 time=7.4s
[ultrawidescaledtail10_e750_s47] ep 224/750 train_loss=1.0017 val_raw=92.64 val_ema=90.30 best_raw=93.56@213 best_ema=93.14@220 lr=0.08015 time=7.1s
[ultrawidescaledtail10_e750_s45] ep 225/750 train_loss=1.0167 val_raw=92.70 val_ema=82.84 best_raw=93.10@216 best_ema=89.20@163 lr=0.07998 time=7.1s
[ultrawidescaledtail10_e750_s42] ep 222/750 train_loss=0.9836 val_raw=92.78 val_ema=89.70 best_raw=93.10@214 best_ema=90.46@177 lr=0.08049 time=7.1s
[ultrawidescaledtail10_e750_s46] ep 227/750 train_loss=0.9333 val_raw=92.56 val_ema=90.88 best_raw=93.10@221 best_ema=92.52@224 lr=0.07964 time=7.5s
[ultrawidescaledtail10_e750_s44] ep 222/750 train_loss=0.9446 val_raw=93.14 val_ema=90.74 best_raw=93.40@218 best_ema=91.36@207 lr=0.08049 time=8.2s
[ultrawidescaledtail10_e750_s48] ep 229/750 train_loss=1.0471 val_raw=93.00 val_ema=92.48 best_raw=93.34@211 best_ema=92.48@229 lr=0.07930 time=7.3s
[ultrawidescaledtail10_e750_s43] ep 224/750 train_loss=0.9891 val_raw=92.56 val_ema=89.82 best_raw=93.38@219 best_ema=91.46@221 lr=0.08015 time=7.2s
[ultrawidescaledtail10_e750_s49] ep 222/750 train_loss=0.9936 val_raw=93.06 val_ema=90.74 best_raw=93.30@219 best_ema=91.38@215 lr=0.08049 time=7.1s
[ultrawidescaledtail10_e750_s47] ep 225/750 train_loss=0.9659 val_raw=92.80 val_ema=91.86 best_raw=93.56@213 best_ema=93.14@220 lr=0.07998 time=7.5s
[ultrawidescaledtail10_e750_s45] ep 226/750 train_loss=1.0060 val_raw=93.12 val_ema=86.68 best_raw=93.12@226 best_ema=89.20@163 lr=0.07981 time=7.1s
[ultrawidescaledtail10_e750_s42] ep 223/750 train_loss=0.9592 val_raw=92.56 val_ema=90.60 best_raw=93.10@214 best_ema=90.60@223 lr=0.08032 time=7.2s
[ultrawidescaledtail10_e750_s46] ep 228/750 train_loss=0.9669 val_raw=92.96 val_ema=89.92 best_raw=93.10@221 best_ema=92.52@224 lr=0.07947 time=7.3s
[ultrawidescaledtail10_e750_s44] ep 223/750 train_loss=0.9540 val_raw=92.82 val_ema=90.98 best_raw=93.40@218 best_ema=91.36@207 lr=0.08032 time=7.1s
[ultrawidescaledtail10_e750_s48] ep 230/750 train_loss=0.9704 val_raw=93.00 val_ema=91.16 best_raw=93.34@211 best_ema=92.48@229 lr=0.07913 time=7.5s
[ultrawidescaledtail10_e750_s43] ep 225/750 train_loss=0.9654 val_raw=92.82 val_ema=89.88 best_raw=93.38@219 best_ema=91.46@221 lr=0.07998 time=7.1s
[ultrawidescaledtail10_e750_s49] ep 223/750 train_loss=1.0140 val_raw=92.04 val_ema=91.32 best_raw=93.30@219 best_ema=91.38@215 lr=0.08032 time=7.1s
[ultrawidescaledtail10_e750_s47] ep 226/750 train_loss=0.9412 val_raw=92.76 val_ema=91.58 best_raw=93.56@213 best_ema=93.14@220 lr=0.07981 time=7.3s
[ultrawidescaledtail10_e750_s45] ep 227/750 train_loss=1.0009 val_raw=91.56 val_ema=86.98 best_raw=93.12@226 best_ema=89.20@163 lr=0.07964 time=7.4s
[ultrawidescaledtail10_e750_s42] ep 224/750 train_loss=0.9839 val_raw=92.62 val_ema=89.46 best_raw=93.10@214 best_ema=90.60@223 lr=0.08015 time=7.2s
[ultrawidescaledtail10_e750_s46] ep 229/750 train_loss=1.0833 val_raw=93.10 val_ema=91.02 best_raw=93.10@221 best_ema=92.52@224 lr=0.07930 time=7.1s
[ultrawidescaledtail10_e750_s44] ep 224/750 train_loss=1.0368 val_raw=93.02 val_ema=89.56 best_raw=93.40@218 best_ema=91.36@207 lr=0.08015 time=7.6s
[ultrawidescaledtail10_e750_s48] ep 231/750 train_loss=1.0100 val_raw=92.38 val_ema=91.90 best_raw=93.34@211 best_ema=92.48@229 lr=0.07896 time=7.3s
[ultrawidescaledtail10_e750_s43] ep 226/750 train_loss=1.0222 val_raw=92.48 val_ema=91.20 best_raw=93.38@219 best_ema=91.46@221 lr=0.07981 time=7.3s
[ultrawidescaledtail10_e750_s49] ep 224/750 train_loss=0.9504 val_raw=92.32 val_ema=90.76 best_raw=93.30@219 best_ema=91.38@215 lr=0.08015 time=7.5s
[ultrawidescaledtail10_e750_s47] ep 227/750 train_loss=1.0296 val_raw=93.04 val_ema=92.20 best_raw=93.56@213 best_ema=93.14@220 lr=0.07964 time=7.6s
[ultrawidescaledtail10_e750_s42] ep 225/750 train_loss=1.0008 val_raw=92.46 val_ema=89.10 best_raw=93.10@214 best_ema=90.60@223 lr=0.07998 time=7.1s
[ultrawidescaledtail10_e750_s45] ep 228/750 train_loss=0.9429 val_raw=93.08 val_ema=86.50 best_raw=93.12@226 best_ema=89.20@163 lr=0.07947 time=7.3s
[ultrawidescaledtail10_e750_s46] ep 230/750 train_loss=1.0229 val_raw=93.08 val_ema=91.90 best_raw=93.10@221 best_ema=92.52@224 lr=0.07913 time=7.4s
[ultrawidescaledtail10_e750_s44] ep 225/750 train_loss=1.0272 val_raw=92.86 val_ema=90.14 best_raw=93.40@218 best_ema=91.36@207 lr=0.07998 time=7.3s
[ultrawidescaledtail10_e750_s48] ep 232/750 train_loss=1.0472 val_raw=93.26 val_ema=92.72 best_raw=93.34@211 best_ema=92.72@232 lr=0.07879 time=7.4s
[ultrawidescaledtail10_e750_s43] ep 227/750 train_loss=1.0315 val_raw=93.36 val_ema=90.64 best_raw=93.38@219 best_ema=91.46@221 lr=0.07964 time=7.0s
[ultrawidescaledtail10_e750_s49] ep 225/750 train_loss=1.0285 val_raw=92.82 val_ema=90.74 best_raw=93.30@219 best_ema=91.38@215 lr=0.07998 time=7.3s
[ultrawidescaledtail10_e750_s47] ep 228/750 train_loss=0.9753 val_raw=93.32 val_ema=90.82 best_raw=93.56@213 best_ema=93.14@220 lr=0.07947 time=7.1s
[ultrawidescaledtail10_e750_s42] ep 226/750 train_loss=1.0756 val_raw=93.30 val_ema=89.98 best_raw=93.30@226 best_ema=90.60@223 lr=0.07981 time=7.0s
[ultrawidescaledtail10_e750_s45] ep 229/750 train_loss=0.9614 val_raw=92.20 val_ema=87.16 best_raw=93.12@226 best_ema=89.20@163 lr=0.07930 time=7.0s
[ultrawidescaledtail10_e750_s46] ep 231/750 train_loss=0.9813 val_raw=93.00 val_ema=89.66 best_raw=93.10@221 best_ema=92.52@224 lr=0.07896 time=7.5s
[ultrawidescaledtail10_e750_s44] ep 226/750 train_loss=1.0329 val_raw=92.98 val_ema=90.56 best_raw=93.40@218 best_ema=91.36@207 lr=0.07981 time=7.4s
[ultrawidescaledtail10_e750_s48] ep 233/750 train_loss=1.0389 val_raw=93.36 val_ema=92.14 best_raw=93.36@233 best_ema=92.72@232 lr=0.07862 time=7.2s
[ultrawidescaledtail10_e750_s43] ep 228/750 train_loss=1.0185 val_raw=92.28 val_ema=90.90 best_raw=93.38@219 best_ema=91.46@221 lr=0.07947 time=7.3s
[ultrawidescaledtail10_e750_s49] ep 226/750 train_loss=0.9740 val_raw=92.72 val_ema=91.10 best_raw=93.30@219 best_ema=91.38@215 lr=0.07981 time=7.1s
[ultrawidescaledtail10_e750_s47] ep 229/750 train_loss=0.9594 val_raw=93.12 val_ema=92.98 best_raw=93.56@213 best_ema=93.14@220 lr=0.07930 time=7.1s
[ultrawidescaledtail10_e750_s42] ep 227/750 train_loss=0.9793 val_raw=93.20 val_ema=91.14 best_raw=93.30@226 best_ema=91.14@227 lr=0.07964 time=7.1s
[ultrawidescaledtail10_e750_s45] ep 230/750 train_loss=1.0223 val_raw=92.88 val_ema=83.84 best_raw=93.12@226 best_ema=89.20@163 lr=0.07913 time=7.5s
[ultrawidescaledtail10_e750_s44] ep 227/750 train_loss=1.0165 val_raw=92.92 val_ema=89.98 best_raw=93.40@218 best_ema=91.36@207 lr=0.07964 time=7.1s
[ultrawidescaledtail10_e750_s46] ep 232/750 train_loss=1.0285 val_raw=92.44 val_ema=90.50 best_raw=93.10@221 best_ema=92.52@224 lr=0.07879 time=7.7s
[ultrawidescaledtail10_e750_s48] ep 234/750 train_loss=0.9845 val_raw=92.88 val_ema=91.40 best_raw=93.36@233 best_ema=92.72@232 lr=0.07844 time=7.4s
[ultrawidescaledtail10_e750_s43] ep 229/750 train_loss=1.0190 val_raw=93.32 val_ema=90.28 best_raw=93.38@219 best_ema=91.46@221 lr=0.07930 time=7.5s
[ultrawidescaledtail10_e750_s49] ep 227/750 train_loss=1.0211 val_raw=93.04 val_ema=91.74 best_raw=93.30@219 best_ema=91.74@227 lr=0.07964 time=7.4s
[ultrawidescaledtail10_e750_s47] ep 230/750 train_loss=0.9750 val_raw=91.80 val_ema=92.20 best_raw=93.56@213 best_ema=93.14@220 lr=0.07913 time=7.4s
[ultrawidescaledtail10_e750_s42] ep 228/750 train_loss=1.0203 val_raw=93.26 val_ema=91.60 best_raw=93.30@226 best_ema=91.60@228 lr=0.07947 time=7.1s
[ultrawidescaledtail10_e750_s45] ep 231/750 train_loss=0.9932 val_raw=93.14 val_ema=87.22 best_raw=93.14@231 best_ema=89.20@163 lr=0.07896 time=7.5s
[ultrawidescaledtail10_e750_s44] ep 228/750 train_loss=0.9866 val_raw=92.70 val_ema=90.70 best_raw=93.40@218 best_ema=91.36@207 lr=0.07947 time=7.4s
[ultrawidescaledtail10_e750_s46] ep 233/750 train_loss=0.9778 val_raw=92.66 val_ema=90.70 best_raw=93.10@221 best_ema=92.52@224 lr=0.07862 time=7.2s
[ultrawidescaledtail10_e750_s48] ep 235/750 train_loss=1.0047 val_raw=93.22 val_ema=92.06 best_raw=93.36@233 best_ema=92.72@232 lr=0.07827 time=7.6s
[ultrawidescaledtail10_e750_s43] ep 230/750 train_loss=0.9712 val_raw=92.88 val_ema=90.20 best_raw=93.38@219 best_ema=91.46@221 lr=0.07913 time=7.1s
[ultrawidescaledtail10_e750_s49] ep 228/750 train_loss=0.9590 val_raw=92.84 val_ema=90.90 best_raw=93.30@219 best_ema=91.74@227 lr=0.07947 time=7.1s
[ultrawidescaledtail10_e750_s47] ep 231/750 train_loss=0.9881 val_raw=93.24 val_ema=92.30 best_raw=93.56@213 best_ema=93.14@220 lr=0.07896 time=7.5s
[ultrawidescaledtail10_e750_s42] ep 229/750 train_loss=0.9546 val_raw=92.94 val_ema=90.52 best_raw=93.30@226 best_ema=91.60@228 lr=0.07930 time=7.1s
[ultrawidescaledtail10_e750_s45] ep 232/750 train_loss=0.9786 val_raw=92.04 val_ema=85.60 best_raw=93.14@231 best_ema=89.20@163 lr=0.07879 time=7.2s
[ultrawidescaledtail10_e750_s46] ep 234/750 train_loss=1.0090 val_raw=93.26 val_ema=92.46 best_raw=93.26@234 best_ema=92.52@224 lr=0.07844 time=7.4s
[ultrawidescaledtail10_e750_s44] ep 229/750 train_loss=0.9735 val_raw=92.86 val_ema=90.50 best_raw=93.40@218 best_ema=91.36@207 lr=0.07930 time=7.6s
[ultrawidescaledtail10_e750_s43] ep 231/750 train_loss=1.0525 val_raw=92.78 val_ema=90.88 best_raw=93.38@219 best_ema=91.46@221 lr=0.07896 time=7.2s
[ultrawidescaledtail10_e750_s48] ep 236/750 train_loss=0.9686 val_raw=93.36 val_ema=91.70 best_raw=93.36@233 best_ema=92.72@232 lr=0.07810 time=7.5s
[ultrawidescaledtail10_e750_s49] ep 229/750 train_loss=0.9866 val_raw=92.72 val_ema=89.84 best_raw=93.30@219 best_ema=91.74@227 lr=0.07930 time=7.5s
[ultrawidescaledtail10_e750_s47] ep 232/750 train_loss=1.0656 val_raw=93.16 val_ema=91.96 best_raw=93.56@213 best_ema=93.14@220 lr=0.07879 time=7.1s
[ultrawidescaledtail10_e750_s42] ep 230/750 train_loss=1.0222 val_raw=93.28 val_ema=91.06 best_raw=93.30@226 best_ema=91.60@228 lr=0.07913 time=7.8s
[ultrawidescaledtail10_e750_s45] ep 233/750 train_loss=1.0265 val_raw=92.64 val_ema=85.38 best_raw=93.14@231 best_ema=89.20@163 lr=0.07862 time=7.3s
[ultrawidescaledtail10_e750_s46] ep 235/750 train_loss=0.9847 val_raw=92.50 val_ema=92.32 best_raw=93.26@234 best_ema=92.52@224 lr=0.07827 time=7.0s
[ultrawidescaledtail10_e750_s44] ep 230/750 train_loss=0.9890 val_raw=93.52 val_ema=91.26 best_raw=93.52@230 best_ema=91.36@207 lr=0.07913 time=7.6s
[ultrawidescaledtail10_e750_s43] ep 232/750 train_loss=0.9929 val_raw=92.70 val_ema=91.12 best_raw=93.38@219 best_ema=91.46@221 lr=0.07879 time=7.3s
[ultrawidescaledtail10_e750_s48] ep 237/750 train_loss=0.9150 val_raw=93.84 val_ema=91.56 best_raw=93.84@237 best_ema=92.72@232 lr=0.07792 time=7.3s
[ultrawidescaledtail10_e750_s49] ep 230/750 train_loss=1.0033 val_raw=92.48 val_ema=90.16 best_raw=93.30@219 best_ema=91.74@227 lr=0.07913 time=7.5s
[ultrawidescaledtail10_e750_s47] ep 233/750 train_loss=0.9709 val_raw=92.66 val_ema=92.30 best_raw=93.56@213 best_ema=93.14@220 lr=0.07862 time=7.6s
[ultrawidescaledtail10_e750_s42] ep 231/750 train_loss=0.9445 val_raw=93.00 val_ema=89.42 best_raw=93.30@226 best_ema=91.60@228 lr=0.07896 time=7.4s
[ultrawidescaledtail10_e750_s45] ep 234/750 train_loss=1.0183 val_raw=92.86 val_ema=83.82 best_raw=93.14@231 best_ema=89.20@163 lr=0.07844 time=7.1s
[ultrawidescaledtail10_e750_s46] ep 236/750 train_loss=0.9466 val_raw=92.98 val_ema=91.72 best_raw=93.26@234 best_ema=92.52@224 lr=0.07810 time=7.0s
[ultrawidescaledtail10_e750_s43] ep 233/750 train_loss=0.9789 val_raw=92.90 val_ema=91.80 best_raw=93.38@219 best_ema=91.80@233 lr=0.07862 time=7.4s
[ultrawidescaledtail10_e750_s44] ep 231/750 train_loss=0.8993 val_raw=93.16 val_ema=91.20 best_raw=93.52@230 best_ema=91.36@207 lr=0.07896 time=7.6s
[ultrawidescaledtail10_e750_s48] ep 238/750 train_loss=0.9769 val_raw=93.28 val_ema=91.12 best_raw=93.84@237 best_ema=92.72@232 lr=0.07775 time=7.1s
[ultrawidescaledtail10_e750_s49] ep 231/750 train_loss=0.9662 val_raw=93.08 val_ema=89.92 best_raw=93.30@219 best_ema=91.74@227 lr=0.07896 time=7.1s
[ultrawidescaledtail10_e750_s47] ep 234/750 train_loss=0.9899 val_raw=93.20 val_ema=91.36 best_raw=93.56@213 best_ema=93.14@220 lr=0.07844 time=7.6s
[ultrawidescaledtail10_e750_s45] ep 235/750 train_loss=0.9755 val_raw=92.92 val_ema=86.64 best_raw=93.14@231 best_ema=89.20@163 lr=0.07827 time=7.2s
[ultrawidescaledtail10_e750_s42] ep 232/750 train_loss=1.0631 val_raw=92.94 val_ema=90.66 best_raw=93.30@226 best_ema=91.60@228 lr=0.07879 time=7.5s
[ultrawidescaledtail10_e750_s46] ep 237/750 train_loss=0.9606 val_raw=93.14 val_ema=92.14 best_raw=93.26@234 best_ema=92.52@224 lr=0.07792 time=7.5s
[ultrawidescaledtail10_e750_s48] ep 239/750 train_loss=0.9432 val_raw=92.88 val_ema=91.20 best_raw=93.84@237 best_ema=92.72@232 lr=0.07757 time=7.2s
[ultrawidescaledtail10_e750_s44] ep 232/750 train_loss=0.9458 val_raw=93.06 val_ema=90.92 best_raw=93.52@230 best_ema=91.36@207 lr=0.07879 time=7.3s
[ultrawidescaledtail10_e750_s43] ep 234/750 train_loss=1.0612 val_raw=92.74 val_ema=88.78 best_raw=93.38@219 best_ema=91.80@233 lr=0.07844 time=7.5s
[ultrawidescaledtail10_e750_s49] ep 232/750 train_loss=1.0168 val_raw=93.26 val_ema=91.74 best_raw=93.30@219 best_ema=91.74@227 lr=0.07879 time=7.2s
[ultrawidescaledtail10_e750_s47] ep 235/750 train_loss=1.0113 val_raw=92.90 val_ema=92.54 best_raw=93.56@213 best_ema=93.14@220 lr=0.07827 time=7.5s
[ultrawidescaledtail10_e750_s45] ep 236/750 train_loss=0.9817 val_raw=92.50 val_ema=84.86 best_raw=93.14@231 best_ema=89.20@163 lr=0.07810 time=7.1s
[ultrawidescaledtail10_e750_s42] ep 233/750 train_loss=1.0640 val_raw=93.60 val_ema=90.64 best_raw=93.60@233 best_ema=91.60@228 lr=0.07862 time=7.6s
[ultrawidescaledtail10_e750_s46] ep 238/750 train_loss=0.9595 val_raw=93.36 val_ema=92.52 best_raw=93.36@238 best_ema=92.52@224 lr=0.07775 time=7.0s
[ultrawidescaledtail10_e750_s48] ep 240/750 train_loss=0.9734 val_raw=93.02 val_ema=90.66 best_raw=93.84@237 best_ema=92.72@232 lr=0.07739 time=7.3s
[ultrawidescaledtail10_e750_s43] ep 235/750 train_loss=1.0087 val_raw=92.66 val_ema=87.30 best_raw=93.38@219 best_ema=91.80@233 lr=0.07827 time=7.2s
[ultrawidescaledtail10_e750_s44] ep 233/750 train_loss=0.9984 val_raw=93.02 val_ema=91.14 best_raw=93.52@230 best_ema=91.36@207 lr=0.07862 time=8.0s
[ultrawidescaledtail10_e750_s49] ep 233/750 train_loss=1.0161 val_raw=92.50 val_ema=90.16 best_raw=93.30@219 best_ema=91.74@227 lr=0.07862 time=7.5s
[ultrawidescaledtail10_e750_s47] ep 236/750 train_loss=0.9938 val_raw=92.58 val_ema=92.24 best_raw=93.56@213 best_ema=93.14@220 lr=0.07810 time=7.7s
[ultrawidescaledtail10_e750_s45] ep 237/750 train_loss=0.9785 val_raw=92.20 val_ema=86.92 best_raw=93.14@231 best_ema=89.20@163 lr=0.07792 time=7.0s
[ultrawidescaledtail10_e750_s42] ep 234/750 train_loss=1.0106 val_raw=92.88 val_ema=91.08 best_raw=93.60@233 best_ema=91.60@228 lr=0.07844 time=8.0s
[ultrawidescaledtail10_e750_s46] ep 239/750 train_loss=0.9917 val_raw=92.34 val_ema=92.86 best_raw=93.36@238 best_ema=92.86@239 lr=0.07757 time=7.5s
[ultrawidescaledtail10_e750_s48] ep 241/750 train_loss=1.0251 val_raw=93.06 val_ema=91.72 best_raw=93.84@237 best_ema=92.72@232 lr=0.07722 time=7.5s
[ultrawidescaledtail10_e750_s43] ep 236/750 train_loss=1.0209 val_raw=93.18 val_ema=90.52 best_raw=93.38@219 best_ema=91.80@233 lr=0.07810 time=7.8s
[ultrawidescaledtail10_e750_s44] ep 234/750 train_loss=1.0467 val_raw=92.78 val_ema=90.94 best_raw=93.52@230 best_ema=91.36@207 lr=0.07844 time=7.5s
[ultrawidescaledtail10_e750_s49] ep 234/750 train_loss=1.0135 val_raw=93.00 val_ema=91.14 best_raw=93.30@219 best_ema=91.74@227 lr=0.07844 time=7.5s
[ultrawidescaledtail10_e750_s47] ep 237/750 train_loss=0.9928 val_raw=92.66 val_ema=92.28 best_raw=93.56@213 best_ema=93.14@220 lr=0.07792 time=7.5s
[ultrawidescaledtail10_e750_s45] ep 238/750 train_loss=1.0025 val_raw=92.86 val_ema=87.72 best_raw=93.14@231 best_ema=89.20@163 lr=0.07775 time=7.4s
[ultrawidescaledtail10_e750_s42] ep 235/750 train_loss=1.0381 val_raw=92.92 val_ema=90.24 best_raw=93.60@233 best_ema=91.60@228 lr=0.07827 time=7.5s
[ultrawidescaledtail10_e750_s46] ep 240/750 train_loss=0.9474 val_raw=92.90 val_ema=91.74 best_raw=93.36@238 best_ema=92.86@239 lr=0.07739 time=7.2s
[ultrawidescaledtail10_e750_s48] ep 242/750 train_loss=0.9518 val_raw=93.60 val_ema=92.60 best_raw=93.84@237 best_ema=92.72@232 lr=0.07704 time=7.1s
[ultrawidescaledtail10_e750_s43] ep 237/750 train_loss=0.9874 val_raw=92.94 val_ema=91.52 best_raw=93.38@219 best_ema=91.80@233 lr=0.07792 time=7.6s
[ultrawidescaledtail10_e750_s44] ep 235/750 train_loss=0.9731 val_raw=92.94 val_ema=91.12 best_raw=93.52@230 best_ema=91.36@207 lr=0.07827 time=7.4s
[ultrawidescaledtail10_e750_s49] ep 235/750 train_loss=1.0406 val_raw=92.98 val_ema=91.44 best_raw=93.30@219 best_ema=91.74@227 lr=0.07827 time=7.3s
[ultrawidescaledtail10_e750_s47] ep 238/750 train_loss=0.9962 val_raw=93.42 val_ema=90.86 best_raw=93.56@213 best_ema=93.14@220 lr=0.07775 time=7.1s
[ultrawidescaledtail10_e750_s45] ep 239/750 train_loss=1.0219 val_raw=92.86 val_ema=85.62 best_raw=93.14@231 best_ema=89.20@163 lr=0.07757 time=7.4s
[ultrawidescaledtail10_e750_s46] ep 241/750 train_loss=0.9989 val_raw=93.28 val_ema=93.10 best_raw=93.36@238 best_ema=93.10@241 lr=0.07722 time=7.2s
[ultrawidescaledtail10_e750_s42] ep 236/750 train_loss=1.0540 val_raw=93.06 val_ema=90.50 best_raw=93.60@233 best_ema=91.60@228 lr=0.07810 time=7.6s
[ultrawidescaledtail10_e750_s48] ep 243/750 train_loss=1.0845 val_raw=93.46 val_ema=92.54 best_raw=93.84@237 best_ema=92.72@232 lr=0.07686 time=7.3s
[ultrawidescaledtail10_e750_s43] ep 238/750 train_loss=0.9403 val_raw=93.42 val_ema=92.42 best_raw=93.42@238 best_ema=92.42@238 lr=0.07775 time=7.6s
[ultrawidescaledtail10_e750_s44] ep 236/750 train_loss=0.9716 val_raw=93.02 val_ema=91.54 best_raw=93.52@230 best_ema=91.54@236 lr=0.07810 time=7.7s
[ultrawidescaledtail10_e750_s49] ep 236/750 train_loss=0.9915 val_raw=92.72 val_ema=92.26 best_raw=93.30@219 best_ema=92.26@236 lr=0.07810 time=7.5s
[ultrawidescaledtail10_e750_s47] ep 239/750 train_loss=0.9276 val_raw=93.26 val_ema=91.82 best_raw=93.56@213 best_ema=93.14@220 lr=0.07757 time=7.1s
[ultrawidescaledtail10_e750_s45] ep 240/750 train_loss=0.9866 val_raw=92.46 val_ema=83.96 best_raw=93.14@231 best_ema=89.20@163 lr=0.07739 time=7.3s
[ultrawidescaledtail10_e750_s46] ep 242/750 train_loss=1.0215 val_raw=93.12 val_ema=92.02 best_raw=93.36@238 best_ema=93.10@241 lr=0.07704 time=7.2s
[ultrawidescaledtail10_e750_s42] ep 237/750 train_loss=0.9769 val_raw=93.16 val_ema=92.24 best_raw=93.60@233 best_ema=92.24@237 lr=0.07792 time=7.6s
[ultrawidescaledtail10_e750_s48] ep 244/750 train_loss=0.9688 val_raw=93.12 val_ema=92.78 best_raw=93.84@237 best_ema=92.78@244 lr=0.07668 time=7.3s
[ultrawidescaledtail10_e750_s43] ep 239/750 train_loss=1.0438 val_raw=93.00 val_ema=91.18 best_raw=93.42@238 best_ema=92.42@238 lr=0.07757 time=7.5s
[ultrawidescaledtail10_e750_s44] ep 237/750 train_loss=1.0667 val_raw=93.18 val_ema=90.90 best_raw=93.52@230 best_ema=91.54@236 lr=0.07792 time=7.4s
[ultrawidescaledtail10_e750_s49] ep 237/750 train_loss=1.0394 val_raw=92.06 val_ema=90.66 best_raw=93.30@219 best_ema=92.26@236 lr=0.07792 time=7.9s
[ultrawidescaledtail10_e750_s47] ep 240/750 train_loss=0.9937 val_raw=93.64 val_ema=92.96 best_raw=93.64@240 best_ema=93.14@220 lr=0.07739 time=7.4s
[ultrawidescaledtail10_e750_s45] ep 241/750 train_loss=1.0325 val_raw=92.92 val_ema=89.28 best_raw=93.14@231 best_ema=89.28@241 lr=0.07722 time=7.1s
[ultrawidescaledtail10_e750_s46] ep 243/750 train_loss=0.9152 val_raw=93.12 val_ema=91.52 best_raw=93.36@238 best_ema=93.10@241 lr=0.07686 time=7.7s
[ultrawidescaledtail10_e750_s42] ep 238/750 train_loss=0.9437 val_raw=92.92 val_ema=92.76 best_raw=93.60@233 best_ema=92.76@238 lr=0.07775 time=7.7s
[ultrawidescaledtail10_e750_s48] ep 245/750 train_loss=0.9893 val_raw=93.36 val_ema=93.14 best_raw=93.84@237 best_ema=93.14@245 lr=0.07651 time=7.1s
[ultrawidescaledtail10_e750_s43] ep 240/750 train_loss=0.9587 val_raw=93.74 val_ema=92.12 best_raw=93.74@240 best_ema=92.42@238 lr=0.07739 time=7.1s
[ultrawidescaledtail10_e750_s44] ep 238/750 train_loss=1.0398 val_raw=92.54 val_ema=91.28 best_raw=93.52@230 best_ema=91.54@236 lr=0.07775 time=7.2s
[ultrawidescaledtail10_e750_s49] ep 238/750 train_loss=1.0463 val_raw=93.00 val_ema=91.86 best_raw=93.30@219 best_ema=92.26@236 lr=0.07775 time=7.2s
[ultrawidescaledtail10_e750_s47] ep 241/750 train_loss=1.0277 val_raw=93.50 val_ema=92.20 best_raw=93.64@240 best_ema=93.14@220 lr=0.07722 time=7.0s
[ultrawidescaledtail10_e750_s45] ep 242/750 train_loss=1.0380 val_raw=92.64 val_ema=85.48 best_raw=93.14@231 best_ema=89.28@241 lr=0.07704 time=7.5s
[ultrawidescaledtail10_e750_s46] ep 244/750 train_loss=1.0099 val_raw=92.68 val_ema=90.48 best_raw=93.36@238 best_ema=93.10@241 lr=0.07668 time=7.0s
[ultrawidescaledtail10_e750_s48] ep 246/750 train_loss=0.9608 val_raw=93.42 val_ema=92.54 best_raw=93.84@237 best_ema=93.14@245 lr=0.07633 time=7.3s
[ultrawidescaledtail10_e750_s42] ep 239/750 train_loss=0.9187 val_raw=93.20 val_ema=90.42 best_raw=93.60@233 best_ema=92.76@238 lr=0.07757 time=7.7s
[ultrawidescaledtail10_e750_s43] ep 241/750 train_loss=0.9895 val_raw=92.74 val_ema=92.28 best_raw=93.74@240 best_ema=92.42@238 lr=0.07722 time=7.1s
[ultrawidescaledtail10_e750_s44] ep 239/750 train_loss=0.9786 val_raw=93.20 val_ema=90.74 best_raw=93.52@230 best_ema=91.54@236 lr=0.07757 time=7.2s
[ultrawidescaledtail10_e750_s49] ep 239/750 train_loss=0.9679 val_raw=93.44 val_ema=92.34 best_raw=93.44@239 best_ema=92.34@239 lr=0.07757 time=7.3s
[ultrawidescaledtail10_e750_s47] ep 242/750 train_loss=0.9469 val_raw=93.30 val_ema=92.04 best_raw=93.64@240 best_ema=93.14@220 lr=0.07704 time=7.3s
[ultrawidescaledtail10_e750_s45] ep 243/750 train_loss=1.0289 val_raw=92.96 val_ema=88.38 best_raw=93.14@231 best_ema=89.28@241 lr=0.07686 time=7.1s
[ultrawidescaledtail10_e750_s46] ep 245/750 train_loss=1.0054 val_raw=93.00 val_ema=91.46 best_raw=93.36@238 best_ema=93.10@241 lr=0.07651 time=7.1s
[ultrawidescaledtail10_e750_s48] ep 247/750 train_loss=1.0100 val_raw=92.90 val_ema=93.70 best_raw=93.84@237 best_ema=93.70@247 lr=0.07615 time=7.5s
[ultrawidescaledtail10_e750_s42] ep 240/750 train_loss=0.9864 val_raw=93.28 val_ema=92.38 best_raw=93.60@233 best_ema=92.76@238 lr=0.07739 time=7.3s
[ultrawidescaledtail10_e750_s43] ep 242/750 train_loss=0.9384 val_raw=93.20 val_ema=92.22 best_raw=93.74@240 best_ema=92.42@238 lr=0.07704 time=7.5s
[ultrawidescaledtail10_e750_s44] ep 240/750 train_loss=0.9764 val_raw=92.72 val_ema=91.50 best_raw=93.52@230 best_ema=91.54@236 lr=0.07739 time=7.3s
[ultrawidescaledtail10_e750_s49] ep 240/750 train_loss=0.9798 val_raw=92.76 val_ema=92.40 best_raw=93.44@239 best_ema=92.40@240 lr=0.07739 time=7.5s
[ultrawidescaledtail10_e750_s47] ep 243/750 train_loss=1.0437 val_raw=93.40 val_ema=92.70 best_raw=93.64@240 best_ema=93.14@220 lr=0.07686 time=7.8s
[ultrawidescaledtail10_e750_s45] ep 244/750 train_loss=0.9895 val_raw=92.94 val_ema=87.52 best_raw=93.14@231 best_ema=89.28@241 lr=0.07668 time=7.4s
[ultrawidescaledtail10_e750_s46] ep 246/750 train_loss=0.9349 val_raw=92.90 val_ema=92.26 best_raw=93.36@238 best_ema=93.10@241 lr=0.07633 time=7.1s
[ultrawidescaledtail10_e750_s48] ep 248/750 train_loss=1.0198 val_raw=93.18 val_ema=93.38 best_raw=93.84@237 best_ema=93.70@247 lr=0.07597 time=7.1s
[ultrawidescaledtail10_e750_s42] ep 241/750 train_loss=1.0269 val_raw=92.60 val_ema=91.60 best_raw=93.60@233 best_ema=92.76@238 lr=0.07722 time=7.4s
[ultrawidescaledtail10_e750_s43] ep 243/750 train_loss=1.0387 val_raw=91.72 val_ema=91.16 best_raw=93.74@240 best_ema=92.42@238 lr=0.07686 time=7.1s
[ultrawidescaledtail10_e750_s44] ep 241/750 train_loss=0.9506 val_raw=93.34 val_ema=91.58 best_raw=93.52@230 best_ema=91.58@241 lr=0.07722 time=7.5s
[ultrawidescaledtail10_e750_s49] ep 241/750 train_loss=1.0173 val_raw=93.36 val_ema=91.58 best_raw=93.44@239 best_ema=92.40@240 lr=0.07722 time=7.1s
[ultrawidescaledtail10_e750_s47] ep 244/750 train_loss=1.0760 val_raw=92.60 val_ema=90.92 best_raw=93.64@240 best_ema=93.14@220 lr=0.07668 time=7.2s
[ultrawidescaledtail10_e750_s45] ep 245/750 train_loss=1.0213 val_raw=93.48 val_ema=86.34 best_raw=93.48@245 best_ema=89.28@241 lr=0.07651 time=7.5s
[ultrawidescaledtail10_e750_s46] ep 247/750 train_loss=1.0022 val_raw=93.04 val_ema=90.42 best_raw=93.36@238 best_ema=93.10@241 lr=0.07615 time=7.0s
[ultrawidescaledtail10_e750_s48] ep 249/750 train_loss=0.9913 val_raw=93.78 val_ema=91.70 best_raw=93.84@237 best_ema=93.70@247 lr=0.07579 time=7.4s
[ultrawidescaledtail10_e750_s42] ep 242/750 train_loss=0.9963 val_raw=93.48 val_ema=91.36 best_raw=93.60@233 best_ema=92.76@238 lr=0.07704 time=7.1s
[ultrawidescaledtail10_e750_s43] ep 244/750 train_loss=0.9420 val_raw=92.94 val_ema=92.90 best_raw=93.74@240 best_ema=92.90@244 lr=0.07668 time=7.1s
[ultrawidescaledtail10_e750_s44] ep 242/750 train_loss=1.0302 val_raw=93.08 val_ema=90.84 best_raw=93.52@230 best_ema=91.58@241 lr=0.07704 time=7.1s
[ultrawidescaledtail10_e750_s49] ep 242/750 train_loss=0.9790 val_raw=93.04 val_ema=91.84 best_raw=93.44@239 best_ema=92.40@240 lr=0.07704 time=7.1s
[ultrawidescaledtail10_e750_s47] ep 245/750 train_loss=1.0368 val_raw=93.08 val_ema=92.78 best_raw=93.64@240 best_ema=93.14@220 lr=0.07651 time=7.8s
[ultrawidescaledtail10_e750_s45] ep 246/750 train_loss=0.8921 val_raw=93.46 val_ema=86.28 best_raw=93.48@245 best_ema=89.28@241 lr=0.07633 time=7.0s
[ultrawidescaledtail10_e750_s46] ep 248/750 train_loss=0.9933 val_raw=93.16 val_ema=91.54 best_raw=93.36@238 best_ema=93.10@241 lr=0.07597 time=7.0s
[ultrawidescaledtail10_e750_s42] ep 243/750 train_loss=0.9434 val_raw=92.84 val_ema=91.18 best_raw=93.60@233 best_ema=92.76@238 lr=0.07686 time=7.2s
[ultrawidescaledtail10_e750_s48] ep 250/750 train_loss=0.9071 val_raw=93.66 val_ema=91.22 best_raw=93.84@237 best_ema=93.70@247 lr=0.07561 time=7.4s
[ultrawidescaledtail10_e750_s43] ep 245/750 train_loss=0.9755 val_raw=92.88 val_ema=92.28 best_raw=93.74@240 best_ema=92.90@244 lr=0.07651 time=7.4s
[ultrawidescaledtail10_e750_s44] ep 243/750 train_loss=1.0141 val_raw=93.26 val_ema=91.32 best_raw=93.52@230 best_ema=91.58@241 lr=0.07686 time=7.2s
[ultrawidescaledtail10_e750_s49] ep 243/750 train_loss=0.9824 val_raw=92.56 val_ema=91.80 best_raw=93.44@239 best_ema=92.40@240 lr=0.07686 time=7.4s
[ultrawidescaledtail10_e750_s47] ep 246/750 train_loss=0.9390 val_raw=92.56 val_ema=92.94 best_raw=93.64@240 best_ema=93.14@220 lr=0.07633 time=7.0s
[ultrawidescaledtail10_e750_s45] ep 247/750 train_loss=0.9551 val_raw=92.42 val_ema=88.40 best_raw=93.48@245 best_ema=89.28@241 lr=0.07615 time=7.2s
[ultrawidescaledtail10_e750_s46] ep 249/750 train_loss=1.0955 val_raw=93.02 val_ema=91.06 best_raw=93.36@238 best_ema=93.10@241 lr=0.07579 time=7.3s
[ultrawidescaledtail10_e750_s42] ep 244/750 train_loss=1.0087 val_raw=92.98 val_ema=89.96 best_raw=93.60@233 best_ema=92.76@238 lr=0.07668 time=7.3s
[ultrawidescaledtail10_e750_s48] ep 251/750 train_loss=0.9988 val_raw=93.08 val_ema=92.18 best_raw=93.84@237 best_ema=93.70@247 lr=0.07542 time=7.2s
[ultrawidescaledtail10_e750_s43] ep 246/750 train_loss=1.0201 val_raw=93.80 val_ema=92.54 best_raw=93.80@246 best_ema=92.90@244 lr=0.07633 time=7.3s
[ultrawidescaledtail10_e750_s44] ep 244/750 train_loss=0.9315 val_raw=93.30 val_ema=92.04 best_raw=93.52@230 best_ema=92.04@244 lr=0.07668 time=7.7s
[ultrawidescaledtail10_e750_s49] ep 244/750 train_loss=0.9486 val_raw=93.24 val_ema=92.28 best_raw=93.44@239 best_ema=92.40@240 lr=0.07668 time=7.6s
[ultrawidescaledtail10_e750_s47] ep 247/750 train_loss=1.0099 val_raw=92.80 val_ema=93.30 best_raw=93.64@240 best_ema=93.30@247 lr=0.07615 time=7.0s
[ultrawidescaledtail10_e750_s45] ep 248/750 train_loss=0.9628 val_raw=93.02 val_ema=85.92 best_raw=93.48@245 best_ema=89.28@241 lr=0.07597 time=7.1s
[ultrawidescaledtail10_e750_s46] ep 250/750 train_loss=0.9273 val_raw=93.16 val_ema=92.80 best_raw=93.36@238 best_ema=93.10@241 lr=0.07561 time=7.5s
[ultrawidescaledtail10_e750_s48] ep 252/750 train_loss=0.9723 val_raw=93.34 val_ema=92.12 best_raw=93.84@237 best_ema=93.70@247 lr=0.07524 time=7.1s
[ultrawidescaledtail10_e750_s42] ep 245/750 train_loss=0.9736 val_raw=93.44 val_ema=91.14 best_raw=93.60@233 best_ema=92.76@238 lr=0.07651 time=7.4s
[ultrawidescaledtail10_e750_s43] ep 247/750 train_loss=1.0227 val_raw=93.26 val_ema=91.46 best_raw=93.80@246 best_ema=92.90@244 lr=0.07615 time=7.2s
[ultrawidescaledtail10_e750_s44] ep 245/750 train_loss=0.9703 val_raw=93.68 val_ema=91.14 best_raw=93.68@245 best_ema=92.04@244 lr=0.07651 time=7.1s
[ultrawidescaledtail10_e750_s49] ep 245/750 train_loss=0.9695 val_raw=93.48 val_ema=91.84 best_raw=93.48@245 best_ema=92.40@240 lr=0.07651 time=7.2s
[ultrawidescaledtail10_e750_s47] ep 248/750 train_loss=0.9419 val_raw=93.16 val_ema=93.20 best_raw=93.64@240 best_ema=93.30@247 lr=0.07597 time=7.3s
[ultrawidescaledtail10_e750_s45] ep 249/750 train_loss=0.9763 val_raw=92.66 val_ema=85.52 best_raw=93.48@245 best_ema=89.28@241 lr=0.07579 time=7.3s
[ultrawidescaledtail10_e750_s46] ep 251/750 train_loss=0.9770 val_raw=93.12 val_ema=91.98 best_raw=93.36@238 best_ema=93.10@241 lr=0.07542 time=7.8s
[ultrawidescaledtail10_e750_s48] ep 253/750 train_loss=0.9501 val_raw=93.18 val_ema=92.68 best_raw=93.84@237 best_ema=93.70@247 lr=0.07506 time=7.0s
[ultrawidescaledtail10_e750_s42] ep 246/750 train_loss=0.9823 val_raw=93.16 val_ema=91.72 best_raw=93.60@233 best_ema=92.76@238 lr=0.07633 time=7.6s
[ultrawidescaledtail10_e750_s43] ep 248/750 train_loss=0.9734 val_raw=93.02 val_ema=91.84 best_raw=93.80@246 best_ema=92.90@244 lr=0.07597 time=7.4s
[ultrawidescaledtail10_e750_s44] ep 246/750 train_loss=1.0863 val_raw=93.14 val_ema=89.56 best_raw=93.68@245 best_ema=92.04@244 lr=0.07633 time=7.1s
[ultrawidescaledtail10_e750_s49] ep 246/750 train_loss=1.0170 val_raw=92.94 val_ema=90.66 best_raw=93.48@245 best_ema=92.40@240 lr=0.07633 time=7.6s
[ultrawidescaledtail10_e750_s47] ep 249/750 train_loss=0.9638 val_raw=92.96 val_ema=93.16 best_raw=93.64@240 best_ema=93.30@247 lr=0.07579 time=7.1s
[ultrawidescaledtail10_e750_s45] ep 250/750 train_loss=1.0538 val_raw=93.16 val_ema=86.50 best_raw=93.48@245 best_ema=89.28@241 lr=0.07561 time=7.4s
[ultrawidescaledtail10_e750_s46] ep 252/750 train_loss=1.0027 val_raw=93.16 val_ema=92.40 best_raw=93.36@238 best_ema=93.10@241 lr=0.07524 time=7.2s
[ultrawidescaledtail10_e750_s48] ep 254/750 train_loss=0.9790 val_raw=92.96 val_ema=93.60 best_raw=93.84@237 best_ema=93.70@247 lr=0.07488 time=7.1s
[ultrawidescaledtail10_e750_s42] ep 247/750 train_loss=1.0141 val_raw=93.40 val_ema=92.58 best_raw=93.60@233 best_ema=92.76@238 lr=0.07615 time=7.4s
[ultrawidescaledtail10_e750_s43] ep 249/750 train_loss=0.9692 val_raw=93.44 val_ema=91.84 best_raw=93.80@246 best_ema=92.90@244 lr=0.07579 time=7.5s
[ultrawidescaledtail10_e750_s44] ep 247/750 train_loss=0.9737 val_raw=93.14 val_ema=90.14 best_raw=93.68@245 best_ema=92.04@244 lr=0.07615 time=7.3s
[ultrawidescaledtail10_e750_s47] ep 250/750 train_loss=1.0041 val_raw=93.32 val_ema=92.30 best_raw=93.64@240 best_ema=93.30@247 lr=0.07561 time=7.1s
[ultrawidescaledtail10_e750_s49] ep 247/750 train_loss=0.9538 val_raw=92.94 val_ema=92.10 best_raw=93.48@245 best_ema=92.40@240 lr=0.07615 time=7.9s
[ultrawidescaledtail10_e750_s45] ep 251/750 train_loss=0.9209 val_raw=92.96 val_ema=85.84 best_raw=93.48@245 best_ema=89.28@241 lr=0.07542 time=7.6s
[ultrawidescaledtail10_e750_s46] ep 253/750 train_loss=1.0391 val_raw=93.20 val_ema=92.06 best_raw=93.36@238 best_ema=93.10@241 lr=0.07506 time=7.0s
[ultrawidescaledtail10_e750_s48] ep 255/750 train_loss=0.9840 val_raw=93.20 val_ema=93.06 best_raw=93.84@237 best_ema=93.70@247 lr=0.07470 time=7.2s
[ultrawidescaledtail10_e750_s42] ep 248/750 train_loss=0.9265 val_raw=92.80 val_ema=91.32 best_raw=93.60@233 best_ema=92.76@238 lr=0.07597 time=7.7s
[ultrawidescaledtail10_e750_s43] ep 250/750 train_loss=0.9572 val_raw=93.56 val_ema=91.62 best_raw=93.80@246 best_ema=92.90@244 lr=0.07561 time=7.7s
[ultrawidescaledtail10_e750_s44] ep 248/750 train_loss=0.9295 val_raw=93.50 val_ema=90.86 best_raw=93.68@245 best_ema=92.04@244 lr=0.07597 time=7.8s
[ultrawidescaledtail10_e750_s47] ep 251/750 train_loss=0.9753 val_raw=93.86 val_ema=92.32 best_raw=93.86@251 best_ema=93.30@247 lr=0.07542 time=7.7s
[ultrawidescaledtail10_e750_s49] ep 248/750 train_loss=1.0274 val_raw=92.98 val_ema=91.74 best_raw=93.48@245 best_ema=92.40@240 lr=0.07597 time=7.5s
[ultrawidescaledtail10_e750_s45] ep 252/750 train_loss=0.9852 val_raw=92.78 val_ema=89.70 best_raw=93.48@245 best_ema=89.70@252 lr=0.07524 time=7.1s
[ultrawidescaledtail10_e750_s46] ep 254/750 train_loss=1.0482 val_raw=92.52 val_ema=92.60 best_raw=93.36@238 best_ema=93.10@241 lr=0.07488 time=7.5s
[ultrawidescaledtail10_e750_s48] ep 256/750 train_loss=1.0591 val_raw=92.80 val_ema=92.86 best_raw=93.84@237 best_ema=93.70@247 lr=0.07451 time=7.1s
[ultrawidescaledtail10_e750_s42] ep 249/750 train_loss=0.9567 val_raw=92.82 val_ema=91.56 best_raw=93.60@233 best_ema=92.76@238 lr=0.07579 time=7.3s
[ultrawidescaledtail10_e750_s43] ep 251/750 train_loss=0.9459 val_raw=93.10 val_ema=92.58 best_raw=93.80@246 best_ema=92.90@244 lr=0.07542 time=7.9s
[ultrawidescaledtail10_e750_s44] ep 249/750 train_loss=0.9958 val_raw=93.60 val_ema=91.92 best_raw=93.68@245 best_ema=92.04@244 lr=0.07579 time=7.7s
[ultrawidescaledtail10_e750_s47] ep 252/750 train_loss=0.9540 val_raw=93.30 val_ema=89.88 best_raw=93.86@251 best_ema=93.30@247 lr=0.07524 time=7.6s
[ultrawidescaledtail10_e750_s49] ep 249/750 train_loss=0.9680 val_raw=93.50 val_ema=91.08 best_raw=93.50@249 best_ema=92.40@240 lr=0.07579 time=7.6s
[ultrawidescaledtail10_e750_s45] ep 253/750 train_loss=1.0266 val_raw=92.62 val_ema=87.38 best_raw=93.48@245 best_ema=89.70@252 lr=0.07506 time=7.3s
[ultrawidescaledtail10_e750_s46] ep 255/750 train_loss=0.9266 val_raw=93.36 val_ema=92.64 best_raw=93.36@238 best_ema=93.10@241 lr=0.07470 time=7.0s
[ultrawidescaledtail10_e750_s48] ep 257/750 train_loss=0.9701 val_raw=93.70 val_ema=93.20 best_raw=93.84@237 best_ema=93.70@247 lr=0.07433 time=7.1s
[ultrawidescaledtail10_e750_s42] ep 250/750 train_loss=1.0667 val_raw=92.56 val_ema=91.40 best_raw=93.60@233 best_ema=92.76@238 lr=0.07561 time=7.4s
[ultrawidescaledtail10_e750_s43] ep 252/750 train_loss=1.0263 val_raw=93.56 val_ema=91.54 best_raw=93.80@246 best_ema=92.90@244 lr=0.07524 time=7.6s
[ultrawidescaledtail10_e750_s44] ep 250/750 train_loss=0.9904 val_raw=93.38 val_ema=90.96 best_raw=93.68@245 best_ema=92.04@244 lr=0.07561 time=7.7s
[ultrawidescaledtail10_e750_s47] ep 253/750 train_loss=0.9311 val_raw=93.34 val_ema=92.20 best_raw=93.86@251 best_ema=93.30@247 lr=0.07506 time=7.0s
[ultrawidescaledtail10_e750_s45] ep 254/750 train_loss=1.0043 val_raw=92.98 val_ema=87.20 best_raw=93.48@245 best_ema=89.70@252 lr=0.07488 time=7.2s
[ultrawidescaledtail10_e750_s49] ep 250/750 train_loss=0.9306 val_raw=93.16 val_ema=92.18 best_raw=93.50@249 best_ema=92.40@240 lr=0.07561 time=7.8s
[ultrawidescaledtail10_e750_s46] ep 256/750 train_loss=0.9318 val_raw=92.88 val_ema=91.80 best_raw=93.36@238 best_ema=93.10@241 lr=0.07451 time=7.0s
[ultrawidescaledtail10_e750_s48] ep 258/750 train_loss=0.8967 val_raw=93.44 val_ema=93.08 best_raw=93.84@237 best_ema=93.70@247 lr=0.07414 time=7.3s
[ultrawidescaledtail10_e750_s42] ep 251/750 train_loss=0.9880 val_raw=92.76 val_ema=90.56 best_raw=93.60@233 best_ema=92.76@238 lr=0.07542 time=7.4s
[ultrawidescaledtail10_e750_s43] ep 253/750 train_loss=1.0100 val_raw=93.76 val_ema=93.16 best_raw=93.80@246 best_ema=93.16@253 lr=0.07506 time=7.3s
[ultrawidescaledtail10_e750_s44] ep 251/750 train_loss=0.9667 val_raw=93.58 val_ema=91.22 best_raw=93.68@245 best_ema=92.04@244 lr=0.07542 time=7.5s
[ultrawidescaledtail10_e750_s47] ep 254/750 train_loss=0.9748 val_raw=93.28 val_ema=92.58 best_raw=93.86@251 best_ema=93.30@247 lr=0.07488 time=7.4s
[ultrawidescaledtail10_e750_s45] ep 255/750 train_loss=0.9497 val_raw=93.40 val_ema=86.22 best_raw=93.48@245 best_ema=89.70@252 lr=0.07470 time=7.8s
[ultrawidescaledtail10_e750_s46] ep 257/750 train_loss=1.0319 val_raw=92.98 val_ema=91.02 best_raw=93.36@238 best_ema=93.10@241 lr=0.07433 time=7.3s
[ultrawidescaledtail10_e750_s49] ep 251/750 train_loss=0.9443 val_raw=93.26 val_ema=92.32 best_raw=93.50@249 best_ema=92.40@240 lr=0.07542 time=7.6s
[ultrawidescaledtail10_e750_s48] ep 259/750 train_loss=0.9696 val_raw=93.06 val_ema=92.26 best_raw=93.84@237 best_ema=93.70@247 lr=0.07396 time=7.1s
[ultrawidescaledtail10_e750_s42] ep 252/750 train_loss=0.9677 val_raw=92.80 val_ema=90.48 best_raw=93.60@233 best_ema=92.76@238 lr=0.07524 time=7.4s
[ultrawidescaledtail10_e750_s43] ep 254/750 train_loss=1.0021 val_raw=93.52 val_ema=92.66 best_raw=93.80@246 best_ema=93.16@253 lr=0.07488 time=7.1s
[ultrawidescaledtail10_e750_s44] ep 252/750 train_loss=0.9876 val_raw=93.32 val_ema=90.62 best_raw=93.68@245 best_ema=92.04@244 lr=0.07524 time=7.4s
[ultrawidescaledtail10_e750_s47] ep 255/750 train_loss=0.9766 val_raw=93.14 val_ema=92.44 best_raw=93.86@251 best_ema=93.30@247 lr=0.07470 time=7.5s
[ultrawidescaledtail10_e750_s45] ep 256/750 train_loss=0.9901 val_raw=93.16 val_ema=89.94 best_raw=93.48@245 best_ema=89.94@256 lr=0.07451 time=7.1s
[ultrawidescaledtail10_e750_s49] ep 252/750 train_loss=0.9481 val_raw=93.48 val_ema=91.96 best_raw=93.50@249 best_ema=92.40@240 lr=0.07524 time=7.2s
[ultrawidescaledtail10_e750_s46] ep 258/750 train_loss=0.9764 val_raw=93.14 val_ema=93.14 best_raw=93.36@238 best_ema=93.14@258 lr=0.07414 time=7.6s
[ultrawidescaledtail10_e750_s48] ep 260/750 train_loss=1.0405 val_raw=93.80 val_ema=93.16 best_raw=93.84@237 best_ema=93.70@247 lr=0.07377 time=7.2s
[ultrawidescaledtail10_e750_s42] ep 253/750 train_loss=0.9985 val_raw=93.24 val_ema=92.32 best_raw=93.60@233 best_ema=92.76@238 lr=0.07506 time=7.6s
[ultrawidescaledtail10_e750_s43] ep 255/750 train_loss=1.0135 val_raw=93.22 val_ema=92.80 best_raw=93.80@246 best_ema=93.16@253 lr=0.07470 time=7.5s
[ultrawidescaledtail10_e750_s44] ep 253/750 train_loss=0.9375 val_raw=93.38 val_ema=91.14 best_raw=93.68@245 best_ema=92.04@244 lr=0.07506 time=7.1s
[ultrawidescaledtail10_e750_s47] ep 256/750 train_loss=0.9656 val_raw=92.80 val_ema=92.66 best_raw=93.86@251 best_ema=93.30@247 lr=0.07451 time=7.1s
[ultrawidescaledtail10_e750_s45] ep 257/750 train_loss=1.0031 val_raw=92.64 val_ema=89.44 best_raw=93.48@245 best_ema=89.94@256 lr=0.07433 time=7.2s
[ultrawidescaledtail10_e750_s46] ep 259/750 train_loss=0.9854 val_raw=92.94 val_ema=91.06 best_raw=93.36@238 best_ema=93.14@258 lr=0.07396 time=7.3s
[ultrawidescaledtail10_e750_s49] ep 253/750 train_loss=0.9187 val_raw=93.68 val_ema=93.34 best_raw=93.68@253 best_ema=93.34@253 lr=0.07506 time=7.8s
[ultrawidescaledtail10_e750_s48] ep 261/750 train_loss=0.9545 val_raw=93.70 val_ema=92.56 best_raw=93.84@237 best_ema=93.70@247 lr=0.07359 time=7.2s
[ultrawidescaledtail10_e750_s42] ep 254/750 train_loss=0.9569 val_raw=93.40 val_ema=93.00 best_raw=93.60@233 best_ema=93.00@254 lr=0.07488 time=7.2s
[ultrawidescaledtail10_e750_s43] ep 256/750 train_loss=1.0128 val_raw=93.54 val_ema=93.08 best_raw=93.80@246 best_ema=93.16@253 lr=0.07451 time=7.2s
[ultrawidescaledtail10_e750_s44] ep 254/750 train_loss=0.9418 val_raw=93.52 val_ema=91.30 best_raw=93.68@245 best_ema=92.04@244 lr=0.07488 time=7.9s
[ultrawidescaledtail10_e750_s47] ep 257/750 train_loss=0.9543 val_raw=93.36 val_ema=91.40 best_raw=93.86@251 best_ema=93.30@247 lr=0.07433 time=7.2s
[ultrawidescaledtail10_e750_s45] ep 258/750 train_loss=1.0096 val_raw=92.84 val_ema=90.04 best_raw=93.48@245 best_ema=90.04@258 lr=0.07414 time=7.1s
[ultrawidescaledtail10_e750_s49] ep 254/750 train_loss=0.9508 val_raw=93.76 val_ema=92.56 best_raw=93.76@254 best_ema=93.34@253 lr=0.07488 time=7.1s
[ultrawidescaledtail10_e750_s48] ep 262/750 train_loss=0.9693 val_raw=93.30 val_ema=93.58 best_raw=93.84@237 best_ema=93.70@247 lr=0.07340 time=7.1s
[ultrawidescaledtail10_e750_s46] ep 260/750 train_loss=0.9439 val_raw=93.04 val_ema=93.22 best_raw=93.36@238 best_ema=93.22@260 lr=0.07377 time=7.7s
[ultrawidescaledtail10_e750_s42] ep 255/750 train_loss=0.9997 val_raw=93.06 val_ema=91.18 best_raw=93.60@233 best_ema=93.00@254 lr=0.07470 time=7.0s
[ultrawidescaledtail10_e750_s43] ep 257/750 train_loss=1.0559 val_raw=93.22 val_ema=91.68 best_raw=93.80@246 best_ema=93.16@253 lr=0.07433 time=7.2s
[ultrawidescaledtail10_e750_s47] ep 258/750 train_loss=0.9747 val_raw=93.26 val_ema=92.72 best_raw=93.86@251 best_ema=93.30@247 lr=0.07414 time=7.1s
[ultrawidescaledtail10_e750_s44] ep 255/750 train_loss=0.9860 val_raw=93.92 val_ema=90.66 best_raw=93.92@255 best_ema=92.04@244 lr=0.07470 time=7.6s
[ultrawidescaledtail10_e750_s45] ep 259/750 train_loss=0.9813 val_raw=93.02 val_ema=89.76 best_raw=93.48@245 best_ema=90.04@258 lr=0.07396 time=7.6s
[ultrawidescaledtail10_e750_s49] ep 255/750 train_loss=0.9714 val_raw=93.56 val_ema=92.80 best_raw=93.76@254 best_ema=93.34@253 lr=0.07470 time=7.3s
[ultrawidescaledtail10_e750_s46] ep 261/750 train_loss=0.9774 val_raw=93.06 val_ema=91.38 best_raw=93.36@238 best_ema=93.22@260 lr=0.07359 time=7.0s
[ultrawidescaledtail10_e750_s48] ep 263/750 train_loss=0.9512 val_raw=93.44 val_ema=93.62 best_raw=93.84@237 best_ema=93.70@247 lr=0.07321 time=7.4s
[ultrawidescaledtail10_e750_s42] ep 256/750 train_loss=1.0163 val_raw=93.68 val_ema=91.38 best_raw=93.68@256 best_ema=93.00@254 lr=0.07451 time=7.1s
[ultrawidescaledtail10_e750_s43] ep 258/750 train_loss=1.0107 val_raw=93.08 val_ema=93.32 best_raw=93.80@246 best_ema=93.32@258 lr=0.07414 time=7.1s
[ultrawidescaledtail10_e750_s47] ep 259/750 train_loss=1.0319 val_raw=93.84 val_ema=92.92 best_raw=93.86@251 best_ema=93.30@247 lr=0.07396 time=7.2s
[ultrawidescaledtail10_e750_s44] ep 256/750 train_loss=0.9344 val_raw=92.86 val_ema=90.92 best_raw=93.92@255 best_ema=92.04@244 lr=0.07451 time=7.2s
[ultrawidescaledtail10_e750_s45] ep 260/750 train_loss=0.9920 val_raw=92.48 val_ema=90.22 best_raw=93.48@245 best_ema=90.22@260 lr=0.07377 time=7.0s
[ultrawidescaledtail10_e750_s46] ep 262/750 train_loss=0.9944 val_raw=93.48 val_ema=93.30 best_raw=93.48@262 best_ema=93.30@262 lr=0.07340 time=7.1s
[ultrawidescaledtail10_e750_s49] ep 256/750 train_loss=0.9886 val_raw=93.86 val_ema=92.60 best_raw=93.86@256 best_ema=93.34@253 lr=0.07451 time=7.5s
[ultrawidescaledtail10_e750_s48] ep 264/750 train_loss=0.9692 val_raw=93.74 val_ema=93.72 best_raw=93.84@237 best_ema=93.72@264 lr=0.07303 time=7.5s
[ultrawidescaledtail10_e750_s42] ep 257/750 train_loss=1.0055 val_raw=93.26 val_ema=91.80 best_raw=93.68@256 best_ema=93.00@254 lr=0.07433 time=7.2s
[ultrawidescaledtail10_e750_s43] ep 259/750 train_loss=1.0086 val_raw=93.12 val_ema=92.38 best_raw=93.80@246 best_ema=93.32@258 lr=0.07396 time=7.1s
[ultrawidescaledtail10_e750_s47] ep 260/750 train_loss=0.9388 val_raw=93.26 val_ema=92.46 best_raw=93.86@251 best_ema=93.30@247 lr=0.07377 time=7.5s
[ultrawidescaledtail10_e750_s44] ep 257/750 train_loss=0.9310 val_raw=93.16 val_ema=91.06 best_raw=93.92@255 best_ema=92.04@244 lr=0.07433 time=7.3s
[ultrawidescaledtail10_e750_s45] ep 261/750 train_loss=0.9315 val_raw=92.78 val_ema=89.02 best_raw=93.48@245 best_ema=90.22@260 lr=0.07359 time=7.1s
[ultrawidescaledtail10_e750_s46] ep 263/750 train_loss=1.0811 val_raw=92.78 val_ema=92.62 best_raw=93.48@262 best_ema=93.30@262 lr=0.07321 time=7.4s
[ultrawidescaledtail10_e750_s48] ep 265/750 train_loss=0.9989 val_raw=93.76 val_ema=93.14 best_raw=93.84@237 best_ema=93.72@264 lr=0.07284 time=7.1s
[ultrawidescaledtail10_e750_s49] ep 257/750 train_loss=0.9225 val_raw=93.22 val_ema=92.38 best_raw=93.86@256 best_ema=93.34@253 lr=0.07433 time=7.5s
[ultrawidescaledtail10_e750_s42] ep 258/750 train_loss=0.9682 val_raw=93.76 val_ema=91.82 best_raw=93.76@258 best_ema=93.00@254 lr=0.07414 time=7.4s
[ultrawidescaledtail10_e750_s43] ep 260/750 train_loss=0.9728 val_raw=93.76 val_ema=93.54 best_raw=93.80@246 best_ema=93.54@260 lr=0.07377 time=7.4s
[ultrawidescaledtail10_e750_s47] ep 261/750 train_loss=0.9686 val_raw=93.44 val_ema=91.48 best_raw=93.86@251 best_ema=93.30@247 lr=0.07359 time=7.6s
[ultrawidescaledtail10_e750_s45] ep 262/750 train_loss=1.0224 val_raw=93.08 val_ema=89.78 best_raw=93.48@245 best_ema=90.22@260 lr=0.07340 time=7.2s
[ultrawidescaledtail10_e750_s44] ep 258/750 train_loss=0.9287 val_raw=93.92 val_ema=91.32 best_raw=93.92@255 best_ema=92.04@244 lr=0.07414 time=8.0s
[ultrawidescaledtail10_e750_s46] ep 264/750 train_loss=0.9133 val_raw=92.90 val_ema=92.24 best_raw=93.48@262 best_ema=93.30@262 lr=0.07303 time=7.1s
[ultrawidescaledtail10_e750_s48] ep 266/750 train_loss=0.9573 val_raw=93.82 val_ema=92.50 best_raw=93.84@237 best_ema=93.72@264 lr=0.07265 time=7.5s
[ultrawidescaledtail10_e750_s49] ep 258/750 train_loss=0.9879 val_raw=92.76 val_ema=92.64 best_raw=93.86@256 best_ema=93.34@253 lr=0.07414 time=7.4s
[ultrawidescaledtail10_e750_s42] ep 259/750 train_loss=0.9411 val_raw=93.18 val_ema=92.62 best_raw=93.76@258 best_ema=93.00@254 lr=0.07396 time=7.0s
[ultrawidescaledtail10_e750_s43] ep 261/750 train_loss=0.9668 val_raw=93.62 val_ema=92.64 best_raw=93.80@246 best_ema=93.54@260 lr=0.07359 time=7.8s
[ultrawidescaledtail10_e750_s47] ep 262/750 train_loss=1.0086 val_raw=93.14 val_ema=92.60 best_raw=93.86@251 best_ema=93.30@247 lr=0.07340 time=7.1s
[ultrawidescaledtail10_e750_s45] ep 263/750 train_loss=0.9620 val_raw=93.14 val_ema=90.02 best_raw=93.48@245 best_ema=90.22@260 lr=0.07321 time=7.5s
[ultrawidescaledtail10_e750_s44] ep 259/750 train_loss=0.9813 val_raw=93.58 val_ema=91.24 best_raw=93.92@255 best_ema=92.04@244 lr=0.07396 time=7.3s
[ultrawidescaledtail10_e750_s46] ep 265/750 train_loss=1.0107 val_raw=93.30 val_ema=92.66 best_raw=93.48@262 best_ema=93.30@262 lr=0.07284 time=7.5s
[ultrawidescaledtail10_e750_s48] ep 267/750 train_loss=0.9366 val_raw=93.74 val_ema=92.96 best_raw=93.84@237 best_ema=93.72@264 lr=0.07246 time=7.1s
[ultrawidescaledtail10_e750_s49] ep 259/750 train_loss=0.9345 val_raw=92.88 val_ema=91.88 best_raw=93.86@256 best_ema=93.34@253 lr=0.07396 time=7.3s
[ultrawidescaledtail10_e750_s42] ep 260/750 train_loss=0.8804 val_raw=93.44 val_ema=92.34 best_raw=93.76@258 best_ema=93.00@254 lr=0.07377 time=7.1s
[ultrawidescaledtail10_e750_s43] ep 262/750 train_loss=0.9808 val_raw=93.34 val_ema=92.50 best_raw=93.80@246 best_ema=93.54@260 lr=0.07340 time=7.1s
[ultrawidescaledtail10_e750_s47] ep 263/750 train_loss=0.9913 val_raw=92.86 val_ema=91.92 best_raw=93.86@251 best_ema=93.30@247 lr=0.07321 time=7.6s
[ultrawidescaledtail10_e750_s44] ep 260/750 train_loss=0.9435 val_raw=93.08 val_ema=92.16 best_raw=93.92@255 best_ema=92.16@260 lr=0.07377 time=7.2s
[ultrawidescaledtail10_e750_s45] ep 264/750 train_loss=1.0607 val_raw=93.04 val_ema=89.36 best_raw=93.48@245 best_ema=90.22@260 lr=0.07303 time=7.6s
[ultrawidescaledtail10_e750_s48] ep 268/750 train_loss=0.9238 val_raw=93.24 val_ema=92.22 best_raw=93.84@237 best_ema=93.72@264 lr=0.07228 time=7.1s
[ultrawidescaledtail10_e750_s46] ep 266/750 train_loss=0.9042 val_raw=93.10 val_ema=93.06 best_raw=93.48@262 best_ema=93.30@262 lr=0.07265 time=7.4s
[ultrawidescaledtail10_e750_s49] ep 260/750 train_loss=1.0090 val_raw=93.30 val_ema=92.16 best_raw=93.86@256 best_ema=93.34@253 lr=0.07377 time=7.6s
[ultrawidescaledtail10_e750_s42] ep 261/750 train_loss=0.9660 val_raw=93.74 val_ema=92.98 best_raw=93.76@258 best_ema=93.00@254 lr=0.07359 time=7.0s
[ultrawidescaledtail10_e750_s43] ep 263/750 train_loss=0.9276 val_raw=93.60 val_ema=92.70 best_raw=93.80@246 best_ema=93.54@260 lr=0.07321 time=7.6s
[ultrawidescaledtail10_e750_s47] ep 264/750 train_loss=0.9590 val_raw=93.62 val_ema=92.30 best_raw=93.86@251 best_ema=93.30@247 lr=0.07303 time=7.2s
[ultrawidescaledtail10_e750_s45] ep 265/750 train_loss=0.9747 val_raw=93.42 val_ema=88.80 best_raw=93.48@245 best_ema=90.22@260 lr=0.07284 time=7.2s
[ultrawidescaledtail10_e750_s44] ep 261/750 train_loss=1.0608 val_raw=93.22 val_ema=90.66 best_raw=93.92@255 best_ema=92.16@260 lr=0.07359 time=7.6s
[ultrawidescaledtail10_e750_s48] ep 269/750 train_loss=0.9962 val_raw=92.76 val_ema=92.52 best_raw=93.84@237 best_ema=93.72@264 lr=0.07209 time=7.2s
[ultrawidescaledtail10_e750_s46] ep 267/750 train_loss=0.9263 val_raw=92.90 val_ema=93.54 best_raw=93.48@262 best_ema=93.54@267 lr=0.07246 time=7.6s
[ultrawidescaledtail10_e750_s49] ep 261/750 train_loss=1.0551 val_raw=93.26 val_ema=93.04 best_raw=93.86@256 best_ema=93.34@253 lr=0.07359 time=7.2s
[ultrawidescaledtail10_e750_s42] ep 262/750 train_loss=0.9953 val_raw=93.34 val_ema=93.00 best_raw=93.76@258 best_ema=93.00@254 lr=0.07340 time=7.6s
[ultrawidescaledtail10_e750_s43] ep 264/750 train_loss=1.0125 val_raw=93.82 val_ema=93.36 best_raw=93.82@264 best_ema=93.54@260 lr=0.07303 time=7.8s
[ultrawidescaledtail10_e750_s47] ep 265/750 train_loss=0.9902 val_raw=93.10 val_ema=92.70 best_raw=93.86@251 best_ema=93.30@247 lr=0.07284 time=7.0s
[ultrawidescaledtail10_e750_s44] ep 262/750 train_loss=0.9431 val_raw=93.14 val_ema=91.86 best_raw=93.92@255 best_ema=92.16@260 lr=0.07340 time=7.2s
[ultrawidescaledtail10_e750_s45] ep 266/750 train_loss=1.0063 val_raw=93.22 val_ema=89.68 best_raw=93.48@245 best_ema=90.22@260 lr=0.07265 time=7.5s
[ultrawidescaledtail10_e750_s48] ep 270/750 train_loss=0.9309 val_raw=93.74 val_ema=93.64 best_raw=93.84@237 best_ema=93.72@264 lr=0.07190 time=7.1s
[ultrawidescaledtail10_e750_s46] ep 268/750 train_loss=1.0020 val_raw=93.58 val_ema=93.66 best_raw=93.58@268 best_ema=93.66@268 lr=0.07228 time=7.3s
[ultrawidescaledtail10_e750_s49] ep 262/750 train_loss=0.9847 val_raw=93.00 val_ema=93.28 best_raw=93.86@256 best_ema=93.34@253 lr=0.07340 time=7.4s
[ultrawidescaledtail10_e750_s42] ep 263/750 train_loss=0.9405 val_raw=93.22 val_ema=91.50 best_raw=93.76@258 best_ema=93.00@254 lr=0.07321 time=8.0s
[ultrawidescaledtail10_e750_s43] ep 265/750 train_loss=0.9073 val_raw=93.24 val_ema=92.84 best_raw=93.82@264 best_ema=93.54@260 lr=0.07284 time=7.3s
[ultrawidescaledtail10_e750_s47] ep 266/750 train_loss=0.9698 val_raw=94.02 val_ema=93.50 best_raw=94.02@266 best_ema=93.50@266 lr=0.07265 time=7.6s
[ultrawidescaledtail10_e750_s48] ep 271/750 train_loss=1.0215 val_raw=93.24 val_ema=93.52 best_raw=93.84@237 best_ema=93.72@264 lr=0.07171 time=7.1s
[ultrawidescaledtail10_e750_s44] ep 263/750 train_loss=0.9786 val_raw=93.50 val_ema=91.30 best_raw=93.92@255 best_ema=92.16@260 lr=0.07321 time=7.6s
[ultrawidescaledtail10_e750_s45] ep 267/750 train_loss=0.9552 val_raw=93.06 val_ema=91.56 best_raw=93.48@245 best_ema=91.56@267 lr=0.07246 time=7.5s
[ultrawidescaledtail10_e750_s46] ep 269/750 train_loss=0.9741 val_raw=93.20 val_ema=92.68 best_raw=93.58@268 best_ema=93.66@268 lr=0.07209 time=7.2s
[ultrawidescaledtail10_e750_s49] ep 263/750 train_loss=0.9260 val_raw=92.94 val_ema=93.56 best_raw=93.86@256 best_ema=93.56@263 lr=0.07321 time=7.3s
[ultrawidescaledtail10_e750_s42] ep 264/750 train_loss=0.8997 val_raw=93.18 val_ema=93.02 best_raw=93.76@258 best_ema=93.02@264 lr=0.07303 time=7.7s
[ultrawidescaledtail10_e750_s43] ep 266/750 train_loss=0.9634 val_raw=93.62 val_ema=93.20 best_raw=93.82@264 best_ema=93.54@260 lr=0.07265 time=7.3s
[ultrawidescaledtail10_e750_s47] ep 267/750 train_loss=0.8913 val_raw=93.24 val_ema=92.98 best_raw=94.02@266 best_ema=93.50@266 lr=0.07246 time=7.3s
[ultrawidescaledtail10_e750_s48] ep 272/750 train_loss=0.9383 val_raw=93.62 val_ema=92.96 best_raw=93.84@237 best_ema=93.72@264 lr=0.07152 time=7.2s
[ultrawidescaledtail10_e750_s44] ep 264/750 train_loss=1.0000 val_raw=93.68 val_ema=91.72 best_raw=93.92@255 best_ema=92.16@260 lr=0.07303 time=7.4s
[ultrawidescaledtail10_e750_s45] ep 268/750 train_loss=0.9897 val_raw=92.96 val_ema=91.34 best_raw=93.48@245 best_ema=91.56@267 lr=0.07228 time=7.7s
[ultrawidescaledtail10_e750_s46] ep 270/750 train_loss=1.0469 val_raw=94.10 val_ema=92.12 best_raw=94.10@270 best_ema=93.66@268 lr=0.07190 time=7.1s
[ultrawidescaledtail10_e750_s49] ep 264/750 train_loss=1.0015 val_raw=93.66 val_ema=92.62 best_raw=93.86@256 best_ema=93.56@263 lr=0.07303 time=7.2s
[ultrawidescaledtail10_e750_s42] ep 265/750 train_loss=0.8844 val_raw=93.48 val_ema=91.98 best_raw=93.76@258 best_ema=93.02@264 lr=0.07284 time=7.4s
[ultrawidescaledtail10_e750_s43] ep 267/750 train_loss=0.9171 val_raw=93.26 val_ema=92.84 best_raw=93.82@264 best_ema=93.54@260 lr=0.07246 time=7.1s
[ultrawidescaledtail10_e750_s47] ep 268/750 train_loss=1.0061 val_raw=93.20 val_ema=93.76 best_raw=94.02@266 best_ema=93.76@268 lr=0.07228 time=7.5s
[ultrawidescaledtail10_e750_s48] ep 273/750 train_loss=0.9646 val_raw=93.86 val_ema=93.76 best_raw=93.86@273 best_ema=93.76@273 lr=0.07133 time=7.1s
[ultrawidescaledtail10_e750_s46] ep 271/750 train_loss=0.8789 val_raw=93.40 val_ema=92.60 best_raw=94.10@270 best_ema=93.66@268 lr=0.07171 time=7.0s
[ultrawidescaledtail10_e750_s45] ep 269/750 train_loss=0.9813 val_raw=93.28 val_ema=87.52 best_raw=93.48@245 best_ema=91.56@267 lr=0.07209 time=7.3s
[ultrawidescaledtail10_e750_s44] ep 265/750 train_loss=1.0496 val_raw=93.16 val_ema=92.14 best_raw=93.92@255 best_ema=92.16@260 lr=0.07284 time=7.8s
[ultrawidescaledtail10_e750_s49] ep 265/750 train_loss=0.9515 val_raw=93.40 val_ema=92.88 best_raw=93.86@256 best_ema=93.56@263 lr=0.07284 time=7.5s
[ultrawidescaledtail10_e750_s42] ep 266/750 train_loss=0.9322 val_raw=93.24 val_ema=91.46 best_raw=93.76@258 best_ema=93.02@264 lr=0.07265 time=7.1s
[ultrawidescaledtail10_e750_s43] ep 268/750 train_loss=1.0098 val_raw=93.48 val_ema=92.80 best_raw=93.82@264 best_ema=93.54@260 lr=0.07228 time=7.3s
[ultrawidescaledtail10_e750_s47] ep 269/750 train_loss=0.9565 val_raw=93.14 val_ema=92.74 best_raw=94.02@266 best_ema=93.76@268 lr=0.07209 time=7.0s
[ultrawidescaledtail10_e750_s48] ep 274/750 train_loss=0.9531 val_raw=93.16 val_ema=93.32 best_raw=93.86@273 best_ema=93.76@273 lr=0.07114 time=7.2s
[ultrawidescaledtail10_e750_s45] ep 270/750 train_loss=0.9724 val_raw=92.94 val_ema=92.16 best_raw=93.48@245 best_ema=92.16@270 lr=0.07190 time=7.1s
[ultrawidescaledtail10_e750_s44] ep 266/750 train_loss=0.9782 val_raw=93.06 val_ema=91.18 best_raw=93.92@255 best_ema=92.16@260 lr=0.07265 time=7.1s
[ultrawidescaledtail10_e750_s46] ep 272/750 train_loss=0.9314 val_raw=93.76 val_ema=92.44 best_raw=94.10@270 best_ema=93.66@268 lr=0.07152 time=7.5s
[ultrawidescaledtail10_e750_s49] ep 266/750 train_loss=0.9956 val_raw=93.34 val_ema=93.48 best_raw=93.86@256 best_ema=93.56@263 lr=0.07265 time=8.0s
[ultrawidescaledtail10_e750_s42] ep 267/750 train_loss=0.9757 val_raw=93.06 val_ema=91.24 best_raw=93.76@258 best_ema=93.02@264 lr=0.07246 time=7.4s
[ultrawidescaledtail10_e750_s43] ep 269/750 train_loss=1.0487 val_raw=93.00 val_ema=92.80 best_raw=93.82@264 best_ema=93.54@260 lr=0.07209 time=7.1s
[ultrawidescaledtail10_e750_s47] ep 270/750 train_loss=1.0075 val_raw=93.34 val_ema=92.16 best_raw=94.02@266 best_ema=93.76@268 lr=0.07190 time=7.2s
[ultrawidescaledtail10_e750_s48] ep 275/750 train_loss=0.9663 val_raw=93.32 val_ema=94.20 best_raw=93.86@273 best_ema=94.20@275 lr=0.07094 time=7.1s
[ultrawidescaledtail10_e750_s46] ep 273/750 train_loss=0.9996 val_raw=93.50 val_ema=93.56 best_raw=94.10@270 best_ema=93.66@268 lr=0.07133 time=7.0s
[ultrawidescaledtail10_e750_s45] ep 271/750 train_loss=0.9619 val_raw=93.34 val_ema=89.72 best_raw=93.48@245 best_ema=92.16@270 lr=0.07171 time=7.4s
[ultrawidescaledtail10_e750_s44] ep 267/750 train_loss=1.0655 val_raw=93.00 val_ema=89.62 best_raw=93.92@255 best_ema=92.16@260 lr=0.07246 time=7.6s
[ultrawidescaledtail10_e750_s49] ep 267/750 train_loss=1.0729 val_raw=93.40 val_ema=92.96 best_raw=93.86@256 best_ema=93.56@263 lr=0.07246 time=7.1s
[ultrawidescaledtail10_e750_s42] ep 268/750 train_loss=1.0358 val_raw=93.04 val_ema=91.38 best_raw=93.76@258 best_ema=93.02@264 lr=0.07228 time=7.9s
[ultrawidescaledtail10_e750_s43] ep 270/750 train_loss=0.9820 val_raw=93.28 val_ema=93.42 best_raw=93.82@264 best_ema=93.54@260 lr=0.07190 time=7.2s
[ultrawidescaledtail10_e750_s47] ep 271/750 train_loss=0.9833 val_raw=93.30 val_ema=91.80 best_raw=94.02@266 best_ema=93.76@268 lr=0.07171 time=7.6s
[ultrawidescaledtail10_e750_s48] ep 276/750 train_loss=0.9671 val_raw=93.38 val_ema=93.38 best_raw=93.86@273 best_ema=94.20@275 lr=0.07075 time=7.1s
[ultrawidescaledtail10_e750_s46] ep 274/750 train_loss=0.9476 val_raw=93.06 val_ema=92.28 best_raw=94.10@270 best_ema=93.66@268 lr=0.07114 time=7.1s
[ultrawidescaledtail10_e750_s45] ep 272/750 train_loss=0.9331 val_raw=93.26 val_ema=92.80 best_raw=93.48@245 best_ema=92.80@272 lr=0.07152 time=7.3s
[ultrawidescaledtail10_e750_s44] ep 268/750 train_loss=1.0085 val_raw=92.96 val_ema=89.74 best_raw=93.92@255 best_ema=92.16@260 lr=0.07228 time=7.2s
[ultrawidescaledtail10_e750_s49] ep 268/750 train_loss=1.0920 val_raw=93.14 val_ema=92.52 best_raw=93.86@256 best_ema=93.56@263 lr=0.07228 time=7.5s
[ultrawidescaledtail10_e750_s42] ep 269/750 train_loss=0.9877 val_raw=93.74 val_ema=93.16 best_raw=93.76@258 best_ema=93.16@269 lr=0.07209 time=7.6s
[ultrawidescaledtail10_e750_s43] ep 271/750 train_loss=0.9706 val_raw=93.78 val_ema=92.98 best_raw=93.82@264 best_ema=93.54@260 lr=0.07171 time=7.1s
[ultrawidescaledtail10_e750_s48] ep 277/750 train_loss=0.9267 val_raw=93.62 val_ema=93.34 best_raw=93.86@273 best_ema=94.20@275 lr=0.07056 time=7.2s
[ultrawidescaledtail10_e750_s47] ep 272/750 train_loss=0.9690 val_raw=93.46 val_ema=92.08 best_raw=94.02@266 best_ema=93.76@268 lr=0.07152 time=7.8s
[ultrawidescaledtail10_e750_s46] ep 275/750 train_loss=1.0488 val_raw=92.60 val_ema=92.40 best_raw=94.10@270 best_ema=93.66@268 lr=0.07094 time=7.2s
[ultrawidescaledtail10_e750_s45] ep 273/750 train_loss=0.9928 val_raw=93.44 val_ema=90.64 best_raw=93.48@245 best_ema=92.80@272 lr=0.07133 time=7.0s
[ultrawidescaledtail10_e750_s44] ep 269/750 train_loss=0.9597 val_raw=93.74 val_ema=91.34 best_raw=93.92@255 best_ema=92.16@260 lr=0.07209 time=7.1s
[ultrawidescaledtail10_e750_s49] ep 269/750 train_loss=0.9832 val_raw=92.96 val_ema=93.20 best_raw=93.86@256 best_ema=93.56@263 lr=0.07209 time=7.3s
[ultrawidescaledtail10_e750_s42] ep 270/750 train_loss=0.9777 val_raw=93.38 val_ema=92.98 best_raw=93.76@258 best_ema=93.16@269 lr=0.07190 time=7.4s
[ultrawidescaledtail10_e750_s43] ep 272/750 train_loss=0.9167 val_raw=93.38 val_ema=93.14 best_raw=93.82@264 best_ema=93.54@260 lr=0.07152 time=7.7s
[ultrawidescaledtail10_e750_s48] ep 278/750 train_loss=0.9610 val_raw=93.32 val_ema=93.84 best_raw=93.86@273 best_ema=94.20@275 lr=0.07037 time=7.7s
[ultrawidescaledtail10_e750_s47] ep 273/750 train_loss=0.9330 val_raw=92.96 val_ema=91.64 best_raw=94.02@266 best_ema=93.76@268 lr=0.07133 time=7.4s
[ultrawidescaledtail10_e750_s46] ep 276/750 train_loss=0.9501 val_raw=93.54 val_ema=92.78 best_raw=94.10@270 best_ema=93.66@268 lr=0.07075 time=7.0s
[ultrawidescaledtail10_e750_s45] ep 274/750 train_loss=0.9888 val_raw=92.74 val_ema=91.38 best_raw=93.48@245 best_ema=92.80@272 lr=0.07114 time=7.1s
[ultrawidescaledtail10_e750_s44] ep 270/750 train_loss=0.9729 val_raw=93.54 val_ema=89.36 best_raw=93.92@255 best_ema=92.16@260 lr=0.07190 time=7.2s
[ultrawidescaledtail10_e750_s49] ep 270/750 train_loss=0.9923 val_raw=93.16 val_ema=93.12 best_raw=93.86@256 best_ema=93.56@263 lr=0.07190 time=7.3s
[ultrawidescaledtail10_e750_s42] ep 271/750 train_loss=0.9485 val_raw=93.98 val_ema=93.42 best_raw=93.98@271 best_ema=93.42@271 lr=0.07171 time=7.4s
[ultrawidescaledtail10_e750_s43] ep 273/750 train_loss=0.9435 val_raw=93.80 val_ema=93.58 best_raw=93.82@264 best_ema=93.58@273 lr=0.07133 time=7.1s
[ultrawidescaledtail10_e750_s48] ep 279/750 train_loss=0.9356 val_raw=93.20 val_ema=93.70 best_raw=93.86@273 best_ema=94.20@275 lr=0.07018 time=7.0s
[ultrawidescaledtail10_e750_s47] ep 274/750 train_loss=0.9766 val_raw=93.88 val_ema=93.46 best_raw=94.02@266 best_ema=93.76@268 lr=0.07114 time=7.0s
[ultrawidescaledtail10_e750_s46] ep 277/750 train_loss=0.9720 val_raw=93.00 val_ema=92.06 best_raw=94.10@270 best_ema=93.66@268 lr=0.07056 time=7.6s
[ultrawidescaledtail10_e750_s45] ep 275/750 train_loss=0.9650 val_raw=93.32 val_ema=89.46 best_raw=93.48@245 best_ema=92.80@272 lr=0.07094 time=7.6s
[ultrawidescaledtail10_e750_s44] ep 271/750 train_loss=0.9332 val_raw=93.48 val_ema=90.92 best_raw=93.92@255 best_ema=92.16@260 lr=0.07171 time=7.8s
[ultrawidescaledtail10_e750_s49] ep 271/750 train_loss=0.9509 val_raw=92.76 val_ema=92.66 best_raw=93.86@256 best_ema=93.56@263 lr=0.07171 time=7.2s
[ultrawidescaledtail10_e750_s42] ep 272/750 train_loss=0.9428 val_raw=93.08 val_ema=92.58 best_raw=93.98@271 best_ema=93.42@271 lr=0.07152 time=7.5s
[ultrawidescaledtail10_e750_s43] ep 274/750 train_loss=0.9679 val_raw=93.18 val_ema=93.26 best_raw=93.82@264 best_ema=93.58@273 lr=0.07114 time=7.6s
[ultrawidescaledtail10_e750_s48] ep 280/750 train_loss=0.9664 val_raw=92.36 val_ema=93.44 best_raw=93.86@273 best_ema=94.20@275 lr=0.06998 time=7.3s
[ultrawidescaledtail10_e750_s47] ep 275/750 train_loss=0.9086 val_raw=93.42 val_ema=93.38 best_raw=94.02@266 best_ema=93.76@268 lr=0.07094 time=7.6s
[ultrawidescaledtail10_e750_s46] ep 278/750 train_loss=0.8742 val_raw=93.56 val_ema=91.84 best_raw=94.10@270 best_ema=93.66@268 lr=0.07037 time=7.0s
[ultrawidescaledtail10_e750_s45] ep 276/750 train_loss=0.9935 val_raw=93.04 val_ema=88.72 best_raw=93.48@245 best_ema=92.80@272 lr=0.07075 time=7.0s
[ultrawidescaledtail10_e750_s44] ep 272/750 train_loss=1.0408 val_raw=93.28 val_ema=91.70 best_raw=93.92@255 best_ema=92.16@260 lr=0.07152 time=7.1s
[ultrawidescaledtail10_e750_s49] ep 272/750 train_loss=0.9911 val_raw=93.92 val_ema=93.12 best_raw=93.92@272 best_ema=93.56@263 lr=0.07152 time=7.2s
[ultrawidescaledtail10_e750_s42] ep 273/750 train_loss=0.9711 val_raw=93.88 val_ema=93.56 best_raw=93.98@271 best_ema=93.56@273 lr=0.07133 time=7.1s
[ultrawidescaledtail10_e750_s43] ep 275/750 train_loss=1.0171 val_raw=93.50 val_ema=93.40 best_raw=93.82@264 best_ema=93.58@273 lr=0.07094 time=8.0s
[ultrawidescaledtail10_e750_s48] ep 281/750 train_loss=1.0049 val_raw=93.78 val_ema=93.58 best_raw=93.86@273 best_ema=94.20@275 lr=0.06979 time=7.1s
[ultrawidescaledtail10_e750_s46] ep 279/750 train_loss=0.9590 val_raw=94.02 val_ema=92.02 best_raw=94.10@270 best_ema=93.66@268 lr=0.07018 time=7.2s
[ultrawidescaledtail10_e750_s47] ep 276/750 train_loss=1.0051 val_raw=93.74 val_ema=94.08 best_raw=94.02@266 best_ema=94.08@276 lr=0.07075 time=7.4s
[ultrawidescaledtail10_e750_s45] ep 277/750 train_loss=0.8825 val_raw=93.00 val_ema=92.00 best_raw=93.48@245 best_ema=92.80@272 lr=0.07056 time=7.4s
[ultrawidescaledtail10_e750_s44] ep 273/750 train_loss=0.9940 val_raw=93.00 val_ema=91.44 best_raw=93.92@255 best_ema=92.16@260 lr=0.07133 time=7.1s
[ultrawidescaledtail10_e750_s49] ep 273/750 train_loss=0.9320 val_raw=93.16 val_ema=93.00 best_raw=93.92@272 best_ema=93.56@263 lr=0.07133 time=7.4s
[ultrawidescaledtail10_e750_s42] ep 274/750 train_loss=0.9894 val_raw=93.18 val_ema=93.38 best_raw=93.98@271 best_ema=93.56@273 lr=0.07114 time=7.4s
[ultrawidescaledtail10_e750_s48] ep 282/750 train_loss=0.9936 val_raw=93.78 val_ema=93.84 best_raw=93.86@273 best_ema=94.20@275 lr=0.06960 time=7.0s
[ultrawidescaledtail10_e750_s43] ep 276/750 train_loss=0.9964 val_raw=93.98 val_ema=93.88 best_raw=93.98@276 best_ema=93.88@276 lr=0.07075 time=7.6s
[ultrawidescaledtail10_e750_s47] ep 277/750 train_loss=1.0237 val_raw=93.62 val_ema=93.44 best_raw=94.02@266 best_ema=94.08@276 lr=0.07056 time=7.3s
[ultrawidescaledtail10_e750_s46] ep 280/750 train_loss=0.9536 val_raw=93.32 val_ema=93.12 best_raw=94.10@270 best_ema=93.66@268 lr=0.06998 time=7.5s
[ultrawidescaledtail10_e750_s45] ep 278/750 train_loss=0.9259 val_raw=93.00 val_ema=92.38 best_raw=93.48@245 best_ema=92.80@272 lr=0.07037 time=7.1s
[ultrawidescaledtail10_e750_s44] ep 274/750 train_loss=0.9274 val_raw=93.64 val_ema=90.98 best_raw=93.92@255 best_ema=92.16@260 lr=0.07114 time=7.1s
[ultrawidescaledtail10_e750_s49] ep 274/750 train_loss=0.8911 val_raw=93.56 val_ema=93.50 best_raw=93.92@272 best_ema=93.56@263 lr=0.07114 time=7.1s
[ultrawidescaledtail10_e750_s42] ep 275/750 train_loss=0.9157 val_raw=93.06 val_ema=93.08 best_raw=93.98@271 best_ema=93.56@273 lr=0.07094 time=7.5s
[ultrawidescaledtail10_e750_s48] ep 283/750 train_loss=0.9484 val_raw=93.52 val_ema=93.10 best_raw=93.86@273 best_ema=94.20@275 lr=0.06940 time=7.0s
[ultrawidescaledtail10_e750_s43] ep 277/750 train_loss=0.9299 val_raw=94.18 val_ema=93.68 best_raw=94.18@277 best_ema=93.88@276 lr=0.07056 time=7.4s
[ultrawidescaledtail10_e750_s47] ep 278/750 train_loss=1.0139 val_raw=93.66 val_ema=93.28 best_raw=94.02@266 best_ema=94.08@276 lr=0.07037 time=7.1s
[ultrawidescaledtail10_e750_s45] ep 279/750 train_loss=1.0303 val_raw=93.14 val_ema=90.88 best_raw=93.48@245 best_ema=92.80@272 lr=0.07018 time=7.4s
[ultrawidescaledtail10_e750_s46] ep 281/750 train_loss=0.9350 val_raw=93.40 val_ema=94.14 best_raw=94.10@270 best_ema=94.14@281 lr=0.06979 time=7.5s
[ultrawidescaledtail10_e750_s44] ep 275/750 train_loss=1.0091 val_raw=94.04 val_ema=90.74 best_raw=94.04@275 best_ema=92.16@260 lr=0.07094 time=7.2s
[ultrawidescaledtail10_e750_s49] ep 275/750 train_loss=0.9113 val_raw=93.74 val_ema=93.42 best_raw=93.92@272 best_ema=93.56@263 lr=0.07094 time=7.3s
[ultrawidescaledtail10_e750_s42] ep 276/750 train_loss=0.9634 val_raw=93.52 val_ema=93.36 best_raw=93.98@271 best_ema=93.56@273 lr=0.07075 time=7.6s
[ultrawidescaledtail10_e750_s48] ep 284/750 train_loss=0.9842 val_raw=93.28 val_ema=93.74 best_raw=93.86@273 best_ema=94.20@275 lr=0.06921 time=7.1s
[ultrawidescaledtail10_e750_s47] ep 279/750 train_loss=0.9856 val_raw=94.24 val_ema=94.02 best_raw=94.24@279 best_ema=94.08@276 lr=0.07018 time=7.2s
[ultrawidescaledtail10_e750_s43] ep 278/750 train_loss=0.9842 val_raw=93.64 val_ema=92.78 best_raw=94.18@277 best_ema=93.88@276 lr=0.07037 time=7.6s
[ultrawidescaledtail10_e750_s46] ep 282/750 train_loss=0.9193 val_raw=93.90 val_ema=93.12 best_raw=94.10@270 best_ema=94.14@281 lr=0.06960 time=7.0s
[ultrawidescaledtail10_e750_s45] ep 280/750 train_loss=1.0293 val_raw=92.64 val_ema=92.08 best_raw=93.48@245 best_ema=92.80@272 lr=0.06998 time=7.1s
[ultrawidescaledtail10_e750_s44] ep 276/750 train_loss=0.9309 val_raw=93.60 val_ema=91.34 best_raw=94.04@275 best_ema=92.16@260 lr=0.07075 time=8.0s
[ultrawidescaledtail10_e750_s49] ep 276/750 train_loss=0.9332 val_raw=93.54 val_ema=93.36 best_raw=93.92@272 best_ema=93.56@263 lr=0.07075 time=7.5s
[ultrawidescaledtail10_e750_s48] ep 285/750 train_loss=1.0083 val_raw=93.66 val_ema=93.96 best_raw=93.86@273 best_ema=94.20@275 lr=0.06901 time=7.1s
[ultrawidescaledtail10_e750_s42] ep 277/750 train_loss=0.9465 val_raw=93.18 val_ema=93.34 best_raw=93.98@271 best_ema=93.56@273 lr=0.07056 time=7.2s
[ultrawidescaledtail10_e750_s43] ep 279/750 train_loss=0.9881 val_raw=93.44 val_ema=93.80 best_raw=94.18@277 best_ema=93.88@276 lr=0.07018 time=7.4s
[ultrawidescaledtail10_e750_s45] ep 281/750 train_loss=0.9181 val_raw=93.16 val_ema=91.08 best_raw=93.48@245 best_ema=92.80@272 lr=0.06979 time=7.2s
[ultrawidescaledtail10_e750_s47] ep 280/750 train_loss=0.9940 val_raw=93.52 val_ema=93.52 best_raw=94.24@279 best_ema=94.08@276 lr=0.06998 time=7.6s
[ultrawidescaledtail10_e750_s46] ep 283/750 train_loss=1.0181 val_raw=93.58 val_ema=94.00 best_raw=94.10@270 best_ema=94.14@281 lr=0.06940 time=7.7s
[ultrawidescaledtail10_e750_s44] ep 277/750 train_loss=0.9695 val_raw=93.20 val_ema=90.80 best_raw=94.04@275 best_ema=92.16@260 lr=0.07056 time=7.3s
[ultrawidescaledtail10_e750_s49] ep 277/750 train_loss=0.9471 val_raw=93.28 val_ema=93.12 best_raw=93.92@272 best_ema=93.56@263 lr=0.07056 time=7.3s
[ultrawidescaledtail10_e750_s48] ep 286/750 train_loss=1.0150 val_raw=94.00 val_ema=93.84 best_raw=94.00@286 best_ema=94.20@275 lr=0.06882 time=7.5s
[ultrawidescaledtail10_e750_s42] ep 278/750 train_loss=1.0555 val_raw=93.34 val_ema=93.42 best_raw=93.98@271 best_ema=93.56@273 lr=0.07037 time=7.9s
[ultrawidescaledtail10_e750_s43] ep 280/750 train_loss=0.9564 val_raw=93.96 val_ema=92.88 best_raw=94.18@277 best_ema=93.88@276 lr=0.06998 time=7.2s
[ultrawidescaledtail10_e750_s45] ep 282/750 train_loss=1.0212 val_raw=93.94 val_ema=92.50 best_raw=93.94@282 best_ema=92.80@272 lr=0.06960 time=7.3s
[ultrawidescaledtail10_e750_s47] ep 281/750 train_loss=0.9367 val_raw=93.24 val_ema=92.62 best_raw=94.24@279 best_ema=94.08@276 lr=0.06979 time=7.7s
[ultrawidescaledtail10_e750_s46] ep 284/750 train_loss=1.0329 val_raw=93.44 val_ema=93.76 best_raw=94.10@270 best_ema=94.14@281 lr=0.06921 time=7.3s
[ultrawidescaledtail10_e750_s44] ep 278/750 train_loss=0.9858 val_raw=93.34 val_ema=91.50 best_raw=94.04@275 best_ema=92.16@260 lr=0.07037 time=7.3s
[ultrawidescaledtail10_e750_s49] ep 278/750 train_loss=0.9731 val_raw=93.32 val_ema=93.96 best_raw=93.92@272 best_ema=93.96@278 lr=0.07037 time=7.4s
[ultrawidescaledtail10_e750_s48] ep 287/750 train_loss=0.9276 val_raw=93.48 val_ema=93.74 best_raw=94.00@286 best_ema=94.20@275 lr=0.06862 time=7.2s
[ultrawidescaledtail10_e750_s42] ep 279/750 train_loss=0.9524 val_raw=93.24 val_ema=93.08 best_raw=93.98@271 best_ema=93.56@273 lr=0.07018 time=7.0s
[ultrawidescaledtail10_e750_s43] ep 281/750 train_loss=1.0019 val_raw=93.44 val_ema=93.44 best_raw=94.18@277 best_ema=93.88@276 lr=0.06979 time=7.5s
[ultrawidescaledtail10_e750_s45] ep 283/750 train_loss=0.9047 val_raw=92.66 val_ema=90.54 best_raw=93.94@282 best_ema=92.80@272 lr=0.06940 time=7.6s
[ultrawidescaledtail10_e750_s46] ep 285/750 train_loss=0.9675 val_raw=93.88 val_ema=93.28 best_raw=94.10@270 best_ema=94.14@281 lr=0.06901 time=7.4s
[ultrawidescaledtail10_e750_s44] ep 279/750 train_loss=0.9699 val_raw=92.76 val_ema=91.22 best_raw=94.04@275 best_ema=92.16@260 lr=0.07018 time=7.1s
[ultrawidescaledtail10_e750_s47] ep 282/750 train_loss=0.9712 val_raw=93.24 val_ema=93.74 best_raw=94.24@279 best_ema=94.08@276 lr=0.06960 time=7.9s
[ultrawidescaledtail10_e750_s49] ep 279/750 train_loss=0.9058 val_raw=93.88 val_ema=92.24 best_raw=93.92@272 best_ema=93.96@278 lr=0.07018 time=7.4s
[ultrawidescaledtail10_e750_s48] ep 288/750 train_loss=1.0075 val_raw=93.44 val_ema=94.14 best_raw=94.00@286 best_ema=94.20@275 lr=0.06843 time=7.3s
[ultrawidescaledtail10_e750_s42] ep 280/750 train_loss=0.9685 val_raw=93.60 val_ema=93.56 best_raw=93.98@271 best_ema=93.56@273 lr=0.06998 time=7.3s
[ultrawidescaledtail10_e750_s43] ep 282/750 train_loss=0.9897 val_raw=93.96 val_ema=93.30 best_raw=94.18@277 best_ema=93.88@276 lr=0.06960 time=7.3s
[ultrawidescaledtail10_e750_s45] ep 284/750 train_loss=0.9680 val_raw=93.46 val_ema=92.00 best_raw=93.94@282 best_ema=92.80@272 lr=0.06921 time=7.3s
[ultrawidescaledtail10_e750_s46] ep 286/750 train_loss=1.0023 val_raw=93.26 val_ema=93.54 best_raw=94.10@270 best_ema=94.14@281 lr=0.06882 time=7.3s
[ultrawidescaledtail10_e750_s44] ep 280/750 train_loss=0.9408 val_raw=93.60 val_ema=89.60 best_raw=94.04@275 best_ema=92.16@260 lr=0.06998 time=7.3s
[ultrawidescaledtail10_e750_s47] ep 283/750 train_loss=0.9946 val_raw=93.48 val_ema=92.68 best_raw=94.24@279 best_ema=94.08@276 lr=0.06940 time=7.4s
[ultrawidescaledtail10_e750_s49] ep 280/750 train_loss=0.9504 val_raw=93.06 val_ema=93.84 best_raw=93.92@272 best_ema=93.96@278 lr=0.06998 time=7.3s
[ultrawidescaledtail10_e750_s48] ep 289/750 train_loss=0.9323 val_raw=93.56 val_ema=94.22 best_raw=94.00@286 best_ema=94.22@289 lr=0.06823 time=7.2s
[ultrawidescaledtail10_e750_s42] ep 281/750 train_loss=0.9586 val_raw=92.84 val_ema=92.42 best_raw=93.98@271 best_ema=93.56@273 lr=0.06979 time=7.2s
[ultrawidescaledtail10_e750_s45] ep 285/750 train_loss=0.9394 val_raw=93.36 val_ema=91.76 best_raw=93.94@282 best_ema=92.80@272 lr=0.06901 time=7.0s
[ultrawidescaledtail10_e750_s43] ep 283/750 train_loss=0.9525 val_raw=92.68 val_ema=92.36 best_raw=94.18@277 best_ema=93.88@276 lr=0.06940 time=7.6s
[ultrawidescaledtail10_e750_s46] ep 287/750 train_loss=0.9375 val_raw=93.46 val_ema=93.26 best_raw=94.10@270 best_ema=94.14@281 lr=0.06862 time=7.0s
[ultrawidescaledtail10_e750_s47] ep 284/750 train_loss=0.9489 val_raw=94.22 val_ema=93.60 best_raw=94.24@279 best_ema=94.08@276 lr=0.06921 time=7.0s
[ultrawidescaledtail10_e750_s44] ep 281/750 train_loss=0.9330 val_raw=93.98 val_ema=89.28 best_raw=94.04@275 best_ema=92.16@260 lr=0.06979 time=8.0s
[ultrawidescaledtail10_e750_s49] ep 281/750 train_loss=1.0122 val_raw=93.22 val_ema=93.66 best_raw=93.92@272 best_ema=93.96@278 lr=0.06979 time=7.3s
[ultrawidescaledtail10_e750_s48] ep 290/750 train_loss=0.9889 val_raw=93.24 val_ema=93.94 best_raw=94.00@286 best_ema=94.22@289 lr=0.06803 time=7.2s
[ultrawidescaledtail10_e750_s42] ep 282/750 train_loss=0.9691 val_raw=93.60 val_ema=93.46 best_raw=93.98@271 best_ema=93.56@273 lr=0.06960 time=7.4s
[ultrawidescaledtail10_e750_s46] ep 288/750 train_loss=0.9226 val_raw=93.80 val_ema=93.50 best_raw=94.10@270 best_ema=94.14@281 lr=0.06843 time=7.0s
[ultrawidescaledtail10_e750_s43] ep 284/750 train_loss=0.9670 val_raw=93.70 val_ema=93.28 best_raw=94.18@277 best_ema=93.88@276 lr=0.06921 time=7.2s
[ultrawidescaledtail10_e750_s45] ep 286/750 train_loss=0.9664 val_raw=93.42 val_ema=91.96 best_raw=93.94@282 best_ema=92.80@272 lr=0.06882 time=7.5s
[ultrawidescaledtail10_e750_s47] ep 285/750 train_loss=1.0014 val_raw=93.64 val_ema=93.06 best_raw=94.24@279 best_ema=94.08@276 lr=0.06901 time=7.8s
[ultrawidescaledtail10_e750_s44] ep 282/750 train_loss=0.9711 val_raw=92.92 val_ema=91.36 best_raw=94.04@275 best_ema=92.16@260 lr=0.06960 time=7.1s
[ultrawidescaledtail10_e750_s49] ep 282/750 train_loss=1.0111 val_raw=93.22 val_ema=93.62 best_raw=93.92@272 best_ema=93.96@278 lr=0.06960 time=7.4s
[ultrawidescaledtail10_e750_s48] ep 291/750 train_loss=1.0212 val_raw=93.40 val_ema=93.64 best_raw=94.00@286 best_ema=94.22@289 lr=0.06784 time=7.3s
[ultrawidescaledtail10_e750_s42] ep 283/750 train_loss=0.9542 val_raw=93.58 val_ema=92.92 best_raw=93.98@271 best_ema=93.56@273 lr=0.06940 time=7.8s
[ultrawidescaledtail10_e750_s46] ep 289/750 train_loss=0.9556 val_raw=93.82 val_ema=93.48 best_raw=94.10@270 best_ema=94.14@281 lr=0.06823 time=7.2s
[ultrawidescaledtail10_e750_s43] ep 285/750 train_loss=0.9813 val_raw=94.34 val_ema=93.22 best_raw=94.34@285 best_ema=93.88@276 lr=0.06901 time=7.2s
[ultrawidescaledtail10_e750_s45] ep 287/750 train_loss=0.9648 val_raw=93.42 val_ema=90.82 best_raw=93.94@282 best_ema=92.80@272 lr=0.06862 time=7.4s
[ultrawidescaledtail10_e750_s47] ep 286/750 train_loss=1.0028 val_raw=93.40 val_ema=93.18 best_raw=94.24@279 best_ema=94.08@276 lr=0.06882 time=7.1s
[ultrawidescaledtail10_e750_s44] ep 283/750 train_loss=0.9970 val_raw=93.68 val_ema=89.56 best_raw=94.04@275 best_ema=92.16@260 lr=0.06940 time=7.6s
[ultrawidescaledtail10_e750_s49] ep 283/750 train_loss=0.9761 val_raw=93.40 val_ema=93.86 best_raw=93.92@272 best_ema=93.96@278 lr=0.06940 time=7.5s
[ultrawidescaledtail10_e750_s48] ep 292/750 train_loss=0.9569 val_raw=93.54 val_ema=93.96 best_raw=94.00@286 best_ema=94.22@289 lr=0.06764 time=7.2s
[ultrawidescaledtail10_e750_s46] ep 290/750 train_loss=0.9300 val_raw=93.60 val_ema=93.86 best_raw=94.10@270 best_ema=94.14@281 lr=0.06803 time=7.0s
[ultrawidescaledtail10_e750_s42] ep 284/750 train_loss=0.9349 val_raw=93.74 val_ema=92.28 best_raw=93.98@271 best_ema=93.56@273 lr=0.06921 time=7.9s
[ultrawidescaledtail10_e750_s43] ep 286/750 train_loss=0.9356 val_raw=93.88 val_ema=92.92 best_raw=94.34@285 best_ema=93.88@276 lr=0.06882 time=7.2s
[ultrawidescaledtail10_e750_s45] ep 288/750 train_loss=0.9637 val_raw=93.38 val_ema=91.08 best_raw=93.94@282 best_ema=92.80@272 lr=0.06843 time=7.8s
[ultrawidescaledtail10_e750_s47] ep 287/750 train_loss=0.9787 val_raw=92.94 val_ema=92.06 best_raw=94.24@279 best_ema=94.08@276 lr=0.06862 time=7.7s
[ultrawidescaledtail10_e750_s44] ep 284/750 train_loss=0.9335 val_raw=93.84 val_ema=92.12 best_raw=94.04@275 best_ema=92.16@260 lr=0.06921 time=7.4s
[ultrawidescaledtail10_e750_s49] ep 284/750 train_loss=0.9287 val_raw=93.58 val_ema=93.62 best_raw=93.92@272 best_ema=93.96@278 lr=0.06921 time=7.2s
[ultrawidescaledtail10_e750_s48] ep 293/750 train_loss=0.9057 val_raw=93.80 val_ema=94.20 best_raw=94.00@286 best_ema=94.22@289 lr=0.06744 time=7.3s
[ultrawidescaledtail10_e750_s46] ep 291/750 train_loss=0.9561 val_raw=93.56 val_ema=92.92 best_raw=94.10@270 best_ema=94.14@281 lr=0.06784 time=7.4s
[ultrawidescaledtail10_e750_s43] ep 287/750 train_loss=0.9115 val_raw=93.70 val_ema=92.76 best_raw=94.34@285 best_ema=93.88@276 lr=0.06862 time=7.1s
[ultrawidescaledtail10_e750_s42] ep 285/750 train_loss=0.9738 val_raw=93.54 val_ema=93.26 best_raw=93.98@271 best_ema=93.56@273 lr=0.06901 time=7.5s
[ultrawidescaledtail10_e750_s45] ep 289/750 train_loss=0.9725 val_raw=92.86 val_ema=91.96 best_raw=93.94@282 best_ema=92.80@272 lr=0.06823 time=7.5s
[ultrawidescaledtail10_e750_s47] ep 288/750 train_loss=0.9556 val_raw=93.64 val_ema=93.48 best_raw=94.24@279 best_ema=94.08@276 lr=0.06843 time=7.4s
[ultrawidescaledtail10_e750_s44] ep 285/750 train_loss=0.9319 val_raw=93.64 val_ema=90.28 best_raw=94.04@275 best_ema=92.16@260 lr=0.06901 time=7.2s
[ultrawidescaledtail10_e750_s49] ep 285/750 train_loss=1.0208 val_raw=93.64 val_ema=94.10 best_raw=93.92@272 best_ema=94.10@285 lr=0.06901 time=7.8s
[ultrawidescaledtail10_e750_s48] ep 294/750 train_loss=0.9820 val_raw=93.62 val_ema=93.82 best_raw=94.00@286 best_ema=94.22@289 lr=0.06724 time=7.1s
[ultrawidescaledtail10_e750_s46] ep 292/750 train_loss=0.9790 val_raw=93.40 val_ema=93.36 best_raw=94.10@270 best_ema=94.14@281 lr=0.06764 time=7.1s
[ultrawidescaledtail10_e750_s42] ep 286/750 train_loss=0.9906 val_raw=93.84 val_ema=93.44 best_raw=93.98@271 best_ema=93.56@273 lr=0.06882 time=7.3s
[ultrawidescaledtail10_e750_s43] ep 288/750 train_loss=1.0360 val_raw=93.98 val_ema=93.58 best_raw=94.34@285 best_ema=93.88@276 lr=0.06843 time=7.9s
[ultrawidescaledtail10_e750_s45] ep 290/750 train_loss=0.9360 val_raw=93.26 val_ema=90.58 best_raw=93.94@282 best_ema=92.80@272 lr=0.06803 time=7.6s
[ultrawidescaledtail10_e750_s47] ep 289/750 train_loss=0.9282 val_raw=94.10 val_ema=92.90 best_raw=94.24@279 best_ema=94.08@276 lr=0.06823 time=7.5s
[ultrawidescaledtail10_e750_s44] ep 286/750 train_loss=0.9731 val_raw=92.92 val_ema=91.38 best_raw=94.04@275 best_ema=92.16@260 lr=0.06882 time=7.6s
[ultrawidescaledtail10_e750_s49] ep 286/750 train_loss=1.0080 val_raw=93.36 val_ema=93.96 best_raw=93.92@272 best_ema=94.10@285 lr=0.06882 time=7.5s
[ultrawidescaledtail10_e750_s48] ep 295/750 train_loss=0.9280 val_raw=93.30 val_ema=93.40 best_raw=94.00@286 best_ema=94.22@289 lr=0.06705 time=7.4s
[ultrawidescaledtail10_e750_s46] ep 293/750 train_loss=0.9083 val_raw=93.50 val_ema=93.48 best_raw=94.10@270 best_ema=94.14@281 lr=0.06744 time=7.6s
[ultrawidescaledtail10_e750_s42] ep 287/750 train_loss=0.9312 val_raw=93.22 val_ema=92.56 best_raw=93.98@271 best_ema=93.56@273 lr=0.06862 time=7.7s
[ultrawidescaledtail10_e750_s43] ep 289/750 train_loss=0.8957 val_raw=93.40 val_ema=93.86 best_raw=94.34@285 best_ema=93.88@276 lr=0.06823 time=7.5s
[ultrawidescaledtail10_e750_s45] ep 291/750 train_loss=0.9450 val_raw=93.64 val_ema=91.62 best_raw=93.94@282 best_ema=92.80@272 lr=0.06784 time=7.1s
[ultrawidescaledtail10_e750_s47] ep 290/750 train_loss=0.9284 val_raw=93.60 val_ema=93.52 best_raw=94.24@279 best_ema=94.08@276 lr=0.06803 time=7.5s
[ultrawidescaledtail10_e750_s44] ep 287/750 train_loss=0.9604 val_raw=93.84 val_ema=91.38 best_raw=94.04@275 best_ema=92.16@260 lr=0.06862 time=8.2s
[ultrawidescaledtail10_e750_s49] ep 287/750 train_loss=0.9646 val_raw=93.88 val_ema=93.80 best_raw=93.92@272 best_ema=94.10@285 lr=0.06862 time=7.4s
[ultrawidescaledtail10_e750_s48] ep 296/750 train_loss=0.9993 val_raw=93.54 val_ema=93.02 best_raw=94.00@286 best_ema=94.22@289 lr=0.06685 time=7.2s
[ultrawidescaledtail10_e750_s46] ep 294/750 train_loss=0.9952 val_raw=93.78 val_ema=93.88 best_raw=94.10@270 best_ema=94.14@281 lr=0.06724 time=7.3s
[ultrawidescaledtail10_e750_s42] ep 288/750 train_loss=0.9460 val_raw=93.56 val_ema=93.62 best_raw=93.98@271 best_ema=93.62@288 lr=0.06843 time=7.2s
[ultrawidescaledtail10_e750_s43] ep 290/750 train_loss=0.9095 val_raw=93.68 val_ema=93.68 best_raw=94.34@285 best_ema=93.88@276 lr=0.06803 time=7.4s
[ultrawidescaledtail10_e750_s45] ep 292/750 train_loss=0.8869 val_raw=93.54 val_ema=91.42 best_raw=93.94@282 best_ema=92.80@272 lr=0.06764 time=7.1s
[ultrawidescaledtail10_e750_s47] ep 291/750 train_loss=0.9263 val_raw=93.52 val_ema=92.58 best_raw=94.24@279 best_ema=94.08@276 lr=0.06784 time=7.4s
[ultrawidescaledtail10_e750_s44] ep 288/750 train_loss=0.9221 val_raw=93.48 val_ema=90.42 best_raw=94.04@275 best_ema=92.16@260 lr=0.06843 time=7.6s
[ultrawidescaledtail10_e750_s49] ep 288/750 train_loss=0.9731 val_raw=93.62 val_ema=94.32 best_raw=93.92@272 best_ema=94.32@288 lr=0.06843 time=7.5s
[ultrawidescaledtail10_e750_s48] ep 297/750 train_loss=0.9222 val_raw=93.86 val_ema=93.76 best_raw=94.00@286 best_ema=94.22@289 lr=0.06665 time=7.2s
[ultrawidescaledtail10_e750_s46] ep 295/750 train_loss=0.9505 val_raw=93.68 val_ema=93.58 best_raw=94.10@270 best_ema=94.14@281 lr=0.06705 time=7.4s
[ultrawidescaledtail10_e750_s43] ep 291/750 train_loss=0.9588 val_raw=93.14 val_ema=92.94 best_raw=94.34@285 best_ema=93.88@276 lr=0.06784 time=7.3s
[ultrawidescaledtail10_e750_s45] ep 293/750 train_loss=1.0108 val_raw=93.40 val_ema=92.04 best_raw=93.94@282 best_ema=92.80@272 lr=0.06744 time=7.2s
[ultrawidescaledtail10_e750_s42] ep 289/750 train_loss=0.9862 val_raw=93.98 val_ema=93.94 best_raw=93.98@271 best_ema=93.94@289 lr=0.06823 time=7.9s
[ultrawidescaledtail10_e750_s47] ep 292/750 train_loss=0.9467 val_raw=93.34 val_ema=93.74 best_raw=94.24@279 best_ema=94.08@276 lr=0.06764 time=7.1s
[ultrawidescaledtail10_e750_s44] ep 289/750 train_loss=0.9928 val_raw=93.34 val_ema=89.12 best_raw=94.04@275 best_ema=92.16@260 lr=0.06823 time=7.2s
[ultrawidescaledtail10_e750_s49] ep 289/750 train_loss=0.9462 val_raw=93.74 val_ema=94.02 best_raw=93.92@272 best_ema=94.32@288 lr=0.06823 time=7.2s
[ultrawidescaledtail10_e750_s48] ep 298/750 train_loss=0.9966 val_raw=93.78 val_ema=93.28 best_raw=94.00@286 best_ema=94.22@289 lr=0.06645 time=7.3s
[ultrawidescaledtail10_e750_s46] ep 296/750 train_loss=0.9434 val_raw=93.90 val_ema=93.52 best_raw=94.10@270 best_ema=94.14@281 lr=0.06685 time=7.3s
[ultrawidescaledtail10_e750_s45] ep 294/750 train_loss=0.9935 val_raw=93.34 val_ema=92.88 best_raw=93.94@282 best_ema=92.88@294 lr=0.06724 time=7.2s
[ultrawidescaledtail10_e750_s43] ep 292/750 train_loss=1.0045 val_raw=93.28 val_ema=93.92 best_raw=94.34@285 best_ema=93.92@292 lr=0.06764 time=7.7s
[ultrawidescaledtail10_e750_s42] ep 290/750 train_loss=0.9612 val_raw=93.50 val_ema=93.66 best_raw=93.98@271 best_ema=93.94@289 lr=0.06803 time=7.7s
[ultrawidescaledtail10_e750_s47] ep 293/750 train_loss=0.9382 val_raw=94.00 val_ema=93.16 best_raw=94.24@279 best_ema=94.08@276 lr=0.06744 time=7.9s
[ultrawidescaledtail10_e750_s44] ep 290/750 train_loss=0.9440 val_raw=93.66 val_ema=90.86 best_raw=94.04@275 best_ema=92.16@260 lr=0.06803 time=7.5s
[ultrawidescaledtail10_e750_s49] ep 290/750 train_loss=0.9419 val_raw=93.30 val_ema=92.98 best_raw=93.92@272 best_ema=94.32@288 lr=0.06803 time=7.2s
[ultrawidescaledtail10_e750_s48] ep 299/750 train_loss=0.9125 val_raw=92.94 val_ema=94.02 best_raw=94.00@286 best_ema=94.22@289 lr=0.06625 time=7.0s
[ultrawidescaledtail10_e750_s46] ep 297/750 train_loss=0.9598 val_raw=93.22 val_ema=93.78 best_raw=94.10@270 best_ema=94.14@281 lr=0.06665 time=7.2s
[ultrawidescaledtail10_e750_s45] ep 295/750 train_loss=0.9446 val_raw=93.90 val_ema=91.98 best_raw=93.94@282 best_ema=92.88@294 lr=0.06705 time=7.4s
[ultrawidescaledtail10_e750_s43] ep 293/750 train_loss=0.9456 val_raw=92.98 val_ema=93.84 best_raw=94.34@285 best_ema=93.92@292 lr=0.06744 time=7.4s
[ultrawidescaledtail10_e750_s42] ep 291/750 train_loss=0.9464 val_raw=93.76 val_ema=93.72 best_raw=93.98@271 best_ema=93.94@289 lr=0.06784 time=7.3s
[ultrawidescaledtail10_e750_s47] ep 294/750 train_loss=0.9859 val_raw=93.36 val_ema=92.04 best_raw=94.24@279 best_ema=94.08@276 lr=0.06724 time=7.3s
[ultrawidescaledtail10_e750_s44] ep 291/750 train_loss=0.9365 val_raw=93.84 val_ema=90.02 best_raw=94.04@275 best_ema=92.16@260 lr=0.06784 time=7.2s
[ultrawidescaledtail10_e750_s49] ep 291/750 train_loss=0.9249 val_raw=93.42 val_ema=93.68 best_raw=93.92@272 best_ema=94.32@288 lr=0.06784 time=7.2s
[ultrawidescaledtail10_e750_s48] ep 300/750 train_loss=0.9451 val_raw=93.70 val_ema=94.18 best_raw=94.00@286 best_ema=94.22@289 lr=0.06605 time=7.4s
[ultrawidescaledtail10_e750_s46] ep 298/750 train_loss=1.0084 val_raw=93.72 val_ema=93.40 best_raw=94.10@270 best_ema=94.14@281 lr=0.06645 time=7.2s
[ultrawidescaledtail10_e750_s45] ep 296/750 train_loss=0.9462 val_raw=93.90 val_ema=91.46 best_raw=93.94@282 best_ema=92.88@294 lr=0.06685 time=7.2s
[ultrawidescaledtail10_e750_s43] ep 294/750 train_loss=0.9569 val_raw=93.60 val_ema=93.88 best_raw=94.34@285 best_ema=93.92@292 lr=0.06724 time=7.3s
[ultrawidescaledtail10_e750_s42] ep 292/750 train_loss=0.9084 val_raw=93.62 val_ema=92.78 best_raw=93.98@271 best_ema=93.94@289 lr=0.06764 time=7.5s
[ultrawidescaledtail10_e750_s47] ep 295/750 train_loss=0.9591 val_raw=94.04 val_ema=94.18 best_raw=94.24@279 best_ema=94.18@295 lr=0.06705 time=7.2s
[ultrawidescaledtail10_e750_s49] ep 292/750 train_loss=0.9634 val_raw=93.38 val_ema=93.34 best_raw=93.92@272 best_ema=94.32@288 lr=0.06764 time=7.4s
[ultrawidescaledtail10_e750_s44] ep 292/750 train_loss=1.0266 val_raw=93.66 val_ema=89.38 best_raw=94.04@275 best_ema=92.16@260 lr=0.06764 time=8.0s
[ultrawidescaledtail10_e750_s48] ep 301/750 train_loss=0.9257 val_raw=93.74 val_ema=93.82 best_raw=94.00@286 best_ema=94.22@289 lr=0.06585 time=7.2s
[ultrawidescaledtail10_e750_s46] ep 299/750 train_loss=0.9110 val_raw=93.38 val_ema=93.66 best_raw=94.10@270 best_ema=94.14@281 lr=0.06625 time=7.2s
[ultrawidescaledtail10_e750_s45] ep 297/750 train_loss=0.9720 val_raw=93.36 val_ema=91.68 best_raw=93.94@282 best_ema=92.88@294 lr=0.06665 time=7.6s
[ultrawidescaledtail10_e750_s43] ep 295/750 train_loss=1.0183 val_raw=93.64 val_ema=93.90 best_raw=94.34@285 best_ema=93.92@292 lr=0.06705 time=7.8s
[ultrawidescaledtail10_e750_s42] ep 293/750 train_loss=0.9352 val_raw=93.60 val_ema=93.34 best_raw=93.98@271 best_ema=93.94@289 lr=0.06744 time=7.5s
[ultrawidescaledtail10_e750_s47] ep 296/750 train_loss=0.9900 val_raw=93.48 val_ema=93.74 best_raw=94.24@279 best_ema=94.18@295 lr=0.06685 time=7.4s
[ultrawidescaledtail10_e750_s49] ep 293/750 train_loss=0.9606 val_raw=92.98 val_ema=93.80 best_raw=93.92@272 best_ema=94.32@288 lr=0.06744 time=7.5s
[ultrawidescaledtail10_e750_s44] ep 293/750 train_loss=1.0045 val_raw=93.22 val_ema=91.80 best_raw=94.04@275 best_ema=92.16@260 lr=0.06744 time=7.5s
[ultrawidescaledtail10_e750_s48] ep 302/750 train_loss=0.9088 val_raw=93.88 val_ema=93.46 best_raw=94.00@286 best_ema=94.22@289 lr=0.06565 time=7.2s
[ultrawidescaledtail10_e750_s46] ep 300/750 train_loss=0.9166 val_raw=93.66 val_ema=93.74 best_raw=94.10@270 best_ema=94.14@281 lr=0.06605 time=7.0s
[ultrawidescaledtail10_e750_s45] ep 298/750 train_loss=0.9767 val_raw=93.64 val_ema=91.52 best_raw=93.94@282 best_ema=92.88@294 lr=0.06645 time=7.1s
[ultrawidescaledtail10_e750_s43] ep 296/750 train_loss=0.8787 val_raw=93.98 val_ema=94.64 best_raw=94.34@285 best_ema=94.64@296 lr=0.06685 time=7.4s
[ultrawidescaledtail10_e750_s42] ep 294/750 train_loss=0.9617 val_raw=93.24 val_ema=93.78 best_raw=93.98@271 best_ema=93.94@289 lr=0.06724 time=7.4s
[ultrawidescaledtail10_e750_s47] ep 297/750 train_loss=0.9479 val_raw=94.02 val_ema=93.02 best_raw=94.24@279 best_ema=94.18@295 lr=0.06665 time=7.4s
[ultrawidescaledtail10_e750_s49] ep 294/750 train_loss=0.9521 val_raw=94.06 val_ema=93.24 best_raw=94.06@294 best_ema=94.32@288 lr=0.06724 time=7.3s
[ultrawidescaledtail10_e750_s44] ep 294/750 train_loss=0.9505 val_raw=93.56 val_ema=91.30 best_raw=94.04@275 best_ema=92.16@260 lr=0.06724 time=7.8s
[ultrawidescaledtail10_e750_s48] ep 303/750 train_loss=1.0323 val_raw=93.78 val_ema=92.48 best_raw=94.00@286 best_ema=94.22@289 lr=0.06545 time=7.4s
[ultrawidescaledtail10_e750_s46] ep 301/750 train_loss=0.9167 val_raw=93.26 val_ema=93.56 best_raw=94.10@270 best_ema=94.14@281 lr=0.06585 time=7.0s
[ultrawidescaledtail10_e750_s45] ep 299/750 train_loss=0.9431 val_raw=93.96 val_ema=91.58 best_raw=93.96@299 best_ema=92.88@294 lr=0.06625 time=7.1s
[ultrawidescaledtail10_e750_s43] ep 297/750 train_loss=0.9401 val_raw=94.04 val_ema=94.10 best_raw=94.34@285 best_ema=94.64@296 lr=0.06665 time=7.2s
[ultrawidescaledtail10_e750_s42] ep 295/750 train_loss=0.9427 val_raw=93.58 val_ema=93.28 best_raw=93.98@271 best_ema=93.94@289 lr=0.06705 time=7.6s
[ultrawidescaledtail10_e750_s47] ep 298/750 train_loss=0.9339 val_raw=93.70 val_ema=93.18 best_raw=94.24@279 best_ema=94.18@295 lr=0.06645 time=7.0s
[ultrawidescaledtail10_e750_s49] ep 295/750 train_loss=0.9983 val_raw=93.22 val_ema=93.88 best_raw=94.06@294 best_ema=94.32@288 lr=0.06705 time=7.5s
[ultrawidescaledtail10_e750_s48] ep 304/750 train_loss=0.9574 val_raw=94.02 val_ema=93.48 best_raw=94.02@304 best_ema=94.22@289 lr=0.06525 time=7.1s
[ultrawidescaledtail10_e750_s44] ep 295/750 train_loss=0.9653 val_raw=93.96 val_ema=89.10 best_raw=94.04@275 best_ema=92.16@260 lr=0.06705 time=7.6s
[ultrawidescaledtail10_e750_s46] ep 302/750 train_loss=1.0052 val_raw=93.60 val_ema=93.58 best_raw=94.10@270 best_ema=94.14@281 lr=0.06565 time=7.5s
[ultrawidescaledtail10_e750_s45] ep 300/750 train_loss=0.9287 val_raw=93.56 val_ema=91.44 best_raw=93.96@299 best_ema=92.88@294 lr=0.06605 time=7.0s
[ultrawidescaledtail10_e750_s43] ep 298/750 train_loss=0.9314 val_raw=93.56 val_ema=93.76 best_raw=94.34@285 best_ema=94.64@296 lr=0.06645 time=7.2s
[ultrawidescaledtail10_e750_s42] ep 296/750 train_loss=0.9466 val_raw=93.58 val_ema=93.52 best_raw=93.98@271 best_ema=93.94@289 lr=0.06685 time=7.4s
[ultrawidescaledtail10_e750_s47] ep 299/750 train_loss=0.9361 val_raw=93.36 val_ema=93.10 best_raw=94.24@279 best_ema=94.18@295 lr=0.06625 time=7.7s
[ultrawidescaledtail10_e750_s49] ep 296/750 train_loss=0.9241 val_raw=94.04 val_ema=94.40 best_raw=94.06@294 best_ema=94.40@296 lr=0.06685 time=7.2s
[ultrawidescaledtail10_e750_s48] ep 305/750 train_loss=0.9049 val_raw=93.98 val_ema=93.86 best_raw=94.02@304 best_ema=94.22@289 lr=0.06505 time=7.1s
[ultrawidescaledtail10_e750_s44] ep 296/750 train_loss=0.9288 val_raw=93.86 val_ema=88.56 best_raw=94.04@275 best_ema=92.16@260 lr=0.06685 time=7.6s
[ultrawidescaledtail10_e750_s46] ep 303/750 train_loss=0.9523 val_raw=93.58 val_ema=93.86 best_raw=94.10@270 best_ema=94.14@281 lr=0.06545 time=7.0s
[ultrawidescaledtail10_e750_s45] ep 301/750 train_loss=0.9963 val_raw=93.70 val_ema=90.74 best_raw=93.96@299 best_ema=92.88@294 lr=0.06585 time=7.1s
[ultrawidescaledtail10_e750_s43] ep 299/750 train_loss=0.9958 val_raw=94.14 val_ema=93.04 best_raw=94.34@285 best_ema=94.64@296 lr=0.06625 time=7.3s
[ultrawidescaledtail10_e750_s42] ep 297/750 train_loss=1.0149 val_raw=93.68 val_ema=93.78 best_raw=93.98@271 best_ema=93.94@289 lr=0.06665 time=7.2s
[ultrawidescaledtail10_e750_s47] ep 300/750 train_loss=0.9785 val_raw=94.34 val_ema=92.70 best_raw=94.34@300 best_ema=94.18@295 lr=0.06605 time=7.3s
[ultrawidescaledtail10_e750_s49] ep 297/750 train_loss=0.9733 val_raw=93.88 val_ema=93.52 best_raw=94.06@294 best_ema=94.40@296 lr=0.06665 time=7.3s
[ultrawidescaledtail10_e750_s48] ep 306/750 train_loss=0.9304 val_raw=94.02 val_ema=93.72 best_raw=94.02@304 best_ema=94.22@289 lr=0.06485 time=7.3s
[ultrawidescaledtail10_e750_s44] ep 297/750 train_loss=0.8387 val_raw=93.94 val_ema=88.68 best_raw=94.04@275 best_ema=92.16@260 lr=0.06665 time=7.4s
[ultrawidescaledtail10_e750_s46] ep 304/750 train_loss=0.9962 val_raw=93.46 val_ema=93.18 best_raw=94.10@270 best_ema=94.14@281 lr=0.06525 time=7.0s
[ultrawidescaledtail10_e750_s45] ep 302/750 train_loss=0.8718 val_raw=94.22 val_ema=91.52 best_raw=94.22@302 best_ema=92.88@294 lr=0.06565 time=7.1s
[ultrawidescaledtail10_e750_s43] ep 300/750 train_loss=0.9432 val_raw=94.40 val_ema=94.00 best_raw=94.40@300 best_ema=94.64@296 lr=0.06605 time=7.1s
[ultrawidescaledtail10_e750_s47] ep 301/750 train_loss=1.0045 val_raw=93.84 val_ema=93.60 best_raw=94.34@300 best_ema=94.18@295 lr=0.06585 time=7.3s
[ultrawidescaledtail10_e750_s42] ep 298/750 train_loss=1.0331 val_raw=93.68 val_ema=92.42 best_raw=93.98@271 best_ema=93.94@289 lr=0.06645 time=7.8s
[ultrawidescaledtail10_e750_s49] ep 298/750 train_loss=0.9454 val_raw=93.40 val_ema=94.02 best_raw=94.06@294 best_ema=94.40@296 lr=0.06645 time=7.6s
[ultrawidescaledtail10_e750_s48] ep 307/750 train_loss=0.9344 val_raw=93.54 val_ema=93.82 best_raw=94.02@304 best_ema=94.22@289 lr=0.06465 time=7.1s
[ultrawidescaledtail10_e750_s44] ep 298/750 train_loss=0.9185 val_raw=93.64 val_ema=89.28 best_raw=94.04@275 best_ema=92.16@260 lr=0.06645 time=8.1s
[ultrawidescaledtail10_e750_s46] ep 305/750 train_loss=1.0538 val_raw=93.84 val_ema=93.76 best_raw=94.10@270 best_ema=94.14@281 lr=0.06505 time=7.7s
[ultrawidescaledtail10_e750_s45] ep 303/750 train_loss=0.9932 val_raw=93.56 val_ema=91.34 best_raw=94.22@302 best_ema=92.88@294 lr=0.06545 time=7.4s
[ultrawidescaledtail10_e750_s43] ep 301/750 train_loss=0.9002 val_raw=93.80 val_ema=93.62 best_raw=94.40@300 best_ema=94.64@296 lr=0.06585 time=7.7s
[ultrawidescaledtail10_e750_s47] ep 302/750 train_loss=1.0613 val_raw=93.68 val_ema=94.02 best_raw=94.34@300 best_ema=94.18@295 lr=0.06565 time=7.4s
[ultrawidescaledtail10_e750_s42] ep 299/750 train_loss=0.9526 val_raw=93.92 val_ema=93.10 best_raw=93.98@271 best_ema=93.94@289 lr=0.06625 time=7.4s
[ultrawidescaledtail10_e750_s48] ep 308/750 train_loss=0.9455 val_raw=93.96 val_ema=94.08 best_raw=94.02@304 best_ema=94.22@289 lr=0.06444 time=7.1s
[ultrawidescaledtail10_e750_s49] ep 299/750 train_loss=0.8832 val_raw=93.66 val_ema=93.82 best_raw=94.06@294 best_ema=94.40@296 lr=0.06625 time=7.5s
[ultrawidescaledtail10_e750_s44] ep 299/750 train_loss=0.9519 val_raw=93.32 val_ema=88.72 best_raw=94.04@275 best_ema=92.16@260 lr=0.06625 time=7.1s
[ultrawidescaledtail10_e750_s46] ep 306/750 train_loss=1.0161 val_raw=94.16 val_ema=92.86 best_raw=94.16@306 best_ema=94.14@281 lr=0.06485 time=7.6s
[ultrawidescaledtail10_e750_s45] ep 304/750 train_loss=0.9210 val_raw=94.32 val_ema=91.34 best_raw=94.32@304 best_ema=92.88@294 lr=0.06525 time=7.5s
[ultrawidescaledtail10_e750_s43] ep 302/750 train_loss=0.9509 val_raw=93.60 val_ema=93.66 best_raw=94.40@300 best_ema=94.64@296 lr=0.06565 time=7.6s
[ultrawidescaledtail10_e750_s47] ep 303/750 train_loss=0.8950 val_raw=93.90 val_ema=92.96 best_raw=94.34@300 best_ema=94.18@295 lr=0.06545 time=7.3s
[ultrawidescaledtail10_e750_s42] ep 300/750 train_loss=0.9243 val_raw=93.86 val_ema=93.60 best_raw=93.98@271 best_ema=93.94@289 lr=0.06605 time=7.6s
[ultrawidescaledtail10_e750_s48] ep 309/750 train_loss=0.9872 val_raw=93.86 val_ema=94.24 best_raw=94.02@304 best_ema=94.24@309 lr=0.06424 time=7.3s
[ultrawidescaledtail10_e750_s49] ep 300/750 train_loss=0.9140 val_raw=93.28 val_ema=93.42 best_raw=94.06@294 best_ema=94.40@296 lr=0.06605 time=7.6s
[ultrawidescaledtail10_e750_s44] ep 300/750 train_loss=0.9661 val_raw=93.64 val_ema=89.24 best_raw=94.04@275 best_ema=92.16@260 lr=0.06605 time=7.4s
[ultrawidescaledtail10_e750_s46] ep 307/750 train_loss=1.0037 val_raw=93.36 val_ema=93.48 best_raw=94.16@306 best_ema=94.14@281 lr=0.06465 time=7.5s
[ultrawidescaledtail10_e750_s45] ep 305/750 train_loss=0.9397 val_raw=92.48 val_ema=91.84 best_raw=94.32@304 best_ema=92.88@294 lr=0.06505 time=7.3s
[ultrawidescaledtail10_e750_s43] ep 303/750 train_loss=0.9587 val_raw=93.74 val_ema=94.46 best_raw=94.40@300 best_ema=94.64@296 lr=0.06545 time=7.5s
[ultrawidescaledtail10_e750_s47] ep 304/750 train_loss=0.9010 val_raw=93.80 val_ema=94.62 best_raw=94.34@300 best_ema=94.62@304 lr=0.06525 time=7.4s
[ultrawidescaledtail10_e750_s42] ep 301/750 train_loss=0.9793 val_raw=94.08 val_ema=92.62 best_raw=94.08@301 best_ema=93.94@289 lr=0.06585 time=7.6s
[ultrawidescaledtail10_e750_s48] ep 310/750 train_loss=0.9627 val_raw=93.78 val_ema=94.02 best_raw=94.02@304 best_ema=94.24@309 lr=0.06404 time=7.2s
[ultrawidescaledtail10_e750_s49] ep 301/750 train_loss=0.9675 val_raw=94.02 val_ema=93.52 best_raw=94.06@294 best_ema=94.40@296 lr=0.06585 time=7.4s
[ultrawidescaledtail10_e750_s44] ep 301/750 train_loss=0.9257 val_raw=93.62 val_ema=90.68 best_raw=94.04@275 best_ema=92.16@260 lr=0.06585 time=7.2s
[ultrawidescaledtail10_e750_s46] ep 308/750 train_loss=0.9565 val_raw=93.80 val_ema=93.30 best_raw=94.16@306 best_ema=94.14@281 lr=0.06444 time=7.7s
[ultrawidescaledtail10_e750_s45] ep 306/750 train_loss=0.9562 val_raw=93.74 val_ema=91.02 best_raw=94.32@304 best_ema=92.88@294 lr=0.06485 time=7.1s
[ultrawidescaledtail10_e750_s43] ep 304/750 train_loss=1.0017 val_raw=93.90 val_ema=93.34 best_raw=94.40@300 best_ema=94.64@296 lr=0.06525 time=7.5s
[ultrawidescaledtail10_e750_s47] ep 305/750 train_loss=0.9738 val_raw=93.78 val_ema=93.70 best_raw=94.34@300 best_ema=94.62@304 lr=0.06505 time=7.5s
[ultrawidescaledtail10_e750_s42] ep 302/750 train_loss=0.9566 val_raw=94.08 val_ema=93.78 best_raw=94.08@301 best_ema=93.94@289 lr=0.06565 time=8.0s
[ultrawidescaledtail10_e750_s48] ep 311/750 train_loss=0.9911 val_raw=94.14 val_ema=93.82 best_raw=94.14@311 best_ema=94.24@309 lr=0.06384 time=7.5s
[ultrawidescaledtail10_e750_s49] ep 302/750 train_loss=0.9736 val_raw=94.10 val_ema=93.72 best_raw=94.10@302 best_ema=94.40@296 lr=0.06565 time=7.6s
[ultrawidescaledtail10_e750_s44] ep 302/750 train_loss=0.9748 val_raw=93.82 val_ema=90.92 best_raw=94.04@275 best_ema=92.16@260 lr=0.06565 time=7.3s
[ultrawidescaledtail10_e750_s46] ep 309/750 train_loss=0.9244 val_raw=93.32 val_ema=93.42 best_raw=94.16@306 best_ema=94.14@281 lr=0.06424 time=7.1s
[ultrawidescaledtail10_e750_s45] ep 307/750 train_loss=0.8991 val_raw=93.54 val_ema=91.86 best_raw=94.32@304 best_ema=92.88@294 lr=0.06465 time=7.0s
[ultrawidescaledtail10_e750_s43] ep 305/750 train_loss=0.9918 val_raw=93.56 val_ema=93.50 best_raw=94.40@300 best_ema=94.64@296 lr=0.06505 time=7.6s
[ultrawidescaledtail10_e750_s47] ep 306/750 train_loss=1.0134 val_raw=93.48 val_ema=94.22 best_raw=94.34@300 best_ema=94.62@304 lr=0.06485 time=7.9s
[ultrawidescaledtail10_e750_s42] ep 303/750 train_loss=0.9524 val_raw=93.68 val_ema=93.40 best_raw=94.08@301 best_ema=93.94@289 lr=0.06545 time=7.5s
[ultrawidescaledtail10_e750_s48] ep 312/750 train_loss=0.9120 val_raw=94.24 val_ema=94.44 best_raw=94.24@312 best_ema=94.44@312 lr=0.06364 time=7.4s
[ultrawidescaledtail10_e750_s49] ep 303/750 train_loss=0.9839 val_raw=94.08 val_ema=93.74 best_raw=94.10@302 best_ema=94.40@296 lr=0.06545 time=7.8s
[ultrawidescaledtail10_e750_s44] ep 303/750 train_loss=0.9183 val_raw=93.40 val_ema=91.00 best_raw=94.04@275 best_ema=92.16@260 lr=0.06545 time=7.9s
[ultrawidescaledtail10_e750_s46] ep 310/750 train_loss=0.9635 val_raw=93.94 val_ema=93.86 best_raw=94.16@306 best_ema=94.14@281 lr=0.06404 time=7.2s
[ultrawidescaledtail10_e750_s45] ep 308/750 train_loss=0.9483 val_raw=93.24 val_ema=92.94 best_raw=94.32@304 best_ema=92.94@308 lr=0.06444 time=7.1s
[ultrawidescaledtail10_e750_s43] ep 306/750 train_loss=0.9885 val_raw=94.18 val_ema=94.26 best_raw=94.40@300 best_ema=94.64@296 lr=0.06485 time=7.5s
[ultrawidescaledtail10_e750_s47] ep 307/750 train_loss=0.9183 val_raw=93.06 val_ema=94.14 best_raw=94.34@300 best_ema=94.62@304 lr=0.06465 time=7.7s
[ultrawidescaledtail10_e750_s48] ep 313/750 train_loss=0.8925 val_raw=93.54 val_ema=93.70 best_raw=94.24@312 best_ema=94.44@312 lr=0.06343 time=7.2s
[ultrawidescaledtail10_e750_s42] ep 304/750 train_loss=0.9941 val_raw=93.54 val_ema=93.56 best_raw=94.08@301 best_ema=93.94@289 lr=0.06525 time=7.7s
[ultrawidescaledtail10_e750_s49] ep 304/750 train_loss=0.9411 val_raw=93.22 val_ema=93.86 best_raw=94.10@302 best_ema=94.40@296 lr=0.06525 time=7.5s
[ultrawidescaledtail10_e750_s44] ep 304/750 train_loss=0.9379 val_raw=93.38 val_ema=90.06 best_raw=94.04@275 best_ema=92.16@260 lr=0.06525 time=7.4s
[ultrawidescaledtail10_e750_s45] ep 309/750 train_loss=0.9193 val_raw=93.60 val_ema=92.46 best_raw=94.32@304 best_ema=92.94@308 lr=0.06424 time=7.6s
[ultrawidescaledtail10_e750_s46] ep 311/750 train_loss=0.9449 val_raw=94.02 val_ema=93.02 best_raw=94.16@306 best_ema=94.14@281 lr=0.06384 time=7.6s
[ultrawidescaledtail10_e750_s43] ep 307/750 train_loss=0.9038 val_raw=93.52 val_ema=94.10 best_raw=94.40@300 best_ema=94.64@296 lr=0.06465 time=7.5s
[ultrawidescaledtail10_e750_s48] ep 314/750 train_loss=0.9848 val_raw=93.92 val_ema=94.02 best_raw=94.24@312 best_ema=94.44@312 lr=0.06323 time=7.1s
[ultrawidescaledtail10_e750_s47] ep 308/750 train_loss=0.9678 val_raw=93.54 val_ema=93.04 best_raw=94.34@300 best_ema=94.62@304 lr=0.06444 time=7.5s
[ultrawidescaledtail10_e750_s42] ep 305/750 train_loss=0.9583 val_raw=93.54 val_ema=94.30 best_raw=94.08@301 best_ema=94.30@305 lr=0.06505 time=7.0s
[ultrawidescaledtail10_e750_s49] ep 305/750 train_loss=0.9600 val_raw=93.60 val_ema=93.80 best_raw=94.10@302 best_ema=94.40@296 lr=0.06505 time=8.0s
[ultrawidescaledtail10_e750_s46] ep 312/750 train_loss=0.9783 val_raw=94.12 val_ema=93.14 best_raw=94.16@306 best_ema=94.14@281 lr=0.06364 time=7.0s
[ultrawidescaledtail10_e750_s44] ep 305/750 train_loss=0.9569 val_raw=93.34 val_ema=91.10 best_raw=94.04@275 best_ema=92.16@260 lr=0.06505 time=7.7s
[ultrawidescaledtail10_e750_s45] ep 310/750 train_loss=0.9284 val_raw=93.30 val_ema=91.48 best_raw=94.32@304 best_ema=92.94@308 lr=0.06404 time=7.5s
[ultrawidescaledtail10_e750_s43] ep 308/750 train_loss=0.9460 val_raw=93.52 val_ema=94.30 best_raw=94.40@300 best_ema=94.64@296 lr=0.06444 time=7.6s
[ultrawidescaledtail10_e750_s48] ep 315/750 train_loss=0.8536 val_raw=93.72 val_ema=93.52 best_raw=94.24@312 best_ema=94.44@312 lr=0.06303 time=7.6s
[ultrawidescaledtail10_e750_s47] ep 309/750 train_loss=0.9763 val_raw=93.86 val_ema=93.92 best_raw=94.34@300 best_ema=94.62@304 lr=0.06424 time=7.6s
[ultrawidescaledtail10_e750_s42] ep 306/750 train_loss=0.9391 val_raw=94.20 val_ema=93.92 best_raw=94.20@306 best_ema=94.30@305 lr=0.06485 time=7.9s
[ultrawidescaledtail10_e750_s49] ep 306/750 train_loss=0.9167 val_raw=93.48 val_ema=94.52 best_raw=94.10@302 best_ema=94.52@306 lr=0.06485 time=7.7s
[ultrawidescaledtail10_e750_s46] ep 313/750 train_loss=0.9036 val_raw=93.66 val_ema=92.58 best_raw=94.16@306 best_ema=94.14@281 lr=0.06343 time=7.5s
[ultrawidescaledtail10_e750_s45] ep 311/750 train_loss=0.9123 val_raw=93.66 val_ema=93.16 best_raw=94.32@304 best_ema=93.16@311 lr=0.06384 time=7.4s
[ultrawidescaledtail10_e750_s44] ep 306/750 train_loss=0.9456 val_raw=93.80 val_ema=90.32 best_raw=94.04@275 best_ema=92.16@260 lr=0.06485 time=7.7s
[ultrawidescaledtail10_e750_s43] ep 309/750 train_loss=0.9414 val_raw=93.34 val_ema=94.12 best_raw=94.40@300 best_ema=94.64@296 lr=0.06424 time=7.5s
[ultrawidescaledtail10_e750_s48] ep 316/750 train_loss=0.8660 val_raw=93.88 val_ema=92.16 best_raw=94.24@312 best_ema=94.44@312 lr=0.06282 time=7.1s
[ultrawidescaledtail10_e750_s47] ep 310/750 train_loss=0.9208 val_raw=93.82 val_ema=92.40 best_raw=94.34@300 best_ema=94.62@304 lr=0.06404 time=7.4s
[ultrawidescaledtail10_e750_s42] ep 307/750 train_loss=0.9595 val_raw=93.78 val_ema=93.38 best_raw=94.20@306 best_ema=94.30@305 lr=0.06465 time=7.6s
[ultrawidescaledtail10_e750_s46] ep 314/750 train_loss=0.9328 val_raw=93.96 val_ema=93.46 best_raw=94.16@306 best_ema=94.14@281 lr=0.06323 time=7.3s
[ultrawidescaledtail10_e750_s49] ep 307/750 train_loss=0.9640 val_raw=93.80 val_ema=93.92 best_raw=94.10@302 best_ema=94.52@306 lr=0.06465 time=7.8s
[ultrawidescaledtail10_e750_s45] ep 312/750 train_loss=0.8900 val_raw=93.60 val_ema=92.80 best_raw=94.32@304 best_ema=93.16@311 lr=0.06364 time=7.4s
[ultrawidescaledtail10_e750_s44] ep 307/750 train_loss=0.8988 val_raw=93.64 val_ema=91.70 best_raw=94.04@275 best_ema=92.16@260 lr=0.06465 time=7.9s
[ultrawidescaledtail10_e750_s43] ep 310/750 train_loss=0.9385 val_raw=93.82 val_ema=94.24 best_raw=94.40@300 best_ema=94.64@296 lr=0.06404 time=7.6s
[ultrawidescaledtail10_e750_s48] ep 317/750 train_loss=0.9380 val_raw=94.16 val_ema=93.78 best_raw=94.24@312 best_ema=94.44@312 lr=0.06262 time=7.5s
[ultrawidescaledtail10_e750_s47] ep 311/750 train_loss=0.9309 val_raw=93.68 val_ema=93.64 best_raw=94.34@300 best_ema=94.62@304 lr=0.06384 time=7.6s
[ultrawidescaledtail10_e750_s42] ep 308/750 train_loss=0.8928 val_raw=93.90 val_ema=93.90 best_raw=94.20@306 best_ema=94.30@305 lr=0.06444 time=7.5s
[ultrawidescaledtail10_e750_s46] ep 315/750 train_loss=0.9727 val_raw=93.56 val_ema=93.10 best_raw=94.16@306 best_ema=94.14@281 lr=0.06303 time=7.1s
[ultrawidescaledtail10_e750_s45] ep 313/750 train_loss=0.9746 val_raw=93.48 val_ema=92.14 best_raw=94.32@304 best_ema=93.16@311 lr=0.06343 time=7.1s
[ultrawidescaledtail10_e750_s49] ep 308/750 train_loss=0.9918 val_raw=93.94 val_ema=93.16 best_raw=94.10@302 best_ema=94.52@306 lr=0.06444 time=7.4s
[ultrawidescaledtail10_e750_s44] ep 308/750 train_loss=0.9171 val_raw=93.68 val_ema=91.42 best_raw=94.04@275 best_ema=92.16@260 lr=0.06444 time=7.2s
[ultrawidescaledtail10_e750_s43] ep 311/750 train_loss=0.9595 val_raw=93.90 val_ema=94.04 best_raw=94.40@300 best_ema=94.64@296 lr=0.06384 time=7.4s
[ultrawidescaledtail10_e750_s48] ep 318/750 train_loss=0.9212 val_raw=94.12 val_ema=92.96 best_raw=94.24@312 best_ema=94.44@312 lr=0.06241 time=7.2s
[ultrawidescaledtail10_e750_s47] ep 312/750 train_loss=0.9297 val_raw=93.80 val_ema=93.12 best_raw=94.34@300 best_ema=94.62@304 lr=0.06364 time=7.3s
[ultrawidescaledtail10_e750_s42] ep 309/750 train_loss=0.9395 val_raw=93.36 val_ema=94.14 best_raw=94.20@306 best_ema=94.30@305 lr=0.06424 time=7.9s
[ultrawidescaledtail10_e750_s46] ep 316/750 train_loss=0.9815 val_raw=93.52 val_ema=92.82 best_raw=94.16@306 best_ema=94.14@281 lr=0.06282 time=7.5s
[ultrawidescaledtail10_e750_s45] ep 314/750 train_loss=0.9589 val_raw=93.46 val_ema=89.56 best_raw=94.32@304 best_ema=93.16@311 lr=0.06323 time=7.3s
[ultrawidescaledtail10_e750_s49] ep 309/750 train_loss=0.9244 val_raw=93.46 val_ema=94.76 best_raw=94.10@302 best_ema=94.76@309 lr=0.06424 time=7.6s
[ultrawidescaledtail10_e750_s44] ep 309/750 train_loss=0.9595 val_raw=93.76 val_ema=90.92 best_raw=94.04@275 best_ema=92.16@260 lr=0.06424 time=7.4s
[ultrawidescaledtail10_e750_s48] ep 319/750 train_loss=0.9820 val_raw=94.28 val_ema=93.76 best_raw=94.28@319 best_ema=94.44@312 lr=0.06221 time=7.3s
[ultrawidescaledtail10_e750_s43] ep 312/750 train_loss=0.9176 val_raw=93.92 val_ema=94.24 best_raw=94.40@300 best_ema=94.64@296 lr=0.06364 time=7.6s
[ultrawidescaledtail10_e750_s47] ep 313/750 train_loss=0.9521 val_raw=93.66 val_ema=93.94 best_raw=94.34@300 best_ema=94.62@304 lr=0.06343 time=7.5s
[ultrawidescaledtail10_e750_s42] ep 310/750 train_loss=0.9266 val_raw=93.78 val_ema=92.68 best_raw=94.20@306 best_ema=94.30@305 lr=0.06404 time=7.0s
[ultrawidescaledtail10_e750_s45] ep 315/750 train_loss=0.8947 val_raw=93.80 val_ema=92.84 best_raw=94.32@304 best_ema=93.16@311 lr=0.06303 time=7.3s
[ultrawidescaledtail10_e750_s46] ep 317/750 train_loss=0.9690 val_raw=93.52 val_ema=93.20 best_raw=94.16@306 best_ema=94.14@281 lr=0.06262 time=7.7s
[ultrawidescaledtail10_e750_s49] ep 310/750 train_loss=0.8971 val_raw=94.04 val_ema=93.98 best_raw=94.10@302 best_ema=94.76@309 lr=0.06404 time=7.1s
[ultrawidescaledtail10_e750_s44] ep 310/750 train_loss=1.0076 val_raw=93.40 val_ema=88.26 best_raw=94.04@275 best_ema=92.16@260 lr=0.06404 time=7.7s
[ultrawidescaledtail10_e750_s48] ep 320/750 train_loss=0.9297 val_raw=93.24 val_ema=93.74 best_raw=94.28@319 best_ema=94.44@312 lr=0.06201 time=7.6s
[ultrawidescaledtail10_e750_s43] ep 313/750 train_loss=0.9039 val_raw=93.74 val_ema=94.64 best_raw=94.40@300 best_ema=94.64@296 lr=0.06343 time=7.6s
[ultrawidescaledtail10_e750_s47] ep 314/750 train_loss=0.9174 val_raw=93.36 val_ema=93.14 best_raw=94.34@300 best_ema=94.62@304 lr=0.06323 time=7.6s
[ultrawidescaledtail10_e750_s42] ep 311/750 train_loss=0.9310 val_raw=93.84 val_ema=93.70 best_raw=94.20@306 best_ema=94.30@305 lr=0.06384 time=7.4s
[ultrawidescaledtail10_e750_s46] ep 318/750 train_loss=1.0290 val_raw=93.34 val_ema=93.22 best_raw=94.16@306 best_ema=94.14@281 lr=0.06241 time=7.0s
[ultrawidescaledtail10_e750_s49] ep 311/750 train_loss=0.9534 val_raw=93.56 val_ema=93.44 best_raw=94.10@302 best_ema=94.76@309 lr=0.06384 time=7.3s
[ultrawidescaledtail10_e750_s45] ep 316/750 train_loss=0.9700 val_raw=93.80 val_ema=92.44 best_raw=94.32@304 best_ema=93.16@311 lr=0.06282 time=7.5s
[ultrawidescaledtail10_e750_s44] ep 311/750 train_loss=0.9445 val_raw=93.80 val_ema=89.96 best_raw=94.04@275 best_ema=92.16@260 lr=0.06384 time=7.1s
[ultrawidescaledtail10_e750_s48] ep 321/750 train_loss=0.9599 val_raw=93.52 val_ema=93.84 best_raw=94.28@319 best_ema=94.44@312 lr=0.06180 time=7.3s
[ultrawidescaledtail10_e750_s43] ep 314/750 train_loss=0.8732 val_raw=93.60 val_ema=94.26 best_raw=94.40@300 best_ema=94.64@296 lr=0.06323 time=7.7s
[ultrawidescaledtail10_e750_s47] ep 315/750 train_loss=0.9474 val_raw=93.50 val_ema=93.34 best_raw=94.34@300 best_ema=94.62@304 lr=0.06303 time=7.2s
[ultrawidescaledtail10_e750_s42] ep 312/750 train_loss=0.9183 val_raw=93.90 val_ema=93.60 best_raw=94.20@306 best_ema=94.30@305 lr=0.06364 time=7.8s
[ultrawidescaledtail10_e750_s46] ep 319/750 train_loss=0.9990 val_raw=93.70 val_ema=93.12 best_raw=94.16@306 best_ema=94.14@281 lr=0.06221 time=7.1s
[ultrawidescaledtail10_e750_s45] ep 317/750 train_loss=0.9879 val_raw=94.14 val_ema=92.98 best_raw=94.32@304 best_ema=93.16@311 lr=0.06262 time=7.2s
[ultrawidescaledtail10_e750_s49] ep 312/750 train_loss=0.9480 val_raw=94.06 val_ema=94.32 best_raw=94.10@302 best_ema=94.76@309 lr=0.06364 time=7.3s
[ultrawidescaledtail10_e750_s44] ep 312/750 train_loss=0.9435 val_raw=93.86 val_ema=91.36 best_raw=94.04@275 best_ema=92.16@260 lr=0.06364 time=7.3s
[ultrawidescaledtail10_e750_s48] ep 322/750 train_loss=0.9619 val_raw=93.06 val_ema=94.02 best_raw=94.28@319 best_ema=94.44@312 lr=0.06160 time=7.4s
[ultrawidescaledtail10_e750_s47] ep 316/750 train_loss=0.9047 val_raw=93.72 val_ema=92.90 best_raw=94.34@300 best_ema=94.62@304 lr=0.06282 time=7.0s
[ultrawidescaledtail10_e750_s43] ep 315/750 train_loss=0.9606 val_raw=94.00 val_ema=94.30 best_raw=94.40@300 best_ema=94.64@296 lr=0.06303 time=7.5s
[ultrawidescaledtail10_e750_s42] ep 313/750 train_loss=0.8997 val_raw=94.16 val_ema=93.48 best_raw=94.20@306 best_ema=94.30@305 lr=0.06343 time=7.2s
[ultrawidescaledtail10_e750_s46] ep 320/750 train_loss=0.9785 val_raw=94.12 val_ema=93.66 best_raw=94.16@306 best_ema=94.14@281 lr=0.06201 time=7.5s
[ultrawidescaledtail10_e750_s45] ep 318/750 train_loss=0.9310 val_raw=93.24 val_ema=91.94 best_raw=94.32@304 best_ema=93.16@311 lr=0.06241 time=7.1s
[ultrawidescaledtail10_e750_s49] ep 313/750 train_loss=0.9631 val_raw=93.08 val_ema=93.92 best_raw=94.10@302 best_ema=94.76@309 lr=0.06343 time=7.5s
[ultrawidescaledtail10_e750_s44] ep 313/750 train_loss=0.9435 val_raw=94.20 val_ema=90.72 best_raw=94.20@313 best_ema=92.16@260 lr=0.06343 time=7.4s
[ultrawidescaledtail10_e750_s48] ep 323/750 train_loss=1.0011 val_raw=94.00 val_ema=93.98 best_raw=94.28@319 best_ema=94.44@312 lr=0.06139 time=7.5s
[ultrawidescaledtail10_e750_s47] ep 317/750 train_loss=0.8775 val_raw=93.36 val_ema=93.80 best_raw=94.34@300 best_ema=94.62@304 lr=0.06262 time=7.4s
[ultrawidescaledtail10_e750_s43] ep 316/750 train_loss=1.0072 val_raw=93.26 val_ema=93.20 best_raw=94.40@300 best_ema=94.64@296 lr=0.06282 time=7.7s
[ultrawidescaledtail10_e750_s42] ep 314/750 train_loss=0.9532 val_raw=93.96 val_ema=93.82 best_raw=94.20@306 best_ema=94.30@305 lr=0.06323 time=7.7s
[ultrawidescaledtail10_e750_s46] ep 321/750 train_loss=0.9555 val_raw=93.70 val_ema=92.24 best_raw=94.16@306 best_ema=94.14@281 lr=0.06180 time=7.1s
[ultrawidescaledtail10_e750_s45] ep 319/750 train_loss=0.9509 val_raw=90.66 val_ema=92.30 best_raw=94.32@304 best_ema=93.16@311 lr=0.06221 time=7.5s
[ultrawidescaledtail10_e750_s49] ep 314/750 train_loss=0.9431 val_raw=93.52 val_ema=93.76 best_raw=94.10@302 best_ema=94.76@309 lr=0.06323 time=7.7s
[ultrawidescaledtail10_e750_s44] ep 314/750 train_loss=0.9655 val_raw=93.38 val_ema=91.02 best_raw=94.20@313 best_ema=92.16@260 lr=0.06323 time=7.4s
[ultrawidescaledtail10_e750_s48] ep 324/750 train_loss=0.9806 val_raw=94.44 val_ema=94.20 best_raw=94.44@324 best_ema=94.44@312 lr=0.06118 time=7.1s
[ultrawidescaledtail10_e750_s47] ep 318/750 train_loss=0.9444 val_raw=93.14 val_ema=92.02 best_raw=94.34@300 best_ema=94.62@304 lr=0.06241 time=7.2s
[ultrawidescaledtail10_e750_s43] ep 317/750 train_loss=0.9670 val_raw=93.70 val_ema=93.86 best_raw=94.40@300 best_ema=94.64@296 lr=0.06262 time=7.3s
[ultrawidescaledtail10_e750_s42] ep 315/750 train_loss=0.9221 val_raw=93.70 val_ema=93.00 best_raw=94.20@306 best_ema=94.30@305 lr=0.06303 time=7.5s
[ultrawidescaledtail10_e750_s46] ep 322/750 train_loss=0.9387 val_raw=93.50 val_ema=94.28 best_raw=94.16@306 best_ema=94.28@322 lr=0.06160 time=7.5s
[ultrawidescaledtail10_e750_s45] ep 320/750 train_loss=1.0168 val_raw=93.82 val_ema=91.58 best_raw=94.32@304 best_ema=93.16@311 lr=0.06201 time=7.4s
[ultrawidescaledtail10_e750_s44] ep 315/750 train_loss=0.9360 val_raw=93.08 val_ema=91.64 best_raw=94.20@313 best_ema=92.16@260 lr=0.06303 time=7.0s
[ultrawidescaledtail10_e750_s49] ep 315/750 train_loss=1.0392 val_raw=93.38 val_ema=94.44 best_raw=94.10@302 best_ema=94.76@309 lr=0.06303 time=7.6s
[ultrawidescaledtail10_e750_s48] ep 325/750 train_loss=0.9202 val_raw=93.98 val_ema=93.84 best_raw=94.44@324 best_ema=94.44@312 lr=0.06098 time=7.6s
[ultrawidescaledtail10_e750_s47] ep 319/750 train_loss=0.9635 val_raw=93.78 val_ema=94.54 best_raw=94.34@300 best_ema=94.62@304 lr=0.06221 time=7.2s
[ultrawidescaledtail10_e750_s43] ep 318/750 train_loss=1.0305 val_raw=93.60 val_ema=94.70 best_raw=94.40@300 best_ema=94.70@318 lr=0.06241 time=7.3s
[ultrawidescaledtail10_e750_s42] ep 316/750 train_loss=0.9658 val_raw=93.74 val_ema=92.80 best_raw=94.20@306 best_ema=94.30@305 lr=0.06282 time=7.6s
[ultrawidescaledtail10_e750_s46] ep 323/750 train_loss=0.9339 val_raw=93.50 val_ema=92.58 best_raw=94.16@306 best_ema=94.28@322 lr=0.06139 time=7.4s
[ultrawidescaledtail10_e750_s45] ep 321/750 train_loss=0.9146 val_raw=93.46 val_ema=93.22 best_raw=94.32@304 best_ema=93.22@321 lr=0.06180 time=7.7s
[ultrawidescaledtail10_e750_s49] ep 316/750 train_loss=0.9811 val_raw=93.62 val_ema=94.42 best_raw=94.10@302 best_ema=94.76@309 lr=0.06282 time=7.4s
[ultrawidescaledtail10_e750_s44] ep 316/750 train_loss=0.9095 val_raw=93.38 val_ema=89.30 best_raw=94.20@313 best_ema=92.16@260 lr=0.06282 time=7.8s
[ultrawidescaledtail10_e750_s48] ep 326/750 train_loss=0.9171 val_raw=93.52 val_ema=94.38 best_raw=94.44@324 best_ema=94.44@312 lr=0.06077 time=7.3s
[ultrawidescaledtail10_e750_s47] ep 320/750 train_loss=0.9340 val_raw=93.58 val_ema=92.44 best_raw=94.34@300 best_ema=94.62@304 lr=0.06201 time=7.3s
[ultrawidescaledtail10_e750_s43] ep 319/750 train_loss=0.9415 val_raw=93.86 val_ema=94.30 best_raw=94.40@300 best_ema=94.70@318 lr=0.06221 time=7.7s
[ultrawidescaledtail10_e750_s42] ep 317/750 train_loss=0.9110 val_raw=93.90 val_ema=92.90 best_raw=94.20@306 best_ema=94.30@305 lr=0.06262 time=7.5s
[ultrawidescaledtail10_e750_s46] ep 324/750 train_loss=0.9240 val_raw=93.40 val_ema=94.02 best_raw=94.16@306 best_ema=94.28@322 lr=0.06118 time=7.7s
[ultrawidescaledtail10_e750_s45] ep 322/750 train_loss=0.9348 val_raw=93.68 val_ema=93.42 best_raw=94.32@304 best_ema=93.42@322 lr=0.06160 time=7.4s
[ultrawidescaledtail10_e750_s49] ep 317/750 train_loss=0.9460 val_raw=93.84 val_ema=94.16 best_raw=94.10@302 best_ema=94.76@309 lr=0.06262 time=7.2s
[ultrawidescaledtail10_e750_s44] ep 317/750 train_loss=0.9669 val_raw=93.34 val_ema=91.44 best_raw=94.20@313 best_ema=92.16@260 lr=0.06262 time=7.7s
[ultrawidescaledtail10_e750_s48] ep 327/750 train_loss=0.9044 val_raw=94.06 val_ema=94.52 best_raw=94.44@324 best_ema=94.52@327 lr=0.06057 time=7.2s
[ultrawidescaledtail10_e750_s47] ep 321/750 train_loss=0.9263 val_raw=93.28 val_ema=94.00 best_raw=94.34@300 best_ema=94.62@304 lr=0.06180 time=7.4s
[ultrawidescaledtail10_e750_s43] ep 320/750 train_loss=0.9694 val_raw=94.06 val_ema=94.50 best_raw=94.40@300 best_ema=94.70@318 lr=0.06201 time=7.3s
[ultrawidescaledtail10_e750_s42] ep 318/750 train_loss=0.9137 val_raw=93.70 val_ema=93.42 best_raw=94.20@306 best_ema=94.30@305 lr=0.06241 time=7.6s
[ultrawidescaledtail10_e750_s46] ep 325/750 train_loss=0.9000 val_raw=94.18 val_ema=94.02 best_raw=94.18@325 best_ema=94.28@322 lr=0.06098 time=7.4s
[ultrawidescaledtail10_e750_s49] ep 318/750 train_loss=0.9072 val_raw=94.08 val_ema=94.24 best_raw=94.10@302 best_ema=94.76@309 lr=0.06241 time=7.2s
[ultrawidescaledtail10_e750_s45] ep 323/750 train_loss=0.9817 val_raw=93.78 val_ema=92.16 best_raw=94.32@304 best_ema=93.42@322 lr=0.06139 time=7.6s
[ultrawidescaledtail10_e750_s44] ep 318/750 train_loss=0.9418 val_raw=93.78 val_ema=90.76 best_raw=94.20@313 best_ema=92.16@260 lr=0.06241 time=7.7s
[ultrawidescaledtail10_e750_s48] ep 328/750 train_loss=0.8832 val_raw=93.84 val_ema=94.18 best_raw=94.44@324 best_ema=94.52@327 lr=0.06036 time=7.1s
[ultrawidescaledtail10_e750_s47] ep 322/750 train_loss=0.9314 val_raw=94.14 val_ema=92.96 best_raw=94.34@300 best_ema=94.62@304 lr=0.06160 time=7.4s
[ultrawidescaledtail10_e750_s43] ep 321/750 train_loss=0.9751 val_raw=94.06 val_ema=94.12 best_raw=94.40@300 best_ema=94.70@318 lr=0.06180 time=7.5s
[ultrawidescaledtail10_e750_s42] ep 319/750 train_loss=0.9931 val_raw=93.86 val_ema=93.32 best_raw=94.20@306 best_ema=94.30@305 lr=0.06221 time=7.5s
[ultrawidescaledtail10_e750_s46] ep 326/750 train_loss=0.9673 val_raw=93.62 val_ema=93.48 best_raw=94.18@325 best_ema=94.28@322 lr=0.06077 time=7.8s
[ultrawidescaledtail10_e750_s45] ep 324/750 train_loss=0.9749 val_raw=93.76 val_ema=92.16 best_raw=94.32@304 best_ema=93.42@322 lr=0.06118 time=7.2s
[ultrawidescaledtail10_e750_s49] ep 319/750 train_loss=0.9453 val_raw=93.50 val_ema=93.26 best_raw=94.10@302 best_ema=94.76@309 lr=0.06221 time=7.7s
[ultrawidescaledtail10_e750_s44] ep 319/750 train_loss=0.9634 val_raw=93.58 val_ema=90.84 best_raw=94.20@313 best_ema=92.16@260 lr=0.06221 time=7.9s
[ultrawidescaledtail10_e750_s48] ep 329/750 train_loss=0.9768 val_raw=94.54 val_ema=93.92 best_raw=94.54@329 best_ema=94.52@327 lr=0.06015 time=7.1s
[ultrawidescaledtail10_e750_s47] ep 323/750 train_loss=0.8800 val_raw=93.86 val_ema=93.40 best_raw=94.34@300 best_ema=94.62@304 lr=0.06139 time=7.6s
[ultrawidescaledtail10_e750_s43] ep 322/750 train_loss=0.9437 val_raw=93.28 val_ema=93.58 best_raw=94.40@300 best_ema=94.70@318 lr=0.06160 time=7.2s
[ultrawidescaledtail10_e750_s42] ep 320/750 train_loss=0.9224 val_raw=93.90 val_ema=93.28 best_raw=94.20@306 best_ema=94.30@305 lr=0.06201 time=7.2s
[ultrawidescaledtail10_e750_s46] ep 327/750 train_loss=0.9151 val_raw=94.64 val_ema=93.44 best_raw=94.64@327 best_ema=94.28@322 lr=0.06057 time=7.0s
[ultrawidescaledtail10_e750_s45] ep 325/750 train_loss=0.9274 val_raw=93.74 val_ema=91.36 best_raw=94.32@304 best_ema=93.42@322 lr=0.06098 time=7.4s
[ultrawidescaledtail10_e750_s49] ep 320/750 train_loss=0.8796 val_raw=94.08 val_ema=93.94 best_raw=94.10@302 best_ema=94.76@309 lr=0.06201 time=7.4s
[ultrawidescaledtail10_e750_s44] ep 320/750 train_loss=0.9524 val_raw=94.24 val_ema=89.00 best_raw=94.24@320 best_ema=92.16@260 lr=0.06201 time=7.5s
[ultrawidescaledtail10_e750_s48] ep 330/750 train_loss=0.9656 val_raw=94.06 val_ema=93.78 best_raw=94.54@329 best_ema=94.52@327 lr=0.05995 time=7.7s
[ultrawidescaledtail10_e750_s47] ep 324/750 train_loss=0.9963 val_raw=93.68 val_ema=92.66 best_raw=94.34@300 best_ema=94.62@304 lr=0.06118 time=7.4s
[ultrawidescaledtail10_e750_s43] ep 323/750 train_loss=0.9652 val_raw=93.58 val_ema=94.32 best_raw=94.40@300 best_ema=94.70@318 lr=0.06139 time=7.8s
[ultrawidescaledtail10_e750_s42] ep 321/750 train_loss=0.9132 val_raw=94.16 val_ema=94.30 best_raw=94.20@306 best_ema=94.30@305 lr=0.06180 time=7.2s
[ultrawidescaledtail10_e750_s46] ep 328/750 train_loss=0.9527 val_raw=93.80 val_ema=93.66 best_raw=94.64@327 best_ema=94.28@322 lr=0.06036 time=7.4s
[ultrawidescaledtail10_e750_s45] ep 326/750 train_loss=1.0111 val_raw=93.84 val_ema=92.62 best_raw=94.32@304 best_ema=93.42@322 lr=0.06077 time=7.4s
[ultrawidescaledtail10_e750_s49] ep 321/750 train_loss=0.8879 val_raw=93.78 val_ema=94.22 best_raw=94.10@302 best_ema=94.76@309 lr=0.06180 time=7.3s
[ultrawidescaledtail10_e750_s44] ep 321/750 train_loss=0.9223 val_raw=93.44 val_ema=90.42 best_raw=94.24@320 best_ema=92.16@260 lr=0.06180 time=7.7s
[ultrawidescaledtail10_e750_s48] ep 331/750 train_loss=0.8847 val_raw=93.64 val_ema=93.10 best_raw=94.54@329 best_ema=94.52@327 lr=0.05974 time=7.4s
[ultrawidescaledtail10_e750_s47] ep 325/750 train_loss=0.9681 val_raw=93.18 val_ema=93.72 best_raw=94.34@300 best_ema=94.62@304 lr=0.06098 time=7.4s
[ultrawidescaledtail10_e750_s43] ep 324/750 train_loss=0.9502 val_raw=93.80 val_ema=93.92 best_raw=94.40@300 best_ema=94.70@318 lr=0.06118 time=7.7s
[ultrawidescaledtail10_e750_s42] ep 322/750 train_loss=1.0430 val_raw=94.08 val_ema=93.46 best_raw=94.20@306 best_ema=94.30@305 lr=0.06160 time=7.4s
[ultrawidescaledtail10_e750_s46] ep 329/750 train_loss=0.9288 val_raw=93.26 val_ema=94.10 best_raw=94.64@327 best_ema=94.28@322 lr=0.06015 time=7.6s
[ultrawidescaledtail10_e750_s45] ep 327/750 train_loss=0.9482 val_raw=93.68 val_ema=92.74 best_raw=94.32@304 best_ema=93.42@322 lr=0.06057 time=7.4s
[ultrawidescaledtail10_e750_s49] ep 322/750 train_loss=0.9006 val_raw=93.42 val_ema=94.40 best_raw=94.10@302 best_ema=94.76@309 lr=0.06160 time=7.2s
[ultrawidescaledtail10_e750_s44] ep 322/750 train_loss=0.9797 val_raw=93.78 val_ema=90.42 best_raw=94.24@320 best_ema=92.16@260 lr=0.06160 time=7.5s
[ultrawidescaledtail10_e750_s48] ep 332/750 train_loss=0.9205 val_raw=93.56 val_ema=93.86 best_raw=94.54@329 best_ema=94.52@327 lr=0.05953 time=7.1s
[ultrawidescaledtail10_e750_s47] ep 326/750 train_loss=1.0223 val_raw=93.80 val_ema=93.40 best_raw=94.34@300 best_ema=94.62@304 lr=0.06077 time=7.6s
[ultrawidescaledtail10_e750_s43] ep 325/750 train_loss=0.9506 val_raw=93.88 val_ema=93.46 best_raw=94.40@300 best_ema=94.70@318 lr=0.06098 time=7.6s
[ultrawidescaledtail10_e750_s42] ep 323/750 train_loss=0.9238 val_raw=93.66 val_ema=93.60 best_raw=94.20@306 best_ema=94.30@305 lr=0.06139 time=7.6s
[ultrawidescaledtail10_e750_s45] ep 328/750 train_loss=1.0519 val_raw=93.84 val_ema=92.56 best_raw=94.32@304 best_ema=93.42@322 lr=0.06036 time=7.0s
[ultrawidescaledtail10_e750_s49] ep 323/750 train_loss=0.9580 val_raw=94.10 val_ema=94.02 best_raw=94.10@302 best_ema=94.76@309 lr=0.06139 time=7.1s
[ultrawidescaledtail10_e750_s46] ep 330/750 train_loss=0.9738 val_raw=93.88 val_ema=94.34 best_raw=94.64@327 best_ema=94.34@330 lr=0.05995 time=7.6s
[ultrawidescaledtail10_e750_s44] ep 323/750 train_loss=0.9468 val_raw=94.28 val_ema=88.38 best_raw=94.28@323 best_ema=92.16@260 lr=0.06139 time=7.7s
[ultrawidescaledtail10_e750_s48] ep 333/750 train_loss=0.9554 val_raw=94.06 val_ema=93.70 best_raw=94.54@329 best_ema=94.52@327 lr=0.05933 time=7.3s
[ultrawidescaledtail10_e750_s47] ep 327/750 train_loss=0.9788 val_raw=93.90 val_ema=94.18 best_raw=94.34@300 best_ema=94.62@304 lr=0.06057 time=7.6s
[ultrawidescaledtail10_e750_s43] ep 326/750 train_loss=0.8680 val_raw=93.90 val_ema=94.00 best_raw=94.40@300 best_ema=94.70@318 lr=0.06077 time=7.9s
[ultrawidescaledtail10_e750_s49] ep 324/750 train_loss=0.9039 val_raw=93.98 val_ema=94.08 best_raw=94.10@302 best_ema=94.76@309 lr=0.06118 time=7.3s
[ultrawidescaledtail10_e750_s42] ep 324/750 train_loss=0.9657 val_raw=93.78 val_ema=92.62 best_raw=94.20@306 best_ema=94.30@305 lr=0.06118 time=7.7s
[ultrawidescaledtail10_e750_s45] ep 329/750 train_loss=0.9963 val_raw=94.16 val_ema=92.30 best_raw=94.32@304 best_ema=93.42@322 lr=0.06015 time=7.7s
[ultrawidescaledtail10_e750_s46] ep 331/750 train_loss=0.9201 val_raw=93.96 val_ema=94.08 best_raw=94.64@327 best_ema=94.34@330 lr=0.05974 time=7.7s
[ultrawidescaledtail10_e750_s44] ep 324/750 train_loss=0.9084 val_raw=93.50 val_ema=91.30 best_raw=94.28@323 best_ema=92.16@260 lr=0.06118 time=7.6s
[ultrawidescaledtail10_e750_s48] ep 334/750 train_loss=0.9238 val_raw=94.44 val_ema=94.40 best_raw=94.54@329 best_ema=94.52@327 lr=0.05912 time=7.5s
[ultrawidescaledtail10_e750_s47] ep 328/750 train_loss=0.8862 val_raw=93.94 val_ema=93.94 best_raw=94.34@300 best_ema=94.62@304 lr=0.06036 time=7.8s
[ultrawidescaledtail10_e750_s43] ep 327/750 train_loss=0.9415 val_raw=93.84 val_ema=93.96 best_raw=94.40@300 best_ema=94.70@318 lr=0.06057 time=7.4s
[ultrawidescaledtail10_e750_s49] ep 325/750 train_loss=0.9767 val_raw=93.92 val_ema=94.18 best_raw=94.10@302 best_ema=94.76@309 lr=0.06098 time=7.6s
[ultrawidescaledtail10_e750_s46] ep 332/750 train_loss=0.9288 val_raw=93.98 val_ema=93.62 best_raw=94.64@327 best_ema=94.34@330 lr=0.05953 time=7.1s
[ultrawidescaledtail10_e750_s45] ep 330/750 train_loss=0.9432 val_raw=93.62 val_ema=91.44 best_raw=94.32@304 best_ema=93.42@322 lr=0.05995 time=7.7s
[ultrawidescaledtail10_e750_s42] ep 325/750 train_loss=0.9133 val_raw=94.42 val_ema=93.80 best_raw=94.42@325 best_ema=94.30@305 lr=0.06098 time=7.8s
[ultrawidescaledtail10_e750_s48] ep 335/750 train_loss=0.9504 val_raw=94.14 val_ema=93.62 best_raw=94.54@329 best_ema=94.52@327 lr=0.05891 time=7.4s
[ultrawidescaledtail10_e750_s44] ep 325/750 train_loss=0.9829 val_raw=93.60 val_ema=90.30 best_raw=94.28@323 best_ema=92.16@260 lr=0.06098 time=7.7s
[ultrawidescaledtail10_e750_s47] ep 329/750 train_loss=0.8988 val_raw=93.58 val_ema=94.38 best_raw=94.34@300 best_ema=94.62@304 lr=0.06015 time=7.7s
[ultrawidescaledtail10_e750_s43] ep 328/750 train_loss=0.9544 val_raw=94.02 val_ema=93.32 best_raw=94.40@300 best_ema=94.70@318 lr=0.06036 time=7.5s
[ultrawidescaledtail10_e750_s45] ep 331/750 train_loss=0.9193 val_raw=93.52 val_ema=91.54 best_raw=94.32@304 best_ema=93.42@322 lr=0.05974 time=7.1s
[ultrawidescaledtail10_e750_s46] ep 333/750 train_loss=0.9377 val_raw=93.94 val_ema=93.62 best_raw=94.64@327 best_ema=94.34@330 lr=0.05933 time=7.3s
[ultrawidescaledtail10_e750_s49] ep 326/750 train_loss=0.9417 val_raw=94.14 val_ema=94.14 best_raw=94.14@326 best_ema=94.76@309 lr=0.06077 time=7.6s
[ultrawidescaledtail10_e750_s42] ep 326/750 train_loss=0.9183 val_raw=94.60 val_ema=93.10 best_raw=94.60@326 best_ema=94.30@305 lr=0.06077 time=7.8s
[ultrawidescaledtail10_e750_s44] ep 326/750 train_loss=0.9013 val_raw=93.64 val_ema=90.84 best_raw=94.28@323 best_ema=92.16@260 lr=0.06077 time=7.3s
[ultrawidescaledtail10_e750_s48] ep 336/750 train_loss=0.9987 val_raw=93.92 val_ema=93.56 best_raw=94.54@329 best_ema=94.52@327 lr=0.05871 time=7.5s
[ultrawidescaledtail10_e750_s47] ep 330/750 train_loss=0.9396 val_raw=93.40 val_ema=93.86 best_raw=94.34@300 best_ema=94.62@304 lr=0.05995 time=7.8s
[ultrawidescaledtail10_e750_s43] ep 329/750 train_loss=0.9944 val_raw=94.20 val_ema=93.68 best_raw=94.40@300 best_ema=94.70@318 lr=0.06015 time=7.2s
[ultrawidescaledtail10_e750_s46] ep 334/750 train_loss=0.9554 val_raw=93.66 val_ema=94.12 best_raw=94.64@327 best_ema=94.34@330 lr=0.05912 time=7.1s
[ultrawidescaledtail10_e750_s49] ep 327/750 train_loss=0.9006 val_raw=93.98 val_ema=94.18 best_raw=94.14@326 best_ema=94.76@309 lr=0.06057 time=7.2s
[ultrawidescaledtail10_e750_s45] ep 332/750 train_loss=0.9324 val_raw=93.54 val_ema=92.02 best_raw=94.32@304 best_ema=93.42@322 lr=0.05953 time=7.6s
[ultrawidescaledtail10_e750_s42] ep 327/750 train_loss=0.9930 val_raw=93.42 val_ema=93.46 best_raw=94.60@326 best_ema=94.30@305 lr=0.06057 time=7.5s
[ultrawidescaledtail10_e750_s48] ep 337/750 train_loss=1.0162 val_raw=93.72 val_ema=93.98 best_raw=94.54@329 best_ema=94.52@327 lr=0.05850 time=7.0s
[ultrawidescaledtail10_e750_s44] ep 327/750 train_loss=0.9371 val_raw=93.30 val_ema=90.72 best_raw=94.28@323 best_ema=92.16@260 lr=0.06057 time=7.8s
[ultrawidescaledtail10_e750_s47] ep 331/750 train_loss=0.9107 val_raw=93.88 val_ema=92.38 best_raw=94.34@300 best_ema=94.62@304 lr=0.05974 time=7.2s
[ultrawidescaledtail10_e750_s43] ep 330/750 train_loss=0.8843 val_raw=93.84 val_ema=93.26 best_raw=94.40@300 best_ema=94.70@318 lr=0.05995 time=7.3s
[ultrawidescaledtail10_e750_s46] ep 335/750 train_loss=0.9916 val_raw=93.88 val_ema=94.06 best_raw=94.64@327 best_ema=94.34@330 lr=0.05891 time=7.3s
[ultrawidescaledtail10_e750_s49] ep 328/750 train_loss=0.9540 val_raw=94.16 val_ema=94.12 best_raw=94.16@328 best_ema=94.76@309 lr=0.06036 time=7.2s
[ultrawidescaledtail10_e750_s45] ep 333/750 train_loss=0.9750 val_raw=94.12 val_ema=90.90 best_raw=94.32@304 best_ema=93.42@322 lr=0.05933 time=7.1s
[ultrawidescaledtail10_e750_s42] ep 328/750 train_loss=0.9239 val_raw=93.30 val_ema=93.98 best_raw=94.60@326 best_ema=94.30@305 lr=0.06036 time=7.7s
[ultrawidescaledtail10_e750_s48] ep 338/750 train_loss=0.8702 val_raw=93.80 val_ema=93.84 best_raw=94.54@329 best_ema=94.52@327 lr=0.05829 time=7.1s
[ultrawidescaledtail10_e750_s44] ep 328/750 train_loss=0.9222 val_raw=94.12 val_ema=86.18 best_raw=94.28@323 best_ema=92.16@260 lr=0.06036 time=7.8s
[ultrawidescaledtail10_e750_s47] ep 332/750 train_loss=0.9490 val_raw=93.98 val_ema=93.90 best_raw=94.34@300 best_ema=94.62@304 lr=0.05953 time=7.8s
[ultrawidescaledtail10_e750_s46] ep 336/750 train_loss=0.8874 val_raw=93.58 val_ema=93.62 best_raw=94.64@327 best_ema=94.34@330 lr=0.05871 time=7.1s
[ultrawidescaledtail10_e750_s43] ep 331/750 train_loss=0.8902 val_raw=94.36 val_ema=93.88 best_raw=94.40@300 best_ema=94.70@318 lr=0.05974 time=7.4s
[ultrawidescaledtail10_e750_s49] ep 329/750 train_loss=0.9230 val_raw=94.02 val_ema=94.06 best_raw=94.16@328 best_ema=94.76@309 lr=0.06015 time=7.3s
[ultrawidescaledtail10_e750_s45] ep 334/750 train_loss=0.9171 val_raw=94.16 val_ema=93.34 best_raw=94.32@304 best_ema=93.42@322 lr=0.05912 time=7.5s
[ultrawidescaledtail10_e750_s42] ep 329/750 train_loss=0.9135 val_raw=93.90 val_ema=94.02 best_raw=94.60@326 best_ema=94.30@305 lr=0.06015 time=7.8s
[ultrawidescaledtail10_e750_s48] ep 339/750 train_loss=0.9098 val_raw=94.16 val_ema=94.00 best_raw=94.54@329 best_ema=94.52@327 lr=0.05808 time=7.2s
[ultrawidescaledtail10_e750_s44] ep 329/750 train_loss=0.9808 val_raw=93.34 val_ema=90.78 best_raw=94.28@323 best_ema=92.16@260 lr=0.06015 time=7.9s
[ultrawidescaledtail10_e750_s47] ep 333/750 train_loss=0.9378 val_raw=93.98 val_ema=93.70 best_raw=94.34@300 best_ema=94.62@304 lr=0.05933 time=7.2s
[ultrawidescaledtail10_e750_s43] ep 332/750 train_loss=0.9242 val_raw=94.20 val_ema=93.86 best_raw=94.40@300 best_ema=94.70@318 lr=0.05953 time=7.3s
[ultrawidescaledtail10_e750_s46] ep 337/750 train_loss=0.9372 val_raw=93.96 val_ema=94.00 best_raw=94.64@327 best_ema=94.34@330 lr=0.05850 time=7.4s
[ultrawidescaledtail10_e750_s45] ep 335/750 train_loss=1.0073 val_raw=93.88 val_ema=92.68 best_raw=94.32@304 best_ema=93.42@322 lr=0.05891 time=7.1s
[ultrawidescaledtail10_e750_s49] ep 330/750 train_loss=0.9795 val_raw=94.44 val_ema=94.04 best_raw=94.44@330 best_ema=94.76@309 lr=0.05995 time=7.9s
[ultrawidescaledtail10_e750_s42] ep 330/750 train_loss=0.9301 val_raw=94.16 val_ema=92.66 best_raw=94.60@326 best_ema=94.30@305 lr=0.05995 time=7.5s
[ultrawidescaledtail10_e750_s48] ep 340/750 train_loss=0.9337 val_raw=93.44 val_ema=93.74 best_raw=94.54@329 best_ema=94.52@327 lr=0.05787 time=7.2s
[ultrawidescaledtail10_e750_s44] ep 330/750 train_loss=0.9454 val_raw=94.14 val_ema=90.46 best_raw=94.28@323 best_ema=92.16@260 lr=0.05995 time=7.4s
[ultrawidescaledtail10_e750_s47] ep 334/750 train_loss=1.0134 val_raw=93.68 val_ema=93.32 best_raw=94.34@300 best_ema=94.62@304 lr=0.05912 time=7.0s
[ultrawidescaledtail10_e750_s46] ep 338/750 train_loss=0.9551 val_raw=93.70 val_ema=93.78 best_raw=94.64@327 best_ema=94.34@330 lr=0.05829 time=7.3s
[ultrawidescaledtail10_e750_s45] ep 336/750 train_loss=0.8783 val_raw=93.66 val_ema=91.80 best_raw=94.32@304 best_ema=93.42@322 lr=0.05871 time=7.1s
[ultrawidescaledtail10_e750_s43] ep 333/750 train_loss=0.9572 val_raw=93.64 val_ema=94.24 best_raw=94.40@300 best_ema=94.70@318 lr=0.05933 time=7.6s
[ultrawidescaledtail10_e750_s49] ep 331/750 train_loss=0.9478 val_raw=94.32 val_ema=94.74 best_raw=94.44@330 best_ema=94.76@309 lr=0.05974 time=7.6s
[ultrawidescaledtail10_e750_s42] ep 331/750 train_loss=0.9430 val_raw=93.86 val_ema=93.34 best_raw=94.60@326 best_ema=94.30@305 lr=0.05974 time=7.3s
[ultrawidescaledtail10_e750_s48] ep 341/750 train_loss=0.9857 val_raw=93.40 val_ema=94.34 best_raw=94.54@329 best_ema=94.52@327 lr=0.05767 time=7.1s
[ultrawidescaledtail10_e750_s44] ep 331/750 train_loss=0.9199 val_raw=93.78 val_ema=92.24 best_raw=94.28@323 best_ema=92.24@331 lr=0.05974 time=7.2s
[ultrawidescaledtail10_e750_s47] ep 335/750 train_loss=0.9347 val_raw=93.96 val_ema=93.62 best_raw=94.34@300 best_ema=94.62@304 lr=0.05891 time=7.2s
[ultrawidescaledtail10_e750_s45] ep 337/750 train_loss=1.0405 val_raw=93.94 val_ema=91.34 best_raw=94.32@304 best_ema=93.42@322 lr=0.05850 time=7.1s
[ultrawidescaledtail10_e750_s46] ep 339/750 train_loss=0.9402 val_raw=93.66 val_ema=93.90 best_raw=94.64@327 best_ema=94.34@330 lr=0.05808 time=7.4s
[ultrawidescaledtail10_e750_s43] ep 334/750 train_loss=0.9964 val_raw=93.72 val_ema=93.60 best_raw=94.40@300 best_ema=94.70@318 lr=0.05912 time=7.4s
[ultrawidescaledtail10_e750_s49] ep 332/750 train_loss=0.9245 val_raw=94.04 val_ema=94.78 best_raw=94.44@330 best_ema=94.78@332 lr=0.05953 time=7.5s
[ultrawidescaledtail10_e750_s42] ep 332/750 train_loss=0.9310 val_raw=93.82 val_ema=91.46 best_raw=94.60@326 best_ema=94.30@305 lr=0.05953 time=7.5s
[ultrawidescaledtail10_e750_s48] ep 342/750 train_loss=1.0406 val_raw=93.82 val_ema=94.30 best_raw=94.54@329 best_ema=94.52@327 lr=0.05746 time=7.1s
[ultrawidescaledtail10_e750_s44] ep 332/750 train_loss=0.8976 val_raw=93.52 val_ema=90.58 best_raw=94.28@323 best_ema=92.24@331 lr=0.05953 time=7.2s
[ultrawidescaledtail10_e750_s47] ep 336/750 train_loss=0.9425 val_raw=93.40 val_ema=93.42 best_raw=94.34@300 best_ema=94.62@304 lr=0.05871 time=7.7s
[ultrawidescaledtail10_e750_s45] ep 338/750 train_loss=0.9282 val_raw=93.98 val_ema=92.62 best_raw=94.32@304 best_ema=93.42@322 lr=0.05829 time=7.2s
[ultrawidescaledtail10_e750_s46] ep 340/750 train_loss=0.9193 val_raw=94.32 val_ema=94.14 best_raw=94.64@327 best_ema=94.34@330 lr=0.05787 time=7.6s
[ultrawidescaledtail10_e750_s43] ep 335/750 train_loss=0.9563 val_raw=93.76 val_ema=94.28 best_raw=94.40@300 best_ema=94.70@318 lr=0.05891 time=7.4s
[ultrawidescaledtail10_e750_s49] ep 333/750 train_loss=0.9514 val_raw=94.00 val_ema=94.44 best_raw=94.44@330 best_ema=94.78@332 lr=0.05933 time=7.1s
[ultrawidescaledtail10_e750_s42] ep 333/750 train_loss=0.9629 val_raw=94.56 val_ema=94.02 best_raw=94.60@326 best_ema=94.30@305 lr=0.05933 time=7.3s
[ultrawidescaledtail10_e750_s48] ep 343/750 train_loss=0.9729 val_raw=94.30 val_ema=94.72 best_raw=94.54@329 best_ema=94.72@343 lr=0.05725 time=7.1s
[ultrawidescaledtail10_e750_s44] ep 333/750 train_loss=0.8943 val_raw=94.16 val_ema=90.50 best_raw=94.28@323 best_ema=92.24@331 lr=0.05933 time=7.2s
[ultrawidescaledtail10_e750_s45] ep 339/750 train_loss=0.9778 val_raw=94.28 val_ema=92.64 best_raw=94.32@304 best_ema=93.42@322 lr=0.05808 time=7.3s
[ultrawidescaledtail10_e750_s47] ep 337/750 train_loss=0.9799 val_raw=94.18 val_ema=93.82 best_raw=94.34@300 best_ema=94.62@304 lr=0.05850 time=7.5s
[ultrawidescaledtail10_e750_s46] ep 341/750 train_loss=0.8890 val_raw=94.16 val_ema=94.38 best_raw=94.64@327 best_ema=94.38@341 lr=0.05767 time=7.1s
[ultrawidescaledtail10_e750_s43] ep 336/750 train_loss=0.9552 val_raw=93.92 val_ema=93.56 best_raw=94.40@300 best_ema=94.70@318 lr=0.05871 time=7.3s
[ultrawidescaledtail10_e750_s49] ep 334/750 train_loss=0.9733 val_raw=93.48 val_ema=94.28 best_raw=94.44@330 best_ema=94.78@332 lr=0.05912 time=7.7s
[ultrawidescaledtail10_e750_s48] ep 344/750 train_loss=1.0039 val_raw=94.68 val_ema=94.20 best_raw=94.68@344 best_ema=94.72@343 lr=0.05704 time=7.2s
[ultrawidescaledtail10_e750_s42] ep 334/750 train_loss=0.9601 val_raw=93.82 val_ema=93.58 best_raw=94.60@326 best_ema=94.30@305 lr=0.05912 time=7.9s
[ultrawidescaledtail10_e750_s44] ep 334/750 train_loss=0.9866 val_raw=94.28 val_ema=91.36 best_raw=94.28@323 best_ema=92.24@331 lr=0.05912 time=7.3s
[ultrawidescaledtail10_e750_s45] ep 340/750 train_loss=0.8987 val_raw=93.76 val_ema=92.78 best_raw=94.32@304 best_ema=93.42@322 lr=0.05787 time=7.4s
[ultrawidescaledtail10_e750_s47] ep 338/750 train_loss=0.9749 val_raw=94.24 val_ema=94.28 best_raw=94.34@300 best_ema=94.62@304 lr=0.05829 time=7.6s
[ultrawidescaledtail10_e750_s46] ep 342/750 train_loss=0.9155 val_raw=94.34 val_ema=94.02 best_raw=94.64@327 best_ema=94.38@341 lr=0.05746 time=7.3s
[ultrawidescaledtail10_e750_s43] ep 337/750 train_loss=0.9385 val_raw=94.08 val_ema=93.96 best_raw=94.40@300 best_ema=94.70@318 lr=0.05850 time=7.2s
[ultrawidescaledtail10_e750_s49] ep 335/750 train_loss=0.9558 val_raw=93.40 val_ema=93.36 best_raw=94.44@330 best_ema=94.78@332 lr=0.05891 time=7.6s
[ultrawidescaledtail10_e750_s48] ep 345/750 train_loss=0.9448 val_raw=94.26 val_ema=94.52 best_raw=94.68@344 best_ema=94.72@343 lr=0.05683 time=7.1s
[ultrawidescaledtail10_e750_s42] ep 335/750 train_loss=0.9679 val_raw=94.32 val_ema=93.38 best_raw=94.60@326 best_ema=94.30@305 lr=0.05891 time=7.2s
[ultrawidescaledtail10_e750_s44] ep 335/750 train_loss=0.8861 val_raw=93.54 val_ema=90.56 best_raw=94.28@323 best_ema=92.24@331 lr=0.05891 time=7.6s
[ultrawidescaledtail10_e750_s45] ep 341/750 train_loss=0.9052 val_raw=93.96 val_ema=91.70 best_raw=94.32@304 best_ema=93.42@322 lr=0.05767 time=7.3s
[ultrawidescaledtail10_e750_s46] ep 343/750 train_loss=0.9706 val_raw=94.40 val_ema=92.94 best_raw=94.64@327 best_ema=94.38@341 lr=0.05725 time=7.0s
[ultrawidescaledtail10_e750_s43] ep 338/750 train_loss=0.9600 val_raw=93.28 val_ema=93.42 best_raw=94.40@300 best_ema=94.70@318 lr=0.05829 time=7.2s
[ultrawidescaledtail10_e750_s47] ep 339/750 train_loss=0.8948 val_raw=93.78 val_ema=93.80 best_raw=94.34@300 best_ema=94.62@304 lr=0.05808 time=7.5s
[ultrawidescaledtail10_e750_s49] ep 336/750 train_loss=0.9398 val_raw=94.04 val_ema=94.00 best_raw=94.44@330 best_ema=94.78@332 lr=0.05871 time=7.2s
[ultrawidescaledtail10_e750_s48] ep 346/750 train_loss=0.8132 val_raw=93.90 val_ema=92.94 best_raw=94.68@344 best_ema=94.72@343 lr=0.05662 time=7.3s
[ultrawidescaledtail10_e750_s42] ep 336/750 train_loss=0.9619 val_raw=94.18 val_ema=93.86 best_raw=94.60@326 best_ema=94.30@305 lr=0.05871 time=7.9s
[ultrawidescaledtail10_e750_s44] ep 336/750 train_loss=0.9887 val_raw=94.64 val_ema=90.92 best_raw=94.64@336 best_ema=92.24@331 lr=0.05871 time=7.3s
[ultrawidescaledtail10_e750_s46] ep 344/750 train_loss=0.9755 val_raw=94.20 val_ema=94.24 best_raw=94.64@327 best_ema=94.38@341 lr=0.05704 time=7.2s
[ultrawidescaledtail10_e750_s45] ep 342/750 train_loss=0.9403 val_raw=93.56 val_ema=91.34 best_raw=94.32@304 best_ema=93.42@322 lr=0.05746 time=7.5s
[ultrawidescaledtail10_e750_s43] ep 339/750 train_loss=0.9074 val_raw=94.26 val_ema=93.98 best_raw=94.40@300 best_ema=94.70@318 lr=0.05808 time=7.4s
[ultrawidescaledtail10_e750_s47] ep 340/750 train_loss=0.9795 val_raw=94.36 val_ema=93.88 best_raw=94.36@340 best_ema=94.62@304 lr=0.05787 time=7.3s
[ultrawidescaledtail10_e750_s49] ep 337/750 train_loss=1.0264 val_raw=93.48 val_ema=93.98 best_raw=94.44@330 best_ema=94.78@332 lr=0.05850 time=7.1s
[ultrawidescaledtail10_e750_s48] ep 347/750 train_loss=0.8972 val_raw=94.18 val_ema=93.62 best_raw=94.68@344 best_ema=94.72@343 lr=0.05641 time=7.1s
[ultrawidescaledtail10_e750_s42] ep 337/750 train_loss=0.9381 val_raw=93.76 val_ema=93.14 best_raw=94.60@326 best_ema=94.30@305 lr=0.05850 time=7.6s
[ultrawidescaledtail10_e750_s44] ep 337/750 train_loss=0.9116 val_raw=94.28 val_ema=91.84 best_raw=94.64@336 best_ema=92.24@331 lr=0.05850 time=7.3s
[ultrawidescaledtail10_e750_s46] ep 345/750 train_loss=1.0112 val_raw=93.68 val_ema=93.96 best_raw=94.64@327 best_ema=94.38@341 lr=0.05683 time=7.2s
[ultrawidescaledtail10_e750_s45] ep 343/750 train_loss=0.9373 val_raw=94.10 val_ema=93.84 best_raw=94.32@304 best_ema=93.84@343 lr=0.05725 time=7.5s
[ultrawidescaledtail10_e750_s43] ep 340/750 train_loss=0.9878 val_raw=93.26 val_ema=92.88 best_raw=94.40@300 best_ema=94.70@318 lr=0.05787 time=7.2s
[ultrawidescaledtail10_e750_s47] ep 341/750 train_loss=0.9618 val_raw=94.22 val_ema=93.86 best_raw=94.36@340 best_ema=94.62@304 lr=0.05767 time=7.6s
[ultrawidescaledtail10_e750_s49] ep 338/750 train_loss=0.9167 val_raw=93.94 val_ema=94.58 best_raw=94.44@330 best_ema=94.78@332 lr=0.05829 time=7.3s
[ultrawidescaledtail10_e750_s48] ep 348/750 train_loss=1.0269 val_raw=94.34 val_ema=93.84 best_raw=94.68@344 best_ema=94.72@343 lr=0.05620 time=7.3s
[ultrawidescaledtail10_e750_s42] ep 338/750 train_loss=0.9266 val_raw=94.00 val_ema=94.08 best_raw=94.60@326 best_ema=94.30@305 lr=0.05829 time=7.5s
[ultrawidescaledtail10_e750_s44] ep 338/750 train_loss=0.9407 val_raw=93.74 val_ema=91.66 best_raw=94.64@336 best_ema=92.24@331 lr=0.05829 time=7.2s
[ultrawidescaledtail10_e750_s46] ep 346/750 train_loss=0.9923 val_raw=94.16 val_ema=94.80 best_raw=94.64@327 best_ema=94.80@346 lr=0.05662 time=7.4s
[ultrawidescaledtail10_e750_s45] ep 344/750 train_loss=0.9094 val_raw=93.66 val_ema=91.52 best_raw=94.32@304 best_ema=93.84@343 lr=0.05704 time=7.5s
[ultrawidescaledtail10_e750_s43] ep 341/750 train_loss=0.9355 val_raw=94.22 val_ema=93.62 best_raw=94.40@300 best_ema=94.70@318 lr=0.05767 time=7.5s
[ultrawidescaledtail10_e750_s47] ep 342/750 train_loss=0.9583 val_raw=94.60 val_ema=94.26 best_raw=94.60@342 best_ema=94.62@304 lr=0.05746 time=7.3s
[ultrawidescaledtail10_e750_s48] ep 349/750 train_loss=0.9185 val_raw=94.20 val_ema=93.56 best_raw=94.68@344 best_ema=94.72@343 lr=0.05599 time=7.1s
[ultrawidescaledtail10_e750_s49] ep 339/750 train_loss=0.9327 val_raw=94.00 val_ema=93.86 best_raw=94.44@330 best_ema=94.78@332 lr=0.05808 time=7.7s
[ultrawidescaledtail10_e750_s42] ep 339/750 train_loss=0.9105 val_raw=93.48 val_ema=94.20 best_raw=94.60@326 best_ema=94.30@305 lr=0.05808 time=7.4s
[ultrawidescaledtail10_e750_s44] ep 339/750 train_loss=0.9757 val_raw=93.98 val_ema=88.62 best_raw=94.64@336 best_ema=92.24@331 lr=0.05808 time=7.7s
[ultrawidescaledtail10_e750_s46] ep 347/750 train_loss=0.9309 val_raw=93.72 val_ema=94.40 best_raw=94.64@327 best_ema=94.80@346 lr=0.05641 time=7.4s
[ultrawidescaledtail10_e750_s45] ep 345/750 train_loss=0.9887 val_raw=92.82 val_ema=91.38 best_raw=94.32@304 best_ema=93.84@343 lr=0.05683 time=7.3s
[ultrawidescaledtail10_e750_s43] ep 342/750 train_loss=0.9546 val_raw=93.72 val_ema=93.82 best_raw=94.40@300 best_ema=94.70@318 lr=0.05746 time=7.5s
[ultrawidescaledtail10_e750_s47] ep 343/750 train_loss=1.0182 val_raw=94.08 val_ema=94.54 best_raw=94.60@342 best_ema=94.62@304 lr=0.05725 time=7.3s
[ultrawidescaledtail10_e750_s48] ep 350/750 train_loss=0.9035 val_raw=94.26 val_ema=94.34 best_raw=94.68@344 best_ema=94.72@343 lr=0.05579 time=7.1s
[ultrawidescaledtail10_e750_s49] ep 340/750 train_loss=0.9755 val_raw=94.04 val_ema=94.42 best_raw=94.44@330 best_ema=94.78@332 lr=0.05787 time=7.4s
[ultrawidescaledtail10_e750_s42] ep 340/750 train_loss=0.9218 val_raw=93.78 val_ema=93.78 best_raw=94.60@326 best_ema=94.30@305 lr=0.05787 time=7.6s
[ultrawidescaledtail10_e750_s44] ep 340/750 train_loss=0.9579 val_raw=94.18 val_ema=90.46 best_raw=94.64@336 best_ema=92.24@331 lr=0.05787 time=7.4s
[ultrawidescaledtail10_e750_s46] ep 348/750 train_loss=0.9460 val_raw=93.76 val_ema=94.10 best_raw=94.64@327 best_ema=94.80@346 lr=0.05620 time=7.3s
[ultrawidescaledtail10_e750_s45] ep 346/750 train_loss=0.9433 val_raw=93.78 val_ema=90.78 best_raw=94.32@304 best_ema=93.84@343 lr=0.05662 time=7.3s
[ultrawidescaledtail10_e750_s47] ep 344/750 train_loss=0.9125 val_raw=93.62 val_ema=93.78 best_raw=94.60@342 best_ema=94.62@304 lr=0.05704 time=7.1s
[ultrawidescaledtail10_e750_s43] ep 343/750 train_loss=1.0040 val_raw=94.14 val_ema=93.92 best_raw=94.40@300 best_ema=94.70@318 lr=0.05725 time=7.7s
[ultrawidescaledtail10_e750_s48] ep 351/750 train_loss=0.9454 val_raw=93.86 val_ema=93.92 best_raw=94.68@344 best_ema=94.72@343 lr=0.05558 time=7.1s
[ultrawidescaledtail10_e750_s49] ep 341/750 train_loss=0.9810 val_raw=94.08 val_ema=94.02 best_raw=94.44@330 best_ema=94.78@332 lr=0.05767 time=7.6s
[ultrawidescaledtail10_e750_s42] ep 341/750 train_loss=0.9418 val_raw=94.00 val_ema=93.44 best_raw=94.60@326 best_ema=94.30@305 lr=0.05767 time=7.1s
[ultrawidescaledtail10_e750_s44] ep 341/750 train_loss=0.8608 val_raw=94.02 val_ema=91.40 best_raw=94.64@336 best_ema=92.24@331 lr=0.05767 time=7.9s
[ultrawidescaledtail10_e750_s46] ep 349/750 train_loss=0.9151 val_raw=94.12 val_ema=93.96 best_raw=94.64@327 best_ema=94.80@346 lr=0.05599 time=7.1s
[ultrawidescaledtail10_e750_s45] ep 347/750 train_loss=0.9354 val_raw=93.56 val_ema=91.12 best_raw=94.32@304 best_ema=93.84@343 lr=0.05641 time=7.6s
[ultrawidescaledtail10_e750_s47] ep 345/750 train_loss=0.9941 val_raw=94.30 val_ema=94.04 best_raw=94.60@342 best_ema=94.62@304 lr=0.05683 time=7.5s
[ultrawidescaledtail10_e750_s43] ep 344/750 train_loss=0.9490 val_raw=93.66 val_ema=93.36 best_raw=94.40@300 best_ema=94.70@318 lr=0.05704 time=7.4s
[ultrawidescaledtail10_e750_s48] ep 352/750 train_loss=0.9537 val_raw=93.90 val_ema=93.98 best_raw=94.68@344 best_ema=94.72@343 lr=0.05537 time=7.1s
[ultrawidescaledtail10_e750_s49] ep 342/750 train_loss=0.8878 val_raw=93.80 val_ema=94.22 best_raw=94.44@330 best_ema=94.78@332 lr=0.05746 time=7.5s
[ultrawidescaledtail10_e750_s42] ep 342/750 train_loss=1.0126 val_raw=93.60 val_ema=91.86 best_raw=94.60@326 best_ema=94.30@305 lr=0.05746 time=7.1s
[ultrawidescaledtail10_e750_s44] ep 342/750 train_loss=0.9257 val_raw=93.82 val_ema=90.46 best_raw=94.64@336 best_ema=92.24@331 lr=0.05746 time=7.5s
[ultrawidescaledtail10_e750_s46] ep 350/750 train_loss=0.9485 val_raw=93.86 val_ema=93.92 best_raw=94.64@327 best_ema=94.80@346 lr=0.05579 time=7.2s
[ultrawidescaledtail10_e750_s47] ep 346/750 train_loss=0.9912 val_raw=93.66 val_ema=94.14 best_raw=94.60@342 best_ema=94.62@304 lr=0.05662 time=7.1s
[ultrawidescaledtail10_e750_s43] ep 345/750 train_loss=0.9570 val_raw=94.06 val_ema=94.12 best_raw=94.40@300 best_ema=94.70@318 lr=0.05683 time=7.1s
[ultrawidescaledtail10_e750_s45] ep 348/750 train_loss=0.9500 val_raw=93.76 val_ema=92.64 best_raw=94.32@304 best_ema=93.84@343 lr=0.05620 time=7.8s
[ultrawidescaledtail10_e750_s48] ep 353/750 train_loss=0.9240 val_raw=94.04 val_ema=94.48 best_raw=94.68@344 best_ema=94.72@343 lr=0.05516 time=7.6s
[ultrawidescaledtail10_e750_s49] ep 343/750 train_loss=0.9677 val_raw=94.22 val_ema=94.10 best_raw=94.44@330 best_ema=94.78@332 lr=0.05725 time=7.4s
[ultrawidescaledtail10_e750_s42] ep 343/750 train_loss=0.9161 val_raw=94.32 val_ema=93.32 best_raw=94.60@326 best_ema=94.30@305 lr=0.05725 time=7.0s
[ultrawidescaledtail10_e750_s44] ep 343/750 train_loss=0.9580 val_raw=94.34 val_ema=91.20 best_raw=94.64@336 best_ema=92.24@331 lr=0.05725 time=7.6s
[ultrawidescaledtail10_e750_s46] ep 351/750 train_loss=0.9707 val_raw=94.28 val_ema=94.26 best_raw=94.64@327 best_ema=94.80@346 lr=0.05558 time=7.5s
[ultrawidescaledtail10_e750_s47] ep 347/750 train_loss=0.9685 val_raw=93.82 val_ema=94.16 best_raw=94.60@342 best_ema=94.62@304 lr=0.05641 time=7.4s
[ultrawidescaledtail10_e750_s45] ep 349/750 train_loss=0.9313 val_raw=94.10 val_ema=93.00 best_raw=94.32@304 best_ema=93.84@343 lr=0.05599 time=7.2s
[ultrawidescaledtail10_e750_s43] ep 346/750 train_loss=0.9156 val_raw=94.00 val_ema=94.38 best_raw=94.40@300 best_ema=94.70@318 lr=0.05662 time=7.6s
[ultrawidescaledtail10_e750_s48] ep 354/750 train_loss=0.9627 val_raw=93.64 val_ema=93.68 best_raw=94.68@344 best_ema=94.72@343 lr=0.05495 time=7.3s
[ultrawidescaledtail10_e750_s49] ep 344/750 train_loss=0.8687 val_raw=93.90 val_ema=93.36 best_raw=94.44@330 best_ema=94.78@332 lr=0.05704 time=7.5s
[ultrawidescaledtail10_e750_s42] ep 344/750 train_loss=0.9517 val_raw=93.92 val_ema=93.42 best_raw=94.60@326 best_ema=94.30@305 lr=0.05704 time=7.5s
[ultrawidescaledtail10_e750_s44] ep 344/750 train_loss=0.9884 val_raw=93.74 val_ema=91.24 best_raw=94.64@336 best_ema=92.24@331 lr=0.05704 time=7.4s
[ultrawidescaledtail10_e750_s46] ep 352/750 train_loss=0.9600 val_raw=94.16 val_ema=94.38 best_raw=94.64@327 best_ema=94.80@346 lr=0.05537 time=7.1s
[ultrawidescaledtail10_e750_s47] ep 348/750 train_loss=0.9497 val_raw=94.06 val_ema=93.68 best_raw=94.60@342 best_ema=94.62@304 lr=0.05620 time=7.3s
[ultrawidescaledtail10_e750_s45] ep 350/750 train_loss=0.9372 val_raw=94.22 val_ema=91.74 best_raw=94.32@304 best_ema=93.84@343 lr=0.05579 time=7.1s
[ultrawidescaledtail10_e750_s43] ep 347/750 train_loss=0.9569 val_raw=94.12 val_ema=93.88 best_raw=94.40@300 best_ema=94.70@318 lr=0.05641 time=7.4s
[ultrawidescaledtail10_e750_s48] ep 355/750 train_loss=0.9085 val_raw=93.64 val_ema=94.38 best_raw=94.68@344 best_ema=94.72@343 lr=0.05474 time=7.5s
[ultrawidescaledtail10_e750_s49] ep 345/750 train_loss=0.9625 val_raw=94.54 val_ema=94.38 best_raw=94.54@345 best_ema=94.78@332 lr=0.05683 time=7.5s
[ultrawidescaledtail10_e750_s42] ep 345/750 train_loss=0.9328 val_raw=94.78 val_ema=93.36 best_raw=94.78@345 best_ema=94.30@305 lr=0.05683 time=7.5s
[ultrawidescaledtail10_e750_s44] ep 345/750 train_loss=0.9692 val_raw=94.04 val_ema=90.84 best_raw=94.64@336 best_ema=92.24@331 lr=0.05683 time=7.3s
[ultrawidescaledtail10_e750_s46] ep 353/750 train_loss=0.9309 val_raw=93.96 val_ema=93.80 best_raw=94.64@327 best_ema=94.80@346 lr=0.05516 time=7.3s
[ultrawidescaledtail10_e750_s47] ep 349/750 train_loss=1.0071 val_raw=94.00 val_ema=93.72 best_raw=94.60@342 best_ema=94.62@304 lr=0.05599 time=7.1s
[ultrawidescaledtail10_e750_s45] ep 351/750 train_loss=0.9432 val_raw=93.98 val_ema=92.18 best_raw=94.32@304 best_ema=93.84@343 lr=0.05558 time=7.1s
[ultrawidescaledtail10_e750_s43] ep 348/750 train_loss=0.9787 val_raw=94.18 val_ema=93.64 best_raw=94.40@300 best_ema=94.70@318 lr=0.05620 time=7.3s
[ultrawidescaledtail10_e750_s48] ep 356/750 train_loss=0.8898 val_raw=93.72 val_ema=94.02 best_raw=94.68@344 best_ema=94.72@343 lr=0.05453 time=7.5s
[ultrawidescaledtail10_e750_s49] ep 346/750 train_loss=1.0065 val_raw=93.94 val_ema=94.12 best_raw=94.54@345 best_ema=94.78@332 lr=0.05662 time=7.0s
[ultrawidescaledtail10_e750_s42] ep 346/750 train_loss=0.9312 val_raw=94.18 val_ema=94.18 best_raw=94.78@345 best_ema=94.30@305 lr=0.05662 time=7.4s
[ultrawidescaledtail10_e750_s44] ep 346/750 train_loss=0.9437 val_raw=93.98 val_ema=90.32 best_raw=94.64@336 best_ema=92.24@331 lr=0.05662 time=7.2s
[ultrawidescaledtail10_e750_s46] ep 354/750 train_loss=0.9210 val_raw=94.20 val_ema=94.30 best_raw=94.64@327 best_ema=94.80@346 lr=0.05495 time=7.1s
[ultrawidescaledtail10_e750_s47] ep 350/750 train_loss=0.9220 val_raw=94.52 val_ema=94.12 best_raw=94.60@342 best_ema=94.62@304 lr=0.05579 time=7.0s
[ultrawidescaledtail10_e750_s45] ep 352/750 train_loss=1.0071 val_raw=93.30 val_ema=92.06 best_raw=94.32@304 best_ema=93.84@343 lr=0.05537 time=7.1s
[ultrawidescaledtail10_e750_s43] ep 349/750 train_loss=0.9151 val_raw=94.02 val_ema=93.18 best_raw=94.40@300 best_ema=94.70@318 lr=0.05599 time=7.2s
[ultrawidescaledtail10_e750_s48] ep 357/750 train_loss=0.9141 val_raw=93.74 val_ema=94.66 best_raw=94.68@344 best_ema=94.72@343 lr=0.05432 time=7.2s
[ultrawidescaledtail10_e750_s49] ep 347/750 train_loss=1.0132 val_raw=93.86 val_ema=94.06 best_raw=94.54@345 best_ema=94.78@332 lr=0.05641 time=7.1s
[ultrawidescaledtail10_e750_s42] ep 347/750 train_loss=0.9282 val_raw=94.60 val_ema=93.92 best_raw=94.78@345 best_ema=94.30@305 lr=0.05641 time=7.2s
[ultrawidescaledtail10_e750_s46] ep 355/750 train_loss=0.9295 val_raw=94.04 val_ema=94.44 best_raw=94.64@327 best_ema=94.80@346 lr=0.05474 time=7.1s
[ultrawidescaledtail10_e750_s44] ep 347/750 train_loss=1.0191 val_raw=94.38 val_ema=91.52 best_raw=94.64@336 best_ema=92.24@331 lr=0.05641 time=7.6s
[ultrawidescaledtail10_e750_s45] ep 353/750 train_loss=0.9082 val_raw=94.02 val_ema=92.76 best_raw=94.32@304 best_ema=93.84@343 lr=0.05516 time=7.2s
[ultrawidescaledtail10_e750_s47] ep 351/750 train_loss=0.9655 val_raw=94.00 val_ema=94.24 best_raw=94.60@342 best_ema=94.62@304 lr=0.05558 time=7.4s
[ultrawidescaledtail10_e750_s43] ep 350/750 train_loss=0.9200 val_raw=94.36 val_ema=92.94 best_raw=94.40@300 best_ema=94.70@318 lr=0.05579 time=7.1s
[ultrawidescaledtail10_e750_s48] ep 358/750 train_loss=0.8585 val_raw=94.30 val_ema=94.04 best_raw=94.68@344 best_ema=94.72@343 lr=0.05411 time=7.0s
[ultrawidescaledtail10_e750_s49] ep 348/750 train_loss=0.9429 val_raw=94.04 val_ema=94.50 best_raw=94.54@345 best_ema=94.78@332 lr=0.05620 time=7.3s
[ultrawidescaledtail10_e750_s42] ep 348/750 train_loss=0.9491 val_raw=93.54 val_ema=93.26 best_raw=94.78@345 best_ema=94.30@305 lr=0.05620 time=7.1s
[ultrawidescaledtail10_e750_s46] ep 356/750 train_loss=0.9354 val_raw=93.62 val_ema=94.42 best_raw=94.64@327 best_ema=94.80@346 lr=0.05453 time=7.0s
[ultrawidescaledtail10_e750_s44] ep 348/750 train_loss=0.9336 val_raw=94.22 val_ema=91.62 best_raw=94.64@336 best_ema=92.24@331 lr=0.05620 time=7.3s
[ultrawidescaledtail10_e750_s45] ep 354/750 train_loss=0.9680 val_raw=94.04 val_ema=92.94 best_raw=94.32@304 best_ema=93.84@343 lr=0.05495 time=7.1s
[ultrawidescaledtail10_e750_s47] ep 352/750 train_loss=0.8552 val_raw=93.42 val_ema=93.90 best_raw=94.60@342 best_ema=94.62@304 lr=0.05537 time=7.2s
[ultrawidescaledtail10_e750_s43] ep 351/750 train_loss=0.9671 val_raw=94.52 val_ema=94.42 best_raw=94.52@351 best_ema=94.70@318 lr=0.05558 time=7.4s
[ultrawidescaledtail10_e750_s48] ep 359/750 train_loss=0.9044 val_raw=94.36 val_ema=94.60 best_raw=94.68@344 best_ema=94.72@343 lr=0.05390 time=7.4s
[ultrawidescaledtail10_e750_s49] ep 349/750 train_loss=0.9693 val_raw=94.02 val_ema=94.18 best_raw=94.54@345 best_ema=94.78@332 lr=0.05599 time=7.9s
[ultrawidescaledtail10_e750_s42] ep 349/750 train_loss=0.9150 val_raw=94.08 val_ema=93.76 best_raw=94.78@345 best_ema=94.30@305 lr=0.05599 time=7.2s
[ultrawidescaledtail10_e750_s46] ep 357/750 train_loss=0.9541 val_raw=94.00 val_ema=94.56 best_raw=94.64@327 best_ema=94.80@346 lr=0.05432 time=7.9s
[ultrawidescaledtail10_e750_s45] ep 355/750 train_loss=0.9406 val_raw=93.94 val_ema=92.86 best_raw=94.32@304 best_ema=93.84@343 lr=0.05474 time=7.2s
[ultrawidescaledtail10_e750_s44] ep 349/750 train_loss=0.9533 val_raw=93.82 val_ema=92.00 best_raw=94.64@336 best_ema=92.24@331 lr=0.05599 time=7.6s
[ultrawidescaledtail10_e750_s47] ep 353/750 train_loss=0.9167 val_raw=93.96 val_ema=94.16 best_raw=94.60@342 best_ema=94.62@304 lr=0.05516 time=7.2s
[ultrawidescaledtail10_e750_s43] ep 352/750 train_loss=0.9176 val_raw=93.76 val_ema=94.04 best_raw=94.52@351 best_ema=94.70@318 lr=0.05537 time=7.4s
[ultrawidescaledtail10_e750_s48] ep 360/750 train_loss=0.8597 val_raw=94.28 val_ema=93.92 best_raw=94.68@344 best_ema=94.72@343 lr=0.05369 time=7.3s
[ultrawidescaledtail10_e750_s49] ep 350/750 train_loss=0.9255 val_raw=94.32 val_ema=93.80 best_raw=94.54@345 best_ema=94.78@332 lr=0.05579 time=7.3s
[ultrawidescaledtail10_e750_s42] ep 350/750 train_loss=0.9191 val_raw=93.90 val_ema=93.52 best_raw=94.78@345 best_ema=94.30@305 lr=0.05579 time=7.3s
[ultrawidescaledtail10_e750_s46] ep 358/750 train_loss=0.9582 val_raw=93.98 val_ema=94.24 best_raw=94.64@327 best_ema=94.80@346 lr=0.05411 time=7.4s
[ultrawidescaledtail10_e750_s45] ep 356/750 train_loss=0.8781 val_raw=93.92 val_ema=92.46 best_raw=94.32@304 best_ema=93.84@343 lr=0.05453 time=7.5s
[ultrawidescaledtail10_e750_s47] ep 354/750 train_loss=0.9305 val_raw=94.02 val_ema=93.88 best_raw=94.60@342 best_ema=94.62@304 lr=0.05495 time=7.4s
[ultrawidescaledtail10_e750_s44] ep 350/750 train_loss=0.9453 val_raw=94.00 val_ema=91.22 best_raw=94.64@336 best_ema=92.24@331 lr=0.05579 time=7.6s
[ultrawidescaledtail10_e750_s43] ep 353/750 train_loss=0.9390 val_raw=93.86 val_ema=93.72 best_raw=94.52@351 best_ema=94.70@318 lr=0.05516 time=7.2s
[ultrawidescaledtail10_e750_s48] ep 361/750 train_loss=0.8690 val_raw=94.20 val_ema=94.22 best_raw=94.68@344 best_ema=94.72@343 lr=0.05348 time=7.4s
[ultrawidescaledtail10_e750_s42] ep 351/750 train_loss=0.8993 val_raw=94.28 val_ema=93.36 best_raw=94.78@345 best_ema=94.30@305 lr=0.05558 time=7.0s
[ultrawidescaledtail10_e750_s49] ep 351/750 train_loss=0.9337 val_raw=94.14 val_ema=94.56 best_raw=94.54@345 best_ema=94.78@332 lr=0.05558 time=7.7s
[ultrawidescaledtail10_e750_s46] ep 359/750 train_loss=0.9564 val_raw=93.76 val_ema=94.42 best_raw=94.64@327 best_ema=94.80@346 lr=0.05390 time=7.5s
[ultrawidescaledtail10_e750_s47] ep 355/750 train_loss=0.8975 val_raw=93.82 val_ema=93.20 best_raw=94.60@342 best_ema=94.62@304 lr=0.05474 time=7.0s
[ultrawidescaledtail10_e750_s45] ep 357/750 train_loss=1.0503 val_raw=94.10 val_ema=92.88 best_raw=94.32@304 best_ema=93.84@343 lr=0.05432 time=7.3s
[ultrawidescaledtail10_e750_s44] ep 351/750 train_loss=0.8814 val_raw=94.42 val_ema=90.66 best_raw=94.64@336 best_ema=92.24@331 lr=0.05558 time=7.3s
[ultrawidescaledtail10_e750_s43] ep 354/750 train_loss=0.9412 val_raw=94.02 val_ema=94.02 best_raw=94.52@351 best_ema=94.70@318 lr=0.05495 time=7.3s
[ultrawidescaledtail10_e750_s48] ep 362/750 train_loss=0.9067 val_raw=93.98 val_ema=93.74 best_raw=94.68@344 best_ema=94.72@343 lr=0.05327 time=7.3s
[ultrawidescaledtail10_e750_s49] ep 352/750 train_loss=0.8695 val_raw=93.96 val_ema=94.50 best_raw=94.54@345 best_ema=94.78@332 lr=0.05537 time=7.1s
[ultrawidescaledtail10_e750_s42] ep 352/750 train_loss=0.9393 val_raw=94.08 val_ema=94.54 best_raw=94.78@345 best_ema=94.54@352 lr=0.05537 time=7.8s
[ultrawidescaledtail10_e750_s46] ep 360/750 train_loss=0.9370 val_raw=94.32 val_ema=94.02 best_raw=94.64@327 best_ema=94.80@346 lr=0.05369 time=7.3s
[ultrawidescaledtail10_e750_s47] ep 356/750 train_loss=0.8780 val_raw=93.78 val_ema=93.60 best_raw=94.60@342 best_ema=94.62@304 lr=0.05453 time=7.2s
[ultrawidescaledtail10_e750_s45] ep 358/750 train_loss=0.9366 val_raw=94.22 val_ema=92.12 best_raw=94.32@304 best_ema=93.84@343 lr=0.05411 time=7.5s
[ultrawidescaledtail10_e750_s44] ep 352/750 train_loss=1.0276 val_raw=94.42 val_ema=91.86 best_raw=94.64@336 best_ema=92.24@331 lr=0.05537 time=7.6s
[ultrawidescaledtail10_e750_s43] ep 355/750 train_loss=0.8602 val_raw=94.42 val_ema=93.98 best_raw=94.52@351 best_ema=94.70@318 lr=0.05474 time=7.1s
[ultrawidescaledtail10_e750_s48] ep 363/750 train_loss=0.9877 val_raw=94.78 val_ema=93.82 best_raw=94.78@363 best_ema=94.72@343 lr=0.05306 time=7.3s
[ultrawidescaledtail10_e750_s49] ep 353/750 train_loss=0.9325 val_raw=93.76 val_ema=93.80 best_raw=94.54@345 best_ema=94.78@332 lr=0.05516 time=7.8s
[ultrawidescaledtail10_e750_s42] ep 353/750 train_loss=0.8867 val_raw=94.42 val_ema=93.90 best_raw=94.78@345 best_ema=94.54@352 lr=0.05516 time=7.6s
[ultrawidescaledtail10_e750_s46] ep 361/750 train_loss=0.9306 val_raw=93.56 val_ema=94.06 best_raw=94.64@327 best_ema=94.80@346 lr=0.05348 time=7.0s
[ultrawidescaledtail10_e750_s47] ep 357/750 train_loss=0.9316 val_raw=94.50 val_ema=94.68 best_raw=94.60@342 best_ema=94.68@357 lr=0.05432 time=7.5s
[ultrawidescaledtail10_e750_s45] ep 359/750 train_loss=0.9773 val_raw=93.90 val_ema=92.96 best_raw=94.32@304 best_ema=93.84@343 lr=0.05390 time=7.2s
[ultrawidescaledtail10_e750_s43] ep 356/750 train_loss=1.0088 val_raw=94.10 val_ema=93.78 best_raw=94.52@351 best_ema=94.70@318 lr=0.05453 time=7.1s
[ultrawidescaledtail10_e750_s44] ep 353/750 train_loss=0.8923 val_raw=94.12 val_ema=90.04 best_raw=94.64@336 best_ema=92.24@331 lr=0.05516 time=7.8s
[ultrawidescaledtail10_e750_s48] ep 364/750 train_loss=0.8879 val_raw=94.28 val_ema=93.90 best_raw=94.78@363 best_ema=94.72@343 lr=0.05284 time=7.2s
[ultrawidescaledtail10_e750_s49] ep 354/750 train_loss=0.8877 val_raw=93.42 val_ema=94.62 best_raw=94.54@345 best_ema=94.78@332 lr=0.05495 time=7.5s
[ultrawidescaledtail10_e750_s42] ep 354/750 train_loss=0.9136 val_raw=93.60 val_ema=93.54 best_raw=94.78@345 best_ema=94.54@352 lr=0.05495 time=7.7s
[ultrawidescaledtail10_e750_s46] ep 362/750 train_loss=0.8572 val_raw=93.70 val_ema=93.78 best_raw=94.64@327 best_ema=94.80@346 lr=0.05327 time=7.4s
[ultrawidescaledtail10_e750_s47] ep 358/750 train_loss=0.9128 val_raw=94.18 val_ema=94.86 best_raw=94.60@342 best_ema=94.86@358 lr=0.05411 time=7.2s
[ultrawidescaledtail10_e750_s45] ep 360/750 train_loss=0.9714 val_raw=94.00 val_ema=93.18 best_raw=94.32@304 best_ema=93.84@343 lr=0.05369 time=7.4s
[ultrawidescaledtail10_e750_s43] ep 357/750 train_loss=0.9584 val_raw=94.60 val_ema=94.00 best_raw=94.60@357 best_ema=94.70@318 lr=0.05432 time=7.2s
[ultrawidescaledtail10_e750_s44] ep 354/750 train_loss=0.9401 val_raw=93.70 val_ema=91.04 best_raw=94.64@336 best_ema=92.24@331 lr=0.05495 time=7.8s
[ultrawidescaledtail10_e750_s48] ep 365/750 train_loss=0.9389 val_raw=94.64 val_ema=94.50 best_raw=94.78@363 best_ema=94.72@343 lr=0.05263 time=7.5s
[ultrawidescaledtail10_e750_s49] ep 355/750 train_loss=0.9461 val_raw=94.06 val_ema=93.98 best_raw=94.54@345 best_ema=94.78@332 lr=0.05474 time=7.5s
[ultrawidescaledtail10_e750_s42] ep 355/750 train_loss=0.9906 val_raw=94.02 val_ema=93.58 best_raw=94.78@345 best_ema=94.54@352 lr=0.05474 time=7.7s
[ultrawidescaledtail10_e750_s46] ep 363/750 train_loss=0.9392 val_raw=94.12 val_ema=94.18 best_raw=94.64@327 best_ema=94.80@346 lr=0.05306 time=7.2s
[ultrawidescaledtail10_e750_s47] ep 359/750 train_loss=1.0013 val_raw=94.50 val_ema=94.00 best_raw=94.60@342 best_ema=94.86@358 lr=0.05390 time=7.1s
[ultrawidescaledtail10_e750_s45] ep 361/750 train_loss=0.9830 val_raw=94.14 val_ema=92.64 best_raw=94.32@304 best_ema=93.84@343 lr=0.05348 time=7.4s
[ultrawidescaledtail10_e750_s43] ep 358/750 train_loss=0.9461 val_raw=94.06 val_ema=94.40 best_raw=94.60@357 best_ema=94.70@318 lr=0.05411 time=8.1s
[ultrawidescaledtail10_e750_s48] ep 366/750 train_loss=0.8977 val_raw=94.44 val_ema=94.64 best_raw=94.78@363 best_ema=94.72@343 lr=0.05242 time=7.1s
[ultrawidescaledtail10_e750_s44] ep 355/750 train_loss=0.9811 val_raw=94.26 val_ema=91.16 best_raw=94.64@336 best_ema=92.24@331 lr=0.05474 time=8.1s
[ultrawidescaledtail10_e750_s49] ep 356/750 train_loss=0.9280 val_raw=94.64 val_ema=93.74 best_raw=94.64@356 best_ema=94.78@332 lr=0.05453 time=7.5s
[ultrawidescaledtail10_e750_s42] ep 356/750 train_loss=0.8729 val_raw=94.22 val_ema=92.28 best_raw=94.78@345 best_ema=94.54@352 lr=0.05453 time=7.8s
[ultrawidescaledtail10_e750_s47] ep 360/750 train_loss=0.9811 val_raw=93.78 val_ema=93.52 best_raw=94.60@342 best_ema=94.86@358 lr=0.05369 time=7.1s
[ultrawidescaledtail10_e750_s46] ep 364/750 train_loss=0.9841 val_raw=93.84 val_ema=94.28 best_raw=94.64@327 best_ema=94.80@346 lr=0.05284 time=7.4s
[ultrawidescaledtail10_e750_s45] ep 362/750 train_loss=0.9521 val_raw=93.88 val_ema=92.50 best_raw=94.32@304 best_ema=93.84@343 lr=0.05327 time=7.5s
[ultrawidescaledtail10_e750_s43] ep 359/750 train_loss=0.9661 val_raw=93.70 val_ema=94.56 best_raw=94.60@357 best_ema=94.70@318 lr=0.05390 time=7.6s
[ultrawidescaledtail10_e750_s48] ep 367/750 train_loss=0.9254 val_raw=94.18 val_ema=94.40 best_raw=94.78@363 best_ema=94.72@343 lr=0.05221 time=7.2s
[ultrawidescaledtail10_e750_s44] ep 356/750 train_loss=0.9199 val_raw=94.42 val_ema=91.18 best_raw=94.64@336 best_ema=92.24@331 lr=0.05453 time=7.8s
[ultrawidescaledtail10_e750_s49] ep 357/750 train_loss=0.9144 val_raw=93.56 val_ema=93.98 best_raw=94.64@356 best_ema=94.78@332 lr=0.05432 time=7.2s
[ultrawidescaledtail10_e750_s42] ep 357/750 train_loss=0.8507 val_raw=94.26 val_ema=94.22 best_raw=94.78@345 best_ema=94.54@352 lr=0.05432 time=7.4s
[ultrawidescaledtail10_e750_s47] ep 361/750 train_loss=0.9596 val_raw=94.06 val_ema=94.22 best_raw=94.60@342 best_ema=94.86@358 lr=0.05348 time=7.4s
[ultrawidescaledtail10_e750_s46] ep 365/750 train_loss=0.8811 val_raw=93.80 val_ema=94.88 best_raw=94.64@327 best_ema=94.88@365 lr=0.05263 time=7.4s
[ultrawidescaledtail10_e750_s45] ep 363/750 train_loss=0.8994 val_raw=93.98 val_ema=92.02 best_raw=94.32@304 best_ema=93.84@343 lr=0.05306 time=7.6s
[ultrawidescaledtail10_e750_s43] ep 360/750 train_loss=0.8794 val_raw=94.32 val_ema=94.18 best_raw=94.60@357 best_ema=94.70@318 lr=0.05369 time=7.5s
[ultrawidescaledtail10_e750_s48] ep 368/750 train_loss=0.9191 val_raw=95.00 val_ema=94.78 best_raw=95.00@368 best_ema=94.78@368 lr=0.05200 time=7.5s
[ultrawidescaledtail10_e750_s44] ep 357/750 train_loss=0.9454 val_raw=94.46 val_ema=92.28 best_raw=94.64@336 best_ema=92.28@357 lr=0.05432 time=7.5s
[ultrawidescaledtail10_e750_s49] ep 358/750 train_loss=0.9894 val_raw=94.00 val_ema=94.36 best_raw=94.64@356 best_ema=94.78@332 lr=0.05411 time=7.7s
[ultrawidescaledtail10_e750_s42] ep 358/750 train_loss=1.0353 val_raw=94.52 val_ema=94.14 best_raw=94.78@345 best_ema=94.54@352 lr=0.05411 time=7.1s
[ultrawidescaledtail10_e750_s47] ep 362/750 train_loss=0.9325 val_raw=94.30 val_ema=94.32 best_raw=94.60@342 best_ema=94.86@358 lr=0.05327 time=7.9s
[ultrawidescaledtail10_e750_s46] ep 366/750 train_loss=0.9630 val_raw=93.62 val_ema=94.28 best_raw=94.64@327 best_ema=94.88@365 lr=0.05242 time=7.8s
[ultrawidescaledtail10_e750_s45] ep 364/750 train_loss=0.8725 val_raw=93.88 val_ema=93.26 best_raw=94.32@304 best_ema=93.84@343 lr=0.05284 time=7.4s
[ultrawidescaledtail10_e750_s43] ep 361/750 train_loss=0.8947 val_raw=94.10 val_ema=93.98 best_raw=94.60@357 best_ema=94.70@318 lr=0.05348 time=7.2s
[ultrawidescaledtail10_e750_s48] ep 369/750 train_loss=0.9105 val_raw=93.74 val_ema=94.56 best_raw=95.00@368 best_ema=94.78@368 lr=0.05179 time=7.4s
[ultrawidescaledtail10_e750_s44] ep 358/750 train_loss=0.9337 val_raw=93.90 val_ema=90.20 best_raw=94.64@336 best_ema=92.28@357 lr=0.05411 time=7.8s
[ultrawidescaledtail10_e750_s49] ep 359/750 train_loss=0.9561 val_raw=93.38 val_ema=93.48 best_raw=94.64@356 best_ema=94.78@332 lr=0.05390 time=7.4s
[ultrawidescaledtail10_e750_s42] ep 359/750 train_loss=0.9015 val_raw=94.38 val_ema=93.62 best_raw=94.78@345 best_ema=94.54@352 lr=0.05390 time=7.6s
[ultrawidescaledtail10_e750_s46] ep 367/750 train_loss=0.9411 val_raw=94.22 val_ema=94.54 best_raw=94.64@327 best_ema=94.88@365 lr=0.05221 time=7.5s
[ultrawidescaledtail10_e750_s47] ep 363/750 train_loss=0.9626 val_raw=93.90 val_ema=94.64 best_raw=94.60@342 best_ema=94.86@358 lr=0.05306 time=7.7s
[ultrawidescaledtail10_e750_s45] ep 365/750 train_loss=0.9638 val_raw=93.94 val_ema=93.60 best_raw=94.32@304 best_ema=93.84@343 lr=0.05263 time=7.3s
[ultrawidescaledtail10_e750_s43] ep 362/750 train_loss=1.0085 val_raw=94.82 val_ema=94.12 best_raw=94.82@362 best_ema=94.70@318 lr=0.05327 time=7.2s
[ultrawidescaledtail10_e750_s48] ep 370/750 train_loss=0.8926 val_raw=94.30 val_ema=94.78 best_raw=95.00@368 best_ema=94.78@368 lr=0.05158 time=7.4s
[ultrawidescaledtail10_e750_s44] ep 359/750 train_loss=0.9546 val_raw=94.34 val_ema=92.72 best_raw=94.64@336 best_ema=92.72@359 lr=0.05390 time=7.8s
[ultrawidescaledtail10_e750_s49] ep 360/750 train_loss=0.9738 val_raw=94.04 val_ema=94.50 best_raw=94.64@356 best_ema=94.78@332 lr=0.05369 time=7.4s
[ultrawidescaledtail10_e750_s42] ep 360/750 train_loss=0.9540 val_raw=94.00 val_ema=94.04 best_raw=94.78@345 best_ema=94.54@352 lr=0.05369 time=7.7s
[ultrawidescaledtail10_e750_s46] ep 368/750 train_loss=0.9409 val_raw=94.50 val_ema=94.84 best_raw=94.64@327 best_ema=94.88@365 lr=0.05200 time=7.1s
[ultrawidescaledtail10_e750_s47] ep 364/750 train_loss=0.9241 val_raw=93.72 val_ema=94.58 best_raw=94.60@342 best_ema=94.86@358 lr=0.05284 time=7.2s
[ultrawidescaledtail10_e750_s45] ep 366/750 train_loss=0.9506 val_raw=94.36 val_ema=93.20 best_raw=94.36@366 best_ema=93.84@343 lr=0.05242 time=7.4s
[ultrawidescaledtail10_e750_s43] ep 363/750 train_loss=0.9623 val_raw=94.32 val_ema=93.76 best_raw=94.82@362 best_ema=94.70@318 lr=0.05306 time=7.6s
[ultrawidescaledtail10_e750_s48] ep 371/750 train_loss=0.9158 val_raw=94.42 val_ema=94.88 best_raw=95.00@368 best_ema=94.88@371 lr=0.05137 time=7.5s
[ultrawidescaledtail10_e750_s44] ep 360/750 train_loss=0.9708 val_raw=94.06 val_ema=92.04 best_raw=94.64@336 best_ema=92.72@359 lr=0.05369 time=7.4s
[ultrawidescaledtail10_e750_s49] ep 361/750 train_loss=0.9273 val_raw=94.28 val_ema=94.90 best_raw=94.64@356 best_ema=94.90@361 lr=0.05348 time=7.1s
[ultrawidescaledtail10_e750_s42] ep 361/750 train_loss=0.8786 val_raw=94.72 val_ema=93.82 best_raw=94.78@345 best_ema=94.54@352 lr=0.05348 time=7.5s
[ultrawidescaledtail10_e750_s46] ep 369/750 train_loss=1.0068 val_raw=94.10 val_ema=93.66 best_raw=94.64@327 best_ema=94.88@365 lr=0.05179 time=7.5s
[ultrawidescaledtail10_e750_s47] ep 365/750 train_loss=0.9083 val_raw=93.78 val_ema=95.06 best_raw=94.60@342 best_ema=95.06@365 lr=0.05263 time=7.5s
[ultrawidescaledtail10_e750_s45] ep 367/750 train_loss=0.8997 val_raw=94.22 val_ema=93.36 best_raw=94.36@366 best_ema=93.84@343 lr=0.05221 time=7.1s
[ultrawidescaledtail10_e750_s43] ep 364/750 train_loss=0.9766 val_raw=94.68 val_ema=94.58 best_raw=94.82@362 best_ema=94.70@318 lr=0.05284 time=7.1s
[ultrawidescaledtail10_e750_s48] ep 372/750 train_loss=0.8919 val_raw=94.20 val_ema=94.94 best_raw=95.00@368 best_ema=94.94@372 lr=0.05116 time=7.6s
[ultrawidescaledtail10_e750_s44] ep 361/750 train_loss=0.9562 val_raw=94.32 val_ema=91.16 best_raw=94.64@336 best_ema=92.72@359 lr=0.05348 time=7.1s
[ultrawidescaledtail10_e750_s49] ep 362/750 train_loss=0.9423 val_raw=94.14 val_ema=94.70 best_raw=94.64@356 best_ema=94.90@361 lr=0.05327 time=7.3s
[ultrawidescaledtail10_e750_s42] ep 362/750 train_loss=0.9216 val_raw=93.98 val_ema=93.26 best_raw=94.78@345 best_ema=94.54@352 lr=0.05327 time=7.3s
[ultrawidescaledtail10_e750_s46] ep 370/750 train_loss=0.9423 val_raw=94.28 val_ema=93.86 best_raw=94.64@327 best_ema=94.88@365 lr=0.05158 time=7.5s
[ultrawidescaledtail10_e750_s45] ep 368/750 train_loss=0.9559 val_raw=94.08 val_ema=93.56 best_raw=94.36@366 best_ema=93.84@343 lr=0.05200 time=7.0s
[ultrawidescaledtail10_e750_s47] ep 366/750 train_loss=0.9106 val_raw=94.90 val_ema=95.00 best_raw=94.90@366 best_ema=95.06@365 lr=0.05242 time=7.5s
[ultrawidescaledtail10_e750_s43] ep 365/750 train_loss=0.9412 val_raw=93.90 val_ema=94.10 best_raw=94.82@362 best_ema=94.70@318 lr=0.05263 time=7.1s
[ultrawidescaledtail10_e750_s48] ep 373/750 train_loss=0.9132 val_raw=94.68 val_ema=94.38 best_raw=95.00@368 best_ema=94.94@372 lr=0.05095 time=7.5s
[ultrawidescaledtail10_e750_s44] ep 362/750 train_loss=0.9513 val_raw=93.98 val_ema=90.34 best_raw=94.64@336 best_ema=92.72@359 lr=0.05327 time=7.6s
[ultrawidescaledtail10_e750_s49] ep 363/750 train_loss=0.9323 val_raw=93.92 val_ema=93.66 best_raw=94.64@356 best_ema=94.90@361 lr=0.05306 time=7.1s
[ultrawidescaledtail10_e750_s42] ep 363/750 train_loss=0.9412 val_raw=94.62 val_ema=93.76 best_raw=94.78@345 best_ema=94.54@352 lr=0.05306 time=7.4s
[ultrawidescaledtail10_e750_s46] ep 371/750 train_loss=0.9827 val_raw=94.12 val_ema=94.24 best_raw=94.64@327 best_ema=94.88@365 lr=0.05137 time=7.0s
[ultrawidescaledtail10_e750_s45] ep 369/750 train_loss=0.9425 val_raw=94.00 val_ema=93.36 best_raw=94.36@366 best_ema=93.84@343 lr=0.05179 time=7.1s
[ultrawidescaledtail10_e750_s47] ep 367/750 train_loss=0.9271 val_raw=94.16 val_ema=93.80 best_raw=94.90@366 best_ema=95.06@365 lr=0.05221 time=7.0s
[ultrawidescaledtail10_e750_s43] ep 366/750 train_loss=0.9148 val_raw=94.26 val_ema=94.64 best_raw=94.82@362 best_ema=94.70@318 lr=0.05242 time=7.7s
[ultrawidescaledtail10_e750_s48] ep 374/750 train_loss=0.9224 val_raw=94.16 val_ema=94.86 best_raw=95.00@368 best_ema=94.94@372 lr=0.05074 time=7.1s
[ultrawidescaledtail10_e750_s49] ep 364/750 train_loss=1.0044 val_raw=93.98 val_ema=93.44 best_raw=94.64@356 best_ema=94.90@361 lr=0.05284 time=7.1s
[ultrawidescaledtail10_e750_s44] ep 363/750 train_loss=0.9067 val_raw=93.90 val_ema=91.62 best_raw=94.64@336 best_ema=92.72@359 lr=0.05306 time=7.7s
[ultrawidescaledtail10_e750_s42] ep 364/750 train_loss=0.9699 val_raw=94.46 val_ema=93.16 best_raw=94.78@345 best_ema=94.54@352 lr=0.05284 time=7.1s
[ultrawidescaledtail10_e750_s45] ep 370/750 train_loss=0.9546 val_raw=94.24 val_ema=93.84 best_raw=94.36@366 best_ema=93.84@343 lr=0.05158 time=7.0s
[ultrawidescaledtail10_e750_s47] ep 368/750 train_loss=0.9504 val_raw=94.28 val_ema=94.76 best_raw=94.90@366 best_ema=95.06@365 lr=0.05200 time=7.0s
[ultrawidescaledtail10_e750_s46] ep 372/750 train_loss=0.9297 val_raw=93.70 val_ema=94.32 best_raw=94.64@327 best_ema=94.88@365 lr=0.05116 time=7.3s
[ultrawidescaledtail10_e750_s43] ep 367/750 train_loss=0.9120 val_raw=94.42 val_ema=93.80 best_raw=94.82@362 best_ema=94.70@318 lr=0.05221 time=7.0s
[ultrawidescaledtail10_e750_s48] ep 375/750 train_loss=0.9335 val_raw=94.34 val_ema=94.98 best_raw=95.00@368 best_ema=94.98@375 lr=0.05053 time=7.1s
[ultrawidescaledtail10_e750_s49] ep 365/750 train_loss=0.8489 val_raw=94.08 val_ema=94.82 best_raw=94.64@356 best_ema=94.90@361 lr=0.05263 time=7.1s
[ultrawidescaledtail10_e750_s44] ep 364/750 train_loss=0.8809 val_raw=93.74 val_ema=92.22 best_raw=94.64@336 best_ema=92.72@359 lr=0.05284 time=7.2s
[ultrawidescaledtail10_e750_s42] ep 365/750 train_loss=0.8546 val_raw=94.12 val_ema=93.84 best_raw=94.78@345 best_ema=94.54@352 lr=0.05263 time=7.6s
[ultrawidescaledtail10_e750_s45] ep 371/750 train_loss=0.9233 val_raw=94.40 val_ema=92.50 best_raw=94.40@371 best_ema=93.84@343 lr=0.05137 time=7.1s
[ultrawidescaledtail10_e750_s47] ep 369/750 train_loss=0.9351 val_raw=94.42 val_ema=94.58 best_raw=94.90@366 best_ema=95.06@365 lr=0.05179 time=7.2s
[ultrawidescaledtail10_e750_s46] ep 373/750 train_loss=0.9307 val_raw=94.28 val_ema=94.36 best_raw=94.64@327 best_ema=94.88@365 lr=0.05095 time=7.2s
[ultrawidescaledtail10_e750_s43] ep 368/750 train_loss=0.9100 val_raw=94.34 val_ema=94.30 best_raw=94.82@362 best_ema=94.70@318 lr=0.05200 time=7.5s
[ultrawidescaledtail10_e750_s48] ep 376/750 train_loss=0.9601 val_raw=94.34 val_ema=94.82 best_raw=95.00@368 best_ema=94.98@375 lr=0.05032 time=7.1s
[ultrawidescaledtail10_e750_s44] ep 365/750 train_loss=0.8963 val_raw=93.80 val_ema=91.82 best_raw=94.64@336 best_ema=92.72@359 lr=0.05263 time=7.2s
[ultrawidescaledtail10_e750_s49] ep 366/750 train_loss=0.8909 val_raw=94.06 val_ema=94.40 best_raw=94.64@356 best_ema=94.90@361 lr=0.05242 time=7.7s
[ultrawidescaledtail10_e750_s42] ep 366/750 train_loss=0.9211 val_raw=94.34 val_ema=94.42 best_raw=94.78@345 best_ema=94.54@352 lr=0.05242 time=7.2s
[ultrawidescaledtail10_e750_s47] ep 370/750 train_loss=0.9618 val_raw=94.32 val_ema=93.92 best_raw=94.90@366 best_ema=95.06@365 lr=0.05158 time=7.1s
[ultrawidescaledtail10_e750_s45] ep 372/750 train_loss=0.9098 val_raw=94.48 val_ema=93.78 best_raw=94.48@372 best_ema=93.84@343 lr=0.05116 time=7.6s
[ultrawidescaledtail10_e750_s46] ep 374/750 train_loss=0.9321 val_raw=94.12 val_ema=94.72 best_raw=94.64@327 best_ema=94.88@365 lr=0.05074 time=7.7s
[ultrawidescaledtail10_e750_s43] ep 369/750 train_loss=0.8317 val_raw=94.72 val_ema=94.08 best_raw=94.82@362 best_ema=94.70@318 lr=0.05179 time=7.2s
[ultrawidescaledtail10_e750_s48] ep 377/750 train_loss=0.8970 val_raw=94.62 val_ema=94.84 best_raw=95.00@368 best_ema=94.98@375 lr=0.05011 time=7.3s
[ultrawidescaledtail10_e750_s49] ep 367/750 train_loss=0.8925 val_raw=94.20 val_ema=94.22 best_raw=94.64@356 best_ema=94.90@361 lr=0.05221 time=7.1s
[ultrawidescaledtail10_e750_s44] ep 366/750 train_loss=0.9883 val_raw=93.88 val_ema=90.16 best_raw=94.64@336 best_ema=92.72@359 lr=0.05242 time=7.7s
[ultrawidescaledtail10_e750_s42] ep 367/750 train_loss=0.9501 val_raw=94.12 val_ema=93.72 best_raw=94.78@345 best_ema=94.54@352 lr=0.05221 time=7.3s
[ultrawidescaledtail10_e750_s47] ep 371/750 train_loss=0.8811 val_raw=93.76 val_ema=94.56 best_raw=94.90@366 best_ema=95.06@365 lr=0.05137 time=7.1s
[ultrawidescaledtail10_e750_s45] ep 373/750 train_loss=1.0088 val_raw=94.10 val_ema=93.42 best_raw=94.48@372 best_ema=93.84@343 lr=0.05095 time=7.1s
[ultrawidescaledtail10_e750_s46] ep 375/750 train_loss=0.9701 val_raw=94.20 val_ema=94.86 best_raw=94.64@327 best_ema=94.88@365 lr=0.05053 time=7.0s
[ultrawidescaledtail10_e750_s43] ep 370/750 train_loss=0.9382 val_raw=94.70 val_ema=94.02 best_raw=94.82@362 best_ema=94.70@318 lr=0.05158 time=7.1s
[ultrawidescaledtail10_e750_s48] ep 378/750 train_loss=0.8268 val_raw=94.02 val_ema=94.56 best_raw=95.00@368 best_ema=94.98@375 lr=0.04989 time=7.2s
[ultrawidescaledtail10_e750_s49] ep 368/750 train_loss=0.9666 val_raw=94.18 val_ema=94.08 best_raw=94.64@356 best_ema=94.90@361 lr=0.05200 time=7.1s
[ultrawidescaledtail10_e750_s44] ep 367/750 train_loss=0.9859 val_raw=94.04 val_ema=90.02 best_raw=94.64@336 best_ema=92.72@359 lr=0.05221 time=7.4s
[ultrawidescaledtail10_e750_s42] ep 368/750 train_loss=0.9966 val_raw=93.64 val_ema=93.70 best_raw=94.78@345 best_ema=94.54@352 lr=0.05200 time=7.2s
[ultrawidescaledtail10_e750_s47] ep 372/750 train_loss=0.8850 val_raw=94.62 val_ema=94.84 best_raw=94.90@366 best_ema=95.06@365 lr=0.05116 time=7.2s
[ultrawidescaledtail10_e750_s45] ep 374/750 train_loss=0.9905 val_raw=94.22 val_ema=93.66 best_raw=94.48@372 best_ema=93.84@343 lr=0.05074 time=7.4s
[ultrawidescaledtail10_e750_s46] ep 376/750 train_loss=0.9120 val_raw=94.04 val_ema=94.62 best_raw=94.64@327 best_ema=94.88@365 lr=0.05032 time=7.4s
[ultrawidescaledtail10_e750_s43] ep 371/750 train_loss=0.9339 val_raw=93.92 val_ema=93.66 best_raw=94.82@362 best_ema=94.70@318 lr=0.05137 time=7.1s
[ultrawidescaledtail10_e750_s48] ep 379/750 train_loss=0.9325 val_raw=94.18 val_ema=94.60 best_raw=95.00@368 best_ema=94.98@375 lr=0.04968 time=7.2s
[ultrawidescaledtail10_e750_s49] ep 369/750 train_loss=0.9947 val_raw=94.48 val_ema=94.64 best_raw=94.64@356 best_ema=94.90@361 lr=0.05179 time=7.7s
[ultrawidescaledtail10_e750_s44] ep 368/750 train_loss=1.0475 val_raw=94.76 val_ema=91.30 best_raw=94.76@368 best_ema=92.72@359 lr=0.05200 time=7.3s
[ultrawidescaledtail10_e750_s42] ep 369/750 train_loss=0.8765 val_raw=94.56 val_ema=93.46 best_raw=94.78@345 best_ema=94.54@352 lr=0.05179 time=7.6s
[ultrawidescaledtail10_e750_s47] ep 373/750 train_loss=0.9323 val_raw=94.24 val_ema=94.32 best_raw=94.90@366 best_ema=95.06@365 lr=0.05095 time=7.7s
[ultrawidescaledtail10_e750_s45] ep 375/750 train_loss=0.9209 val_raw=94.66 val_ema=94.20 best_raw=94.66@375 best_ema=94.20@375 lr=0.05053 time=7.3s
[ultrawidescaledtail10_e750_s46] ep 377/750 train_loss=0.9138 val_raw=93.72 val_ema=94.96 best_raw=94.64@327 best_ema=94.96@377 lr=0.05011 time=7.2s
[ultrawidescaledtail10_e750_s43] ep 372/750 train_loss=0.8940 val_raw=93.94 val_ema=95.12 best_raw=94.82@362 best_ema=95.12@372 lr=0.05116 time=7.2s
[ultrawidescaledtail10_e750_s48] ep 380/750 train_loss=0.8965 val_raw=94.40 val_ema=95.20 best_raw=95.00@368 best_ema=95.20@380 lr=0.04947 time=7.3s
[ultrawidescaledtail10_e750_s49] ep 370/750 train_loss=0.8493 val_raw=94.60 val_ema=94.62 best_raw=94.64@356 best_ema=94.90@361 lr=0.05158 time=7.3s
[ultrawidescaledtail10_e750_s44] ep 369/750 train_loss=0.9095 val_raw=94.22 val_ema=91.86 best_raw=94.76@368 best_ema=92.72@359 lr=0.05179 time=7.3s
[ultrawidescaledtail10_e750_s47] ep 374/750 train_loss=0.9989 val_raw=94.16 val_ema=93.92 best_raw=94.90@366 best_ema=95.06@365 lr=0.05074 time=7.0s
[ultrawidescaledtail10_e750_s42] ep 370/750 train_loss=0.9398 val_raw=94.22 val_ema=94.38 best_raw=94.78@345 best_ema=94.54@352 lr=0.05158 time=7.8s
[ultrawidescaledtail10_e750_s45] ep 376/750 train_loss=0.9505 val_raw=94.28 val_ema=93.72 best_raw=94.66@375 best_ema=94.20@375 lr=0.05032 time=7.5s
[ultrawidescaledtail10_e750_s46] ep 378/750 train_loss=0.9024 val_raw=93.82 val_ema=94.62 best_raw=94.64@327 best_ema=94.96@377 lr=0.04989 time=7.4s
[ultrawidescaledtail10_e750_s43] ep 373/750 train_loss=0.9600 val_raw=94.36 val_ema=93.84 best_raw=94.82@362 best_ema=95.12@372 lr=0.05095 time=7.2s
[ultrawidescaledtail10_e750_s48] ep 381/750 train_loss=0.8853 val_raw=94.44 val_ema=94.44 best_raw=95.00@368 best_ema=95.20@380 lr=0.04926 time=7.0s
[ultrawidescaledtail10_e750_s44] ep 370/750 train_loss=0.9713 val_raw=93.98 val_ema=91.96 best_raw=94.76@368 best_ema=92.72@359 lr=0.05158 time=7.2s
[ultrawidescaledtail10_e750_s49] ep 371/750 train_loss=0.8853 val_raw=94.00 val_ema=94.66 best_raw=94.64@356 best_ema=94.90@361 lr=0.05137 time=7.8s
[ultrawidescaledtail10_e750_s47] ep 375/750 train_loss=0.9000 val_raw=93.80 val_ema=94.84 best_raw=94.90@366 best_ema=95.06@365 lr=0.05053 time=7.2s
[ultrawidescaledtail10_e750_s42] ep 371/750 train_loss=0.9137 val_raw=94.38 val_ema=93.98 best_raw=94.78@345 best_ema=94.54@352 lr=0.05137 time=7.5s
[ultrawidescaledtail10_e750_s46] ep 379/750 train_loss=0.9282 val_raw=94.18 val_ema=94.76 best_raw=94.64@327 best_ema=94.96@377 lr=0.04968 time=7.4s
[ultrawidescaledtail10_e750_s45] ep 377/750 train_loss=0.8602 val_raw=94.74 val_ema=93.46 best_raw=94.74@377 best_ema=94.20@375 lr=0.05011 time=7.6s
[ultrawidescaledtail10_e750_s43] ep 374/750 train_loss=0.8695 val_raw=94.18 val_ema=94.40 best_raw=94.82@362 best_ema=95.12@372 lr=0.05074 time=7.2s
[ultrawidescaledtail10_e750_s48] ep 382/750 train_loss=0.8999 val_raw=94.62 val_ema=94.66 best_raw=95.00@368 best_ema=95.20@380 lr=0.04905 time=7.3s
[ultrawidescaledtail10_e750_s44] ep 371/750 train_loss=0.8641 val_raw=94.08 val_ema=92.08 best_raw=94.76@368 best_ema=92.72@359 lr=0.05137 time=7.3s
[ultrawidescaledtail10_e750_s49] ep 372/750 train_loss=0.9185 val_raw=94.10 val_ema=94.62 best_raw=94.64@356 best_ema=94.90@361 lr=0.05116 time=7.2s
[ultrawidescaledtail10_e750_s47] ep 376/750 train_loss=0.8774 val_raw=94.36 val_ema=94.24 best_raw=94.90@366 best_ema=95.06@365 lr=0.05032 time=7.2s
[ultrawidescaledtail10_e750_s42] ep 372/750 train_loss=0.9273 val_raw=94.36 val_ema=93.86 best_raw=94.78@345 best_ema=94.54@352 lr=0.05116 time=7.5s
[ultrawidescaledtail10_e750_s46] ep 380/750 train_loss=0.9400 val_raw=94.38 val_ema=94.84 best_raw=94.64@327 best_ema=94.96@377 lr=0.04947 time=7.6s
[ultrawidescaledtail10_e750_s45] ep 378/750 train_loss=0.9460 val_raw=94.22 val_ema=92.86 best_raw=94.74@377 best_ema=94.20@375 lr=0.04989 time=7.5s
[ultrawidescaledtail10_e750_s43] ep 375/750 train_loss=0.9136 val_raw=94.42 val_ema=93.34 best_raw=94.82@362 best_ema=95.12@372 lr=0.05053 time=7.7s
[ultrawidescaledtail10_e750_s48] ep 383/750 train_loss=0.8868 val_raw=94.42 val_ema=95.28 best_raw=95.00@368 best_ema=95.28@383 lr=0.04884 time=7.1s
[ultrawidescaledtail10_e750_s44] ep 372/750 train_loss=0.8890 val_raw=94.16 val_ema=90.48 best_raw=94.76@368 best_ema=92.72@359 lr=0.05116 time=7.4s
[ultrawidescaledtail10_e750_s49] ep 373/750 train_loss=0.9513 val_raw=94.34 val_ema=94.72 best_raw=94.64@356 best_ema=94.90@361 lr=0.05095 time=7.3s
[ultrawidescaledtail10_e750_s47] ep 377/750 train_loss=0.9552 val_raw=94.54 val_ema=94.42 best_raw=94.90@366 best_ema=95.06@365 lr=0.05011 time=7.6s
[ultrawidescaledtail10_e750_s42] ep 373/750 train_loss=0.9404 val_raw=93.74 val_ema=94.06 best_raw=94.78@345 best_ema=94.54@352 lr=0.05095 time=7.6s
[ultrawidescaledtail10_e750_s46] ep 381/750 train_loss=0.9509 val_raw=94.08 val_ema=94.10 best_raw=94.64@327 best_ema=94.96@377 lr=0.04926 time=7.2s
[ultrawidescaledtail10_e750_s45] ep 379/750 train_loss=0.9143 val_raw=93.22 val_ema=93.98 best_raw=94.74@377 best_ema=94.20@375 lr=0.04968 time=7.4s
[ultrawidescaledtail10_e750_s48] ep 384/750 train_loss=0.8608 val_raw=94.40 val_ema=94.86 best_raw=95.00@368 best_ema=95.28@383 lr=0.04863 time=7.1s
[ultrawidescaledtail10_e750_s43] ep 376/750 train_loss=0.9340 val_raw=94.62 val_ema=94.46 best_raw=94.82@362 best_ema=95.12@372 lr=0.05032 time=7.5s
[ultrawidescaledtail10_e750_s44] ep 373/750 train_loss=0.9857 val_raw=94.36 val_ema=92.20 best_raw=94.76@368 best_ema=92.72@359 lr=0.05095 time=7.4s
[ultrawidescaledtail10_e750_s49] ep 374/750 train_loss=0.8652 val_raw=93.96 val_ema=94.28 best_raw=94.64@356 best_ema=94.90@361 lr=0.05074 time=7.5s
[ultrawidescaledtail10_e750_s47] ep 378/750 train_loss=0.9572 val_raw=94.24 val_ema=95.02 best_raw=94.90@366 best_ema=95.06@365 lr=0.04989 time=7.3s
[ultrawidescaledtail10_e750_s42] ep 374/750 train_loss=0.9042 val_raw=94.26 val_ema=94.06 best_raw=94.78@345 best_ema=94.54@352 lr=0.05074 time=7.4s
[ultrawidescaledtail10_e750_s46] ep 382/750 train_loss=0.9006 val_raw=94.74 val_ema=95.06 best_raw=94.74@382 best_ema=95.06@382 lr=0.04905 time=7.4s
[ultrawidescaledtail10_e750_s48] ep 385/750 train_loss=0.9259 val_raw=94.40 val_ema=95.38 best_raw=95.00@368 best_ema=95.38@385 lr=0.04842 time=7.4s
[ultrawidescaledtail10_e750_s45] ep 380/750 train_loss=0.9503 val_raw=94.30 val_ema=94.36 best_raw=94.74@377 best_ema=94.36@380 lr=0.04947 time=7.8s
[ultrawidescaledtail10_e750_s43] ep 377/750 train_loss=0.8562 val_raw=94.52 val_ema=93.78 best_raw=94.82@362 best_ema=95.12@372 lr=0.05011 time=7.3s
[ultrawidescaledtail10_e750_s44] ep 374/750 train_loss=0.9460 val_raw=93.90 val_ema=91.40 best_raw=94.76@368 best_ema=92.72@359 lr=0.05074 time=7.1s
[ultrawidescaledtail10_e750_s49] ep 375/750 train_loss=0.9601 val_raw=94.84 val_ema=94.46 best_raw=94.84@375 best_ema=94.90@361 lr=0.05053 time=7.9s
[ultrawidescaledtail10_e750_s47] ep 379/750 train_loss=1.0204 val_raw=94.20 val_ema=94.76 best_raw=94.90@366 best_ema=95.06@365 lr=0.04968 time=7.8s
[ultrawidescaledtail10_e750_s46] ep 383/750 train_loss=0.9425 val_raw=94.78 val_ema=95.00 best_raw=94.78@383 best_ema=95.06@382 lr=0.04884 time=7.2s
[ultrawidescaledtail10_e750_s42] ep 375/750 train_loss=0.9536 val_raw=94.20 val_ema=93.80 best_raw=94.78@345 best_ema=94.54@352 lr=0.05053 time=7.8s
[ultrawidescaledtail10_e750_s48] ep 386/750 train_loss=0.9030 val_raw=94.14 val_ema=94.64 best_raw=95.00@368 best_ema=95.38@385 lr=0.04821 time=7.3s
[ultrawidescaledtail10_e750_s45] ep 381/750 train_loss=0.9126 val_raw=93.94 val_ema=93.74 best_raw=94.74@377 best_ema=94.36@380 lr=0.04926 time=7.4s
[ultrawidescaledtail10_e750_s43] ep 378/750 train_loss=0.9021 val_raw=94.22 val_ema=93.80 best_raw=94.82@362 best_ema=95.12@372 lr=0.04989 time=7.7s
[ultrawidescaledtail10_e750_s44] ep 375/750 train_loss=0.9655 val_raw=94.44 val_ema=91.72 best_raw=94.76@368 best_ema=92.72@359 lr=0.05053 time=7.2s
[ultrawidescaledtail10_e750_s49] ep 376/750 train_loss=0.9779 val_raw=94.34 val_ema=94.70 best_raw=94.84@375 best_ema=94.90@361 lr=0.05032 time=7.3s
[ultrawidescaledtail10_e750_s47] ep 380/750 train_loss=0.9272 val_raw=94.42 val_ema=95.02 best_raw=94.90@366 best_ema=95.06@365 lr=0.04947 time=7.3s
[ultrawidescaledtail10_e750_s46] ep 384/750 train_loss=0.8872 val_raw=94.42 val_ema=94.78 best_raw=94.78@383 best_ema=95.06@382 lr=0.04863 time=7.4s
[ultrawidescaledtail10_e750_s48] ep 387/750 train_loss=0.9244 val_raw=94.32 val_ema=94.64 best_raw=95.00@368 best_ema=95.38@385 lr=0.04800 time=7.0s
[ultrawidescaledtail10_e750_s42] ep 376/750 train_loss=0.9094 val_raw=94.72 val_ema=94.56 best_raw=94.78@345 best_ema=94.56@376 lr=0.05032 time=7.6s
[ultrawidescaledtail10_e750_s45] ep 382/750 train_loss=0.9741 val_raw=94.54 val_ema=93.98 best_raw=94.74@377 best_ema=94.36@380 lr=0.04905 time=7.4s
[ultrawidescaledtail10_e750_s43] ep 379/750 train_loss=0.9586 val_raw=94.20 val_ema=93.52 best_raw=94.82@362 best_ema=95.12@372 lr=0.04968 time=7.7s
[ultrawidescaledtail10_e750_s44] ep 376/750 train_loss=0.9239 val_raw=94.36 val_ema=90.76 best_raw=94.76@368 best_ema=92.72@359 lr=0.05032 time=7.5s
[ultrawidescaledtail10_e750_s49] ep 377/750 train_loss=0.9940 val_raw=94.10 val_ema=94.16 best_raw=94.84@375 best_ema=94.90@361 lr=0.05011 time=7.7s
[ultrawidescaledtail10_e750_s47] ep 381/750 train_loss=0.8926 val_raw=94.34 val_ema=94.50 best_raw=94.90@366 best_ema=95.06@365 lr=0.04926 time=7.2s
[ultrawidescaledtail10_e750_s46] ep 385/750 train_loss=0.9755 val_raw=94.28 val_ema=94.78 best_raw=94.78@383 best_ema=95.06@382 lr=0.04842 time=7.3s
[ultrawidescaledtail10_e750_s48] ep 388/750 train_loss=0.8741 val_raw=94.20 val_ema=95.12 best_raw=95.00@368 best_ema=95.38@385 lr=0.04779 time=7.3s
[ultrawidescaledtail10_e750_s45] ep 383/750 train_loss=0.9164 val_raw=94.04 val_ema=94.10 best_raw=94.74@377 best_ema=94.36@380 lr=0.04884 time=7.1s
[ultrawidescaledtail10_e750_s42] ep 377/750 train_loss=0.8826 val_raw=94.44 val_ema=94.60 best_raw=94.78@345 best_ema=94.60@377 lr=0.05011 time=7.6s
[ultrawidescaledtail10_e750_s43] ep 380/750 train_loss=0.9338 val_raw=94.12 val_ema=94.20 best_raw=94.82@362 best_ema=95.12@372 lr=0.04947 time=7.3s
[ultrawidescaledtail10_e750_s44] ep 377/750 train_loss=0.8963 val_raw=94.68 val_ema=92.02 best_raw=94.76@368 best_ema=92.72@359 lr=0.05011 time=7.9s
[ultrawidescaledtail10_e750_s49] ep 378/750 train_loss=0.9388 val_raw=94.26 val_ema=94.78 best_raw=94.84@375 best_ema=94.90@361 lr=0.04989 time=7.8s
[ultrawidescaledtail10_e750_s47] ep 382/750 train_loss=0.9295 val_raw=94.62 val_ema=94.68 best_raw=94.90@366 best_ema=95.06@365 lr=0.04905 time=7.4s
[ultrawidescaledtail10_e750_s46] ep 386/750 train_loss=0.8839 val_raw=94.32 val_ema=94.22 best_raw=94.78@383 best_ema=95.06@382 lr=0.04821 time=7.5s
[ultrawidescaledtail10_e750_s48] ep 389/750 train_loss=0.8908 val_raw=94.36 val_ema=95.22 best_raw=95.00@368 best_ema=95.38@385 lr=0.04758 time=7.3s
[ultrawidescaledtail10_e750_s42] ep 378/750 train_loss=0.9627 val_raw=94.10 val_ema=93.84 best_raw=94.78@345 best_ema=94.60@377 lr=0.04989 time=7.4s
[ultrawidescaledtail10_e750_s45] ep 384/750 train_loss=0.8747 val_raw=94.68 val_ema=94.00 best_raw=94.74@377 best_ema=94.36@380 lr=0.04863 time=7.6s
[ultrawidescaledtail10_e750_s43] ep 381/750 train_loss=0.9436 val_raw=94.18 val_ema=94.94 best_raw=94.82@362 best_ema=95.12@372 lr=0.04926 time=7.4s
[ultrawidescaledtail10_e750_s44] ep 378/750 train_loss=0.9305 val_raw=94.34 val_ema=92.40 best_raw=94.76@368 best_ema=92.72@359 lr=0.04989 time=7.5s
[ultrawidescaledtail10_e750_s49] ep 379/750 train_loss=0.9804 val_raw=94.24 val_ema=93.32 best_raw=94.84@375 best_ema=94.90@361 lr=0.04968 time=7.1s
[ultrawidescaledtail10_e750_s47] ep 383/750 train_loss=0.9218 val_raw=94.16 val_ema=94.92 best_raw=94.90@366 best_ema=95.06@365 lr=0.04884 time=7.2s
[ultrawidescaledtail10_e750_s46] ep 387/750 train_loss=0.9746 val_raw=94.38 val_ema=94.18 best_raw=94.78@383 best_ema=95.06@382 lr=0.04800 time=7.4s
[ultrawidescaledtail10_e750_s48] ep 390/750 train_loss=0.9662 val_raw=94.46 val_ema=95.54 best_raw=95.00@368 best_ema=95.54@390 lr=0.04737 time=7.5s
[ultrawidescaledtail10_e750_s45] ep 385/750 train_loss=0.9974 val_raw=94.20 val_ema=93.00 best_raw=94.74@377 best_ema=94.36@380 lr=0.04842 time=7.3s
[ultrawidescaledtail10_e750_s42] ep 379/750 train_loss=0.8762 val_raw=94.44 val_ema=94.46 best_raw=94.78@345 best_ema=94.60@377 lr=0.04968 time=7.6s
[ultrawidescaledtail10_e750_s43] ep 382/750 train_loss=0.9000 val_raw=94.64 val_ema=94.54 best_raw=94.82@362 best_ema=95.12@372 lr=0.04905 time=7.6s
[ultrawidescaledtail10_e750_s44] ep 379/750 train_loss=0.9093 val_raw=93.96 val_ema=92.68 best_raw=94.76@368 best_ema=92.72@359 lr=0.04968 time=7.4s
[ultrawidescaledtail10_e750_s49] ep 380/750 train_loss=0.9345 val_raw=94.04 val_ema=93.86 best_raw=94.84@375 best_ema=94.90@361 lr=0.04947 time=7.5s
[ultrawidescaledtail10_e750_s47] ep 384/750 train_loss=0.9093 val_raw=94.00 val_ema=94.94 best_raw=94.90@366 best_ema=95.06@365 lr=0.04863 time=7.1s
[ultrawidescaledtail10_e750_s48] ep 391/750 train_loss=0.9035 val_raw=94.50 val_ema=95.62 best_raw=95.00@368 best_ema=95.62@391 lr=0.04716 time=7.2s
[ultrawidescaledtail10_e750_s46] ep 388/750 train_loss=0.8819 val_raw=93.30 val_ema=93.48 best_raw=94.78@383 best_ema=95.06@382 lr=0.04779 time=7.7s
[ultrawidescaledtail10_e750_s45] ep 386/750 train_loss=0.9939 val_raw=94.96 val_ema=93.28 best_raw=94.96@386 best_ema=94.36@380 lr=0.04821 time=7.2s
[ultrawidescaledtail10_e750_s42] ep 380/750 train_loss=1.0003 val_raw=93.40 val_ema=91.84 best_raw=94.78@345 best_ema=94.60@377 lr=0.04947 time=7.6s
[ultrawidescaledtail10_e750_s43] ep 383/750 train_loss=0.9725 val_raw=93.96 val_ema=94.22 best_raw=94.82@362 best_ema=95.12@372 lr=0.04884 time=8.0s
[ultrawidescaledtail10_e750_s44] ep 380/750 train_loss=0.8147 val_raw=94.14 val_ema=93.10 best_raw=94.76@368 best_ema=93.10@380 lr=0.04947 time=7.7s
[ultrawidescaledtail10_e750_s49] ep 381/750 train_loss=0.9539 val_raw=94.48 val_ema=94.46 best_raw=94.84@375 best_ema=94.90@361 lr=0.04926 time=7.0s
[ultrawidescaledtail10_e750_s47] ep 385/750 train_loss=0.8937 val_raw=94.06 val_ema=94.60 best_raw=94.90@366 best_ema=95.06@365 lr=0.04842 time=7.5s
[ultrawidescaledtail10_e750_s48] ep 392/750 train_loss=0.9795 val_raw=94.48 val_ema=95.44 best_raw=95.00@368 best_ema=95.62@391 lr=0.04694 time=7.4s
[ultrawidescaledtail10_e750_s45] ep 387/750 train_loss=0.9448 val_raw=94.40 val_ema=93.80 best_raw=94.96@386 best_ema=94.36@380 lr=0.04800 time=7.4s
[ultrawidescaledtail10_e750_s46] ep 389/750 train_loss=0.8877 val_raw=94.32 val_ema=95.08 best_raw=94.78@383 best_ema=95.08@389 lr=0.04758 time=7.7s
[ultrawidescaledtail10_e750_s42] ep 381/750 train_loss=0.9559 val_raw=94.06 val_ema=93.48 best_raw=94.78@345 best_ema=94.60@377 lr=0.04926 time=7.7s
[ultrawidescaledtail10_e750_s43] ep 384/750 train_loss=1.0019 val_raw=94.34 val_ema=93.90 best_raw=94.82@362 best_ema=95.12@372 lr=0.04863 time=7.4s
[ultrawidescaledtail10_e750_s44] ep 381/750 train_loss=0.8662 val_raw=94.20 val_ema=92.08 best_raw=94.76@368 best_ema=93.10@380 lr=0.04926 time=7.1s
[ultrawidescaledtail10_e750_s49] ep 382/750 train_loss=0.9734 val_raw=94.66 val_ema=94.08 best_raw=94.84@375 best_ema=94.90@361 lr=0.04905 time=7.5s
[ultrawidescaledtail10_e750_s47] ep 386/750 train_loss=0.9362 val_raw=93.68 val_ema=94.54 best_raw=94.90@366 best_ema=95.06@365 lr=0.04821 time=7.5s
[ultrawidescaledtail10_e750_s48] ep 393/750 train_loss=0.9730 val_raw=93.98 val_ema=95.22 best_raw=95.00@368 best_ema=95.62@391 lr=0.04673 time=7.4s
[ultrawidescaledtail10_e750_s45] ep 388/750 train_loss=0.8626 val_raw=94.40 val_ema=94.34 best_raw=94.96@386 best_ema=94.36@380 lr=0.04779 time=7.1s
[ultrawidescaledtail10_e750_s46] ep 390/750 train_loss=0.9611 val_raw=93.58 val_ema=94.28 best_raw=94.78@383 best_ema=95.08@389 lr=0.04737 time=7.1s
[ultrawidescaledtail10_e750_s42] ep 382/750 train_loss=0.9043 val_raw=94.54 val_ema=94.18 best_raw=94.78@345 best_ema=94.60@377 lr=0.04905 time=7.6s
[ultrawidescaledtail10_e750_s43] ep 385/750 train_loss=0.9413 val_raw=94.36 val_ema=93.86 best_raw=94.82@362 best_ema=95.12@372 lr=0.04842 time=7.9s
[ultrawidescaledtail10_e750_s44] ep 382/750 train_loss=1.0187 val_raw=94.44 val_ema=91.74 best_raw=94.76@368 best_ema=93.10@380 lr=0.04905 time=7.2s
[ultrawidescaledtail10_e750_s49] ep 383/750 train_loss=0.9689 val_raw=94.32 val_ema=94.80 best_raw=94.84@375 best_ema=94.90@361 lr=0.04884 time=7.7s
[ultrawidescaledtail10_e750_s47] ep 387/750 train_loss=0.9507 val_raw=93.30 val_ema=94.30 best_raw=94.90@366 best_ema=95.06@365 lr=0.04800 time=7.1s
[ultrawidescaledtail10_e750_s48] ep 394/750 train_loss=0.9227 val_raw=94.30 val_ema=95.00 best_raw=95.00@368 best_ema=95.62@391 lr=0.04652 time=7.3s
[ultrawidescaledtail10_e750_s46] ep 391/750 train_loss=0.8690 val_raw=94.46 val_ema=94.40 best_raw=94.78@383 best_ema=95.08@389 lr=0.04716 time=7.3s
[ultrawidescaledtail10_e750_s45] ep 389/750 train_loss=0.9052 val_raw=94.46 val_ema=93.90 best_raw=94.96@386 best_ema=94.36@380 lr=0.04758 time=7.6s
[ultrawidescaledtail10_e750_s42] ep 383/750 train_loss=0.8953 val_raw=94.48 val_ema=94.64 best_raw=94.78@345 best_ema=94.64@383 lr=0.04884 time=7.5s
[ultrawidescaledtail10_e750_s43] ep 386/750 train_loss=0.9547 val_raw=94.44 val_ema=94.44 best_raw=94.82@362 best_ema=95.12@372 lr=0.04821 time=7.1s
[ultrawidescaledtail10_e750_s44] ep 383/750 train_loss=0.9575 val_raw=94.00 val_ema=92.80 best_raw=94.76@368 best_ema=93.10@380 lr=0.04884 time=7.4s
[ultrawidescaledtail10_e750_s49] ep 384/750 train_loss=0.9964 val_raw=94.66 val_ema=94.54 best_raw=94.84@375 best_ema=94.90@361 lr=0.04863 time=7.1s
[ultrawidescaledtail10_e750_s47] ep 388/750 train_loss=0.9572 val_raw=94.28 val_ema=95.06 best_raw=94.90@366 best_ema=95.06@365 lr=0.04779 time=7.6s
[ultrawidescaledtail10_e750_s48] ep 395/750 train_loss=0.8558 val_raw=94.76 val_ema=95.32 best_raw=95.00@368 best_ema=95.62@391 lr=0.04631 time=7.3s
[ultrawidescaledtail10_e750_s46] ep 392/750 train_loss=0.9416 val_raw=93.84 val_ema=94.14 best_raw=94.78@383 best_ema=95.08@389 lr=0.04694 time=7.1s
[ultrawidescaledtail10_e750_s45] ep 390/750 train_loss=0.9138 val_raw=94.80 val_ema=93.68 best_raw=94.96@386 best_ema=94.36@380 lr=0.04737 time=7.8s
[ultrawidescaledtail10_e750_s42] ep 384/750 train_loss=0.9096 val_raw=94.10 val_ema=94.02 best_raw=94.78@345 best_ema=94.64@383 lr=0.04863 time=7.0s
[ultrawidescaledtail10_e750_s43] ep 387/750 train_loss=0.8947 val_raw=94.38 val_ema=94.48 best_raw=94.82@362 best_ema=95.12@372 lr=0.04800 time=7.3s
[ultrawidescaledtail10_e750_s44] ep 384/750 train_loss=0.8941 val_raw=94.60 val_ema=92.32 best_raw=94.76@368 best_ema=93.10@380 lr=0.04863 time=7.2s
[ultrawidescaledtail10_e750_s49] ep 385/750 train_loss=0.9632 val_raw=94.08 val_ema=95.00 best_raw=94.84@375 best_ema=95.00@385 lr=0.04842 time=7.2s
[ultrawidescaledtail10_e750_s47] ep 389/750 train_loss=0.9267 val_raw=94.58 val_ema=94.58 best_raw=94.90@366 best_ema=95.06@365 lr=0.04758 time=7.6s
[ultrawidescaledtail10_e750_s48] ep 396/750 train_loss=0.8732 val_raw=94.32 val_ema=95.20 best_raw=95.00@368 best_ema=95.62@391 lr=0.04610 time=7.0s
[ultrawidescaledtail10_e750_s46] ep 393/750 train_loss=0.8882 val_raw=93.98 val_ema=94.40 best_raw=94.78@383 best_ema=95.08@389 lr=0.04673 time=7.0s
[ultrawidescaledtail10_e750_s45] ep 391/750 train_loss=0.9219 val_raw=94.38 val_ema=93.96 best_raw=94.96@386 best_ema=94.36@380 lr=0.04716 time=7.1s
[ultrawidescaledtail10_e750_s42] ep 385/750 train_loss=0.8702 val_raw=94.74 val_ema=94.70 best_raw=94.78@345 best_ema=94.70@385 lr=0.04842 time=7.2s
[ultrawidescaledtail10_e750_s43] ep 388/750 train_loss=0.8663 val_raw=94.48 val_ema=94.70 best_raw=94.82@362 best_ema=95.12@372 lr=0.04779 time=7.3s
[ultrawidescaledtail10_e750_s44] ep 385/750 train_loss=0.9577 val_raw=94.38 val_ema=92.10 best_raw=94.76@368 best_ema=93.10@380 lr=0.04842 time=7.5s
[ultrawidescaledtail10_e750_s49] ep 386/750 train_loss=0.8853 val_raw=94.54 val_ema=94.38 best_raw=94.84@375 best_ema=95.00@385 lr=0.04821 time=7.2s
[ultrawidescaledtail10_e750_s47] ep 390/750 train_loss=0.8949 val_raw=94.40 val_ema=94.84 best_raw=94.90@366 best_ema=95.06@365 lr=0.04737 time=7.5s
[ultrawidescaledtail10_e750_s48] ep 397/750 train_loss=0.8793 val_raw=94.20 val_ema=95.48 best_raw=95.00@368 best_ema=95.62@391 lr=0.04589 time=7.1s
[ultrawidescaledtail10_e750_s46] ep 394/750 train_loss=0.9913 val_raw=94.12 val_ema=94.88 best_raw=94.78@383 best_ema=95.08@389 lr=0.04652 time=7.5s
[ultrawidescaledtail10_e750_s45] ep 392/750 train_loss=0.8558 val_raw=94.44 val_ema=93.92 best_raw=94.96@386 best_ema=94.36@380 lr=0.04694 time=7.6s
[ultrawidescaledtail10_e750_s42] ep 386/750 train_loss=0.9701 val_raw=94.52 val_ema=94.32 best_raw=94.78@345 best_ema=94.70@385 lr=0.04821 time=7.2s
[ultrawidescaledtail10_e750_s43] ep 389/750 train_loss=0.9874 val_raw=94.58 val_ema=93.28 best_raw=94.82@362 best_ema=95.12@372 lr=0.04758 time=7.2s
[ultrawidescaledtail10_e750_s44] ep 386/750 train_loss=0.9135 val_raw=94.60 val_ema=92.34 best_raw=94.76@368 best_ema=93.10@380 lr=0.04821 time=7.1s
[ultrawidescaledtail10_e750_s49] ep 387/750 train_loss=0.9323 val_raw=94.60 val_ema=94.12 best_raw=94.84@375 best_ema=95.00@385 lr=0.04800 time=7.2s
[ultrawidescaledtail10_e750_s47] ep 391/750 train_loss=0.9004 val_raw=94.22 val_ema=94.70 best_raw=94.90@366 best_ema=95.06@365 lr=0.04716 time=7.1s
[ultrawidescaledtail10_e750_s48] ep 398/750 train_loss=0.9374 val_raw=94.76 val_ema=95.24 best_raw=95.00@368 best_ema=95.62@391 lr=0.04568 time=7.3s
[ultrawidescaledtail10_e750_s46] ep 395/750 train_loss=0.9195 val_raw=94.26 val_ema=94.86 best_raw=94.78@383 best_ema=95.08@389 lr=0.04631 time=7.1s
[ultrawidescaledtail10_e750_s45] ep 393/750 train_loss=0.9619 val_raw=94.40 val_ema=93.42 best_raw=94.96@386 best_ema=94.36@380 lr=0.04673 time=7.1s
[ultrawidescaledtail10_e750_s42] ep 387/750 train_loss=0.9143 val_raw=94.90 val_ema=94.20 best_raw=94.90@387 best_ema=94.70@385 lr=0.04800 time=7.1s
[ultrawidescaledtail10_e750_s43] ep 390/750 train_loss=1.0027 val_raw=93.88 val_ema=94.08 best_raw=94.82@362 best_ema=95.12@372 lr=0.04737 time=7.3s
[ultrawidescaledtail10_e750_s44] ep 387/750 train_loss=0.9400 val_raw=94.52 val_ema=93.24 best_raw=94.76@368 best_ema=93.24@387 lr=0.04800 time=7.7s
[ultrawidescaledtail10_e750_s49] ep 388/750 train_loss=0.9119 val_raw=94.92 val_ema=94.76 best_raw=94.92@388 best_ema=95.00@385 lr=0.04779 time=7.3s
[ultrawidescaledtail10_e750_s47] ep 392/750 train_loss=0.9789 val_raw=94.24 val_ema=95.00 best_raw=94.90@366 best_ema=95.06@365 lr=0.04694 time=7.4s
[ultrawidescaledtail10_e750_s46] ep 396/750 train_loss=0.9545 val_raw=94.44 val_ema=94.88 best_raw=94.78@383 best_ema=95.08@389 lr=0.04610 time=7.1s
[ultrawidescaledtail10_e750_s48] ep 399/750 train_loss=0.9347 val_raw=94.30 val_ema=94.98 best_raw=95.00@368 best_ema=95.62@391 lr=0.04547 time=7.5s
[ultrawidescaledtail10_e750_s45] ep 394/750 train_loss=0.9287 val_raw=94.46 val_ema=94.88 best_raw=94.96@386 best_ema=94.88@394 lr=0.04652 time=7.1s
[ultrawidescaledtail10_e750_s42] ep 388/750 train_loss=0.9345 val_raw=94.44 val_ema=94.78 best_raw=94.90@387 best_ema=94.78@388 lr=0.04779 time=7.3s
[ultrawidescaledtail10_e750_s43] ep 391/750 train_loss=0.9581 val_raw=94.46 val_ema=94.98 best_raw=94.82@362 best_ema=95.12@372 lr=0.04716 time=7.1s
[ultrawidescaledtail10_e750_s44] ep 388/750 train_loss=0.9816 val_raw=94.28 val_ema=94.30 best_raw=94.76@368 best_ema=94.30@388 lr=0.04779 time=7.3s
[ultrawidescaledtail10_e750_s49] ep 389/750 train_loss=0.9821 val_raw=94.26 val_ema=94.48 best_raw=94.92@388 best_ema=95.00@385 lr=0.04758 time=7.6s
[ultrawidescaledtail10_e750_s48] ep 400/750 train_loss=0.8661 val_raw=94.36 val_ema=95.40 best_raw=95.00@368 best_ema=95.62@391 lr=0.04526 time=7.1s
[ultrawidescaledtail10_e750_s46] ep 397/750 train_loss=0.9104 val_raw=94.32 val_ema=94.96 best_raw=94.78@383 best_ema=95.08@389 lr=0.04589 time=7.2s
[ultrawidescaledtail10_e750_s47] ep 393/750 train_loss=0.9146 val_raw=94.42 val_ema=94.80 best_raw=94.90@366 best_ema=95.06@365 lr=0.04673 time=7.6s
[ultrawidescaledtail10_e750_s45] ep 395/750 train_loss=0.9124 val_raw=94.80 val_ema=94.48 best_raw=94.96@386 best_ema=94.88@394 lr=0.04631 time=7.3s
[ultrawidescaledtail10_e750_s42] ep 389/750 train_loss=0.8100 val_raw=94.52 val_ema=94.42 best_raw=94.90@387 best_ema=94.78@388 lr=0.04758 time=7.2s
[ultrawidescaledtail10_e750_s43] ep 392/750 train_loss=0.9218 val_raw=94.64 val_ema=93.92 best_raw=94.82@362 best_ema=95.12@372 lr=0.04694 time=7.7s
[ultrawidescaledtail10_e750_s49] ep 390/750 train_loss=0.9454 val_raw=94.44 val_ema=94.68 best_raw=94.92@388 best_ema=95.00@385 lr=0.04737 time=7.1s
[ultrawidescaledtail10_e750_s44] ep 389/750 train_loss=0.9877 val_raw=94.42 val_ema=92.66 best_raw=94.76@368 best_ema=94.30@388 lr=0.04758 time=7.6s
[ultrawidescaledtail10_e750_s46] ep 398/750 train_loss=0.8674 val_raw=94.30 val_ema=94.38 best_raw=94.78@383 best_ema=95.08@389 lr=0.04568 time=7.2s
[ultrawidescaledtail10_e750_s48] ep 401/750 train_loss=0.8658 val_raw=94.72 val_ema=95.32 best_raw=95.00@368 best_ema=95.62@391 lr=0.04505 time=7.5s
[ultrawidescaledtail10_e750_s47] ep 394/750 train_loss=0.9190 val_raw=94.36 val_ema=94.28 best_raw=94.90@366 best_ema=95.06@365 lr=0.04652 time=7.4s
[ultrawidescaledtail10_e750_s45] ep 396/750 train_loss=0.9262 val_raw=94.18 val_ema=94.92 best_raw=94.96@386 best_ema=94.92@396 lr=0.04610 time=7.2s
[ultrawidescaledtail10_e750_s42] ep 390/750 train_loss=0.9517 val_raw=94.38 val_ema=94.32 best_raw=94.90@387 best_ema=94.78@388 lr=0.04737 time=7.4s
[ultrawidescaledtail10_e750_s43] ep 393/750 train_loss=1.0371 val_raw=94.72 val_ema=95.00 best_raw=94.82@362 best_ema=95.12@372 lr=0.04673 time=7.7s
[ultrawidescaledtail10_e750_s49] ep 391/750 train_loss=0.9382 val_raw=94.54 val_ema=94.32 best_raw=94.92@388 best_ema=95.00@385 lr=0.04716 time=7.2s
[ultrawidescaledtail10_e750_s44] ep 390/750 train_loss=0.9279 val_raw=94.24 val_ema=92.92 best_raw=94.76@368 best_ema=94.30@388 lr=0.04737 time=7.4s
[ultrawidescaledtail10_e750_s46] ep 399/750 train_loss=0.9650 val_raw=94.54 val_ema=94.76 best_raw=94.78@383 best_ema=95.08@389 lr=0.04547 time=7.0s
[ultrawidescaledtail10_e750_s47] ep 395/750 train_loss=0.8914 val_raw=94.44 val_ema=94.64 best_raw=94.90@366 best_ema=95.06@365 lr=0.04631 time=7.0s
[ultrawidescaledtail10_e750_s48] ep 402/750 train_loss=0.8955 val_raw=94.10 val_ema=95.04 best_raw=95.00@368 best_ema=95.62@391 lr=0.04484 time=7.2s
[ultrawidescaledtail10_e750_s45] ep 397/750 train_loss=0.9026 val_raw=94.22 val_ema=94.64 best_raw=94.96@386 best_ema=94.92@396 lr=0.04589 time=7.4s
[ultrawidescaledtail10_e750_s42] ep 391/750 train_loss=0.9736 val_raw=95.04 val_ema=94.64 best_raw=95.04@391 best_ema=94.78@388 lr=0.04716 time=7.1s
[ultrawidescaledtail10_e750_s43] ep 394/750 train_loss=0.8747 val_raw=94.80 val_ema=94.72 best_raw=94.82@362 best_ema=95.12@372 lr=0.04652 time=7.5s
[ultrawidescaledtail10_e750_s49] ep 392/750 train_loss=0.9642 val_raw=94.78 val_ema=94.44 best_raw=94.92@388 best_ema=95.00@385 lr=0.04694 time=7.4s
[ultrawidescaledtail10_e750_s44] ep 391/750 train_loss=0.9451 val_raw=94.26 val_ema=93.70 best_raw=94.76@368 best_ema=94.30@388 lr=0.04716 time=7.5s
[ultrawidescaledtail10_e750_s46] ep 400/750 train_loss=0.9286 val_raw=94.38 val_ema=94.36 best_raw=94.78@383 best_ema=95.08@389 lr=0.04526 time=7.0s
[ultrawidescaledtail10_e750_s47] ep 396/750 train_loss=0.8799 val_raw=94.38 val_ema=94.92 best_raw=94.90@366 best_ema=95.06@365 lr=0.04610 time=7.2s
[ultrawidescaledtail10_e750_s48] ep 403/750 train_loss=0.9341 val_raw=94.46 val_ema=95.02 best_raw=95.00@368 best_ema=95.62@391 lr=0.04463 time=7.2s
[ultrawidescaledtail10_e750_s45] ep 398/750 train_loss=0.8973 val_raw=94.52 val_ema=94.58 best_raw=94.96@386 best_ema=94.92@396 lr=0.04568 time=7.5s
[ultrawidescaledtail10_e750_s42] ep 392/750 train_loss=0.9086 val_raw=94.64 val_ema=94.62 best_raw=95.04@391 best_ema=94.78@388 lr=0.04694 time=7.6s
[ultrawidescaledtail10_e750_s43] ep 395/750 train_loss=0.9049 val_raw=94.60 val_ema=95.32 best_raw=94.82@362 best_ema=95.32@395 lr=0.04631 time=7.2s
[ultrawidescaledtail10_e750_s44] ep 392/750 train_loss=0.9226 val_raw=94.42 val_ema=93.24 best_raw=94.76@368 best_ema=94.30@388 lr=0.04694 time=7.5s
[ultrawidescaledtail10_e750_s49] ep 393/750 train_loss=0.9379 val_raw=94.24 val_ema=94.20 best_raw=94.92@388 best_ema=95.00@385 lr=0.04673 time=7.9s
[ultrawidescaledtail10_e750_s46] ep 401/750 train_loss=0.8588 val_raw=94.20 val_ema=93.96 best_raw=94.78@383 best_ema=95.08@389 lr=0.04505 time=7.0s
[ultrawidescaledtail10_e750_s48] ep 404/750 train_loss=0.9307 val_raw=94.92 val_ema=95.16 best_raw=95.00@368 best_ema=95.62@391 lr=0.04442 time=7.0s
[ultrawidescaledtail10_e750_s47] ep 397/750 train_loss=0.8969 val_raw=94.66 val_ema=94.56 best_raw=94.90@366 best_ema=95.06@365 lr=0.04589 time=7.8s
[ultrawidescaledtail10_e750_s45] ep 399/750 train_loss=0.9529 val_raw=94.80 val_ema=94.56 best_raw=94.96@386 best_ema=94.92@396 lr=0.04547 time=7.1s
[ultrawidescaledtail10_e750_s42] ep 393/750 train_loss=0.8705 val_raw=94.34 val_ema=93.94 best_raw=95.04@391 best_ema=94.78@388 lr=0.04673 time=7.8s
[ultrawidescaledtail10_e750_s43] ep 396/750 train_loss=0.8830 val_raw=94.52 val_ema=95.06 best_raw=94.82@362 best_ema=95.32@395 lr=0.04610 time=7.4s
[ultrawidescaledtail10_e750_s44] ep 393/750 train_loss=0.8968 val_raw=94.54 val_ema=93.44 best_raw=94.76@368 best_ema=94.30@388 lr=0.04673 time=7.4s
[ultrawidescaledtail10_e750_s49] ep 394/750 train_loss=0.9461 val_raw=94.78 val_ema=94.88 best_raw=94.92@388 best_ema=95.00@385 lr=0.04652 time=7.5s
[ultrawidescaledtail10_e750_s46] ep 402/750 train_loss=0.9337 val_raw=94.64 val_ema=94.46 best_raw=94.78@383 best_ema=95.08@389 lr=0.04484 time=7.4s
[ultrawidescaledtail10_e750_s48] ep 405/750 train_loss=0.8594 val_raw=94.62 val_ema=94.30 best_raw=95.00@368 best_ema=95.62@391 lr=0.04421 time=7.0s
[ultrawidescaledtail10_e750_s47] ep 398/750 train_loss=0.8923 val_raw=94.66 val_ema=95.02 best_raw=94.90@366 best_ema=95.06@365 lr=0.04568 time=7.5s
[ultrawidescaledtail10_e750_s45] ep 400/750 train_loss=0.9690 val_raw=94.34 val_ema=93.96 best_raw=94.96@386 best_ema=94.92@396 lr=0.04526 time=7.1s
[ultrawidescaledtail10_e750_s42] ep 394/750 train_loss=0.9674 val_raw=94.16 val_ema=94.20 best_raw=95.04@391 best_ema=94.78@388 lr=0.04652 time=7.5s
[ultrawidescaledtail10_e750_s43] ep 397/750 train_loss=0.8532 val_raw=94.40 val_ema=95.24 best_raw=94.82@362 best_ema=95.32@395 lr=0.04589 time=7.1s
[ultrawidescaledtail10_e750_s46] ep 403/750 train_loss=0.9941 val_raw=94.70 val_ema=94.48 best_raw=94.78@383 best_ema=95.08@389 lr=0.04463 time=7.0s
[ultrawidescaledtail10_e750_s49] ep 395/750 train_loss=0.9626 val_raw=94.70 val_ema=94.92 best_raw=94.92@388 best_ema=95.00@385 lr=0.04631 time=7.4s
[ultrawidescaledtail10_e750_s44] ep 394/750 train_loss=0.9160 val_raw=94.32 val_ema=93.46 best_raw=94.76@368 best_ema=94.30@388 lr=0.04652 time=7.8s
[ultrawidescaledtail10_e750_s48] ep 406/750 train_loss=0.9102 val_raw=94.62 val_ema=95.30 best_raw=95.00@368 best_ema=95.62@391 lr=0.04401 time=7.3s
[ultrawidescaledtail10_e750_s47] ep 399/750 train_loss=0.8950 val_raw=93.92 val_ema=94.54 best_raw=94.90@366 best_ema=95.06@365 lr=0.04547 time=7.1s
[ultrawidescaledtail10_e750_s45] ep 401/750 train_loss=0.9527 val_raw=93.96 val_ema=94.24 best_raw=94.96@386 best_ema=94.92@396 lr=0.04505 time=7.8s
[ultrawidescaledtail10_e750_s42] ep 395/750 train_loss=0.9732 val_raw=94.26 val_ema=93.66 best_raw=95.04@391 best_ema=94.78@388 lr=0.04631 time=7.2s
[ultrawidescaledtail10_e750_s43] ep 398/750 train_loss=0.9238 val_raw=94.60 val_ema=94.92 best_raw=94.82@362 best_ema=95.32@395 lr=0.04568 time=7.5s
[ultrawidescaledtail10_e750_s46] ep 404/750 train_loss=0.8455 val_raw=94.58 val_ema=94.64 best_raw=94.78@383 best_ema=95.08@389 lr=0.04442 time=7.1s
[ultrawidescaledtail10_e750_s44] ep 395/750 train_loss=0.9201 val_raw=94.78 val_ema=93.44 best_raw=94.78@395 best_ema=94.30@388 lr=0.04631 time=7.3s
[ultrawidescaledtail10_e750_s49] ep 396/750 train_loss=0.9251 val_raw=94.40 val_ema=95.00 best_raw=94.92@388 best_ema=95.00@385 lr=0.04610 time=7.5s
[ultrawidescaledtail10_e750_s48] ep 407/750 train_loss=0.9139 val_raw=94.72 val_ema=94.32 best_raw=95.00@368 best_ema=95.62@391 lr=0.04380 time=7.2s
[ultrawidescaledtail10_e750_s47] ep 400/750 train_loss=0.9025 val_raw=94.64 val_ema=94.18 best_raw=94.90@366 best_ema=95.06@365 lr=0.04526 time=7.7s
[ultrawidescaledtail10_e750_s45] ep 402/750 train_loss=0.8923 val_raw=94.48 val_ema=94.90 best_raw=94.96@386 best_ema=94.92@396 lr=0.04484 time=7.7s
[ultrawidescaledtail10_e750_s42] ep 396/750 train_loss=0.9646 val_raw=94.62 val_ema=94.50 best_raw=95.04@391 best_ema=94.78@388 lr=0.04610 time=7.6s
[ultrawidescaledtail10_e750_s43] ep 399/750 train_loss=0.9659 val_raw=94.34 val_ema=95.02 best_raw=94.82@362 best_ema=95.32@395 lr=0.04547 time=7.2s
[ultrawidescaledtail10_e750_s46] ep 405/750 train_loss=0.9221 val_raw=94.52 val_ema=94.56 best_raw=94.78@383 best_ema=95.08@389 lr=0.04421 time=7.0s
[ultrawidescaledtail10_e750_s48] ep 408/750 train_loss=0.8941 val_raw=94.32 val_ema=95.18 best_raw=95.00@368 best_ema=95.62@391 lr=0.04359 time=7.2s
[ultrawidescaledtail10_e750_s44] ep 396/750 train_loss=0.9329 val_raw=94.86 val_ema=93.32 best_raw=94.86@396 best_ema=94.30@388 lr=0.04610 time=7.4s
[ultrawidescaledtail10_e750_s49] ep 397/750 train_loss=0.9736 val_raw=94.88 val_ema=94.98 best_raw=94.92@388 best_ema=95.00@385 lr=0.04589 time=7.4s
[ultrawidescaledtail10_e750_s47] ep 401/750 train_loss=0.9001 val_raw=94.32 val_ema=94.92 best_raw=94.90@366 best_ema=95.06@365 lr=0.04505 time=7.4s
[ultrawidescaledtail10_e750_s45] ep 403/750 train_loss=0.8672 val_raw=94.80 val_ema=93.88 best_raw=94.96@386 best_ema=94.92@396 lr=0.04463 time=7.7s
[ultrawidescaledtail10_e750_s42] ep 397/750 train_loss=0.9361 val_raw=94.96 val_ema=94.62 best_raw=95.04@391 best_ema=94.78@388 lr=0.04589 time=7.4s
[ultrawidescaledtail10_e750_s43] ep 400/750 train_loss=0.9025 val_raw=94.26 val_ema=94.20 best_raw=94.82@362 best_ema=95.32@395 lr=0.04526 time=7.4s
[ultrawidescaledtail10_e750_s46] ep 406/750 train_loss=0.9489 val_raw=94.26 val_ema=94.50 best_raw=94.78@383 best_ema=95.08@389 lr=0.04401 time=7.1s
[ultrawidescaledtail10_e750_s48] ep 409/750 train_loss=0.8674 val_raw=94.96 val_ema=95.10 best_raw=95.00@368 best_ema=95.62@391 lr=0.04338 time=7.1s
[ultrawidescaledtail10_e750_s44] ep 397/750 train_loss=0.9242 val_raw=94.64 val_ema=93.70 best_raw=94.86@396 best_ema=94.30@388 lr=0.04589 time=7.3s
[ultrawidescaledtail10_e750_s49] ep 398/750 train_loss=0.9224 val_raw=94.46 val_ema=94.58 best_raw=94.92@388 best_ema=95.00@385 lr=0.04568 time=7.3s
[ultrawidescaledtail10_e750_s47] ep 402/750 train_loss=0.9798 val_raw=93.78 val_ema=94.96 best_raw=94.90@366 best_ema=95.06@365 lr=0.04484 time=7.4s
[ultrawidescaledtail10_e750_s45] ep 404/750 train_loss=0.8958 val_raw=94.92 val_ema=94.24 best_raw=94.96@386 best_ema=94.92@396 lr=0.04442 time=7.1s
[ultrawidescaledtail10_e750_s42] ep 398/750 train_loss=0.9702 val_raw=95.08 val_ema=95.22 best_raw=95.08@398 best_ema=95.22@398 lr=0.04568 time=7.7s
[ultrawidescaledtail10_e750_s43] ep 401/750 train_loss=0.9530 val_raw=94.68 val_ema=95.00 best_raw=94.82@362 best_ema=95.32@395 lr=0.04505 time=7.4s
[ultrawidescaledtail10_e750_s46] ep 407/750 train_loss=0.9393 val_raw=94.34 val_ema=94.50 best_raw=94.78@383 best_ema=95.08@389 lr=0.04380 time=7.0s
[ultrawidescaledtail10_e750_s48] ep 410/750 train_loss=0.9157 val_raw=94.66 val_ema=95.52 best_raw=95.00@368 best_ema=95.62@391 lr=0.04317 time=7.3s
[ultrawidescaledtail10_e750_s44] ep 398/750 train_loss=0.8545 val_raw=94.40 val_ema=93.62 best_raw=94.86@396 best_ema=94.30@388 lr=0.04568 time=7.3s
[ultrawidescaledtail10_e750_s49] ep 399/750 train_loss=0.8630 val_raw=94.24 val_ema=95.36 best_raw=94.92@388 best_ema=95.36@399 lr=0.04547 time=7.5s
[ultrawidescaledtail10_e750_s47] ep 403/750 train_loss=0.8866 val_raw=94.68 val_ema=95.44 best_raw=94.90@366 best_ema=95.44@403 lr=0.04463 time=7.8s
[ultrawidescaledtail10_e750_s45] ep 405/750 train_loss=0.8139 val_raw=94.48 val_ema=94.12 best_raw=94.96@386 best_ema=94.92@396 lr=0.04421 time=7.6s
[ultrawidescaledtail10_e750_s42] ep 399/750 train_loss=0.8917 val_raw=94.82 val_ema=94.82 best_raw=95.08@398 best_ema=95.22@398 lr=0.04547 time=7.4s
[ultrawidescaledtail10_e750_s43] ep 402/750 train_loss=0.9350 val_raw=94.40 val_ema=94.80 best_raw=94.82@362 best_ema=95.32@395 lr=0.04484 time=7.4s
[ultrawidescaledtail10_e750_s46] ep 408/750 train_loss=0.8967 val_raw=94.54 val_ema=95.04 best_raw=94.78@383 best_ema=95.08@389 lr=0.04359 time=7.2s
[ultrawidescaledtail10_e750_s48] ep 411/750 train_loss=0.9054 val_raw=94.66 val_ema=95.28 best_raw=95.00@368 best_ema=95.62@391 lr=0.04296 time=7.4s
[ultrawidescaledtail10_e750_s49] ep 400/750 train_loss=0.8667 val_raw=94.32 val_ema=95.16 best_raw=94.92@388 best_ema=95.36@399 lr=0.04526 time=7.4s
[ultrawidescaledtail10_e750_s44] ep 399/750 train_loss=0.8767 val_raw=94.28 val_ema=93.70 best_raw=94.86@396 best_ema=94.30@388 lr=0.04547 time=7.9s
[ultrawidescaledtail10_e750_s47] ep 404/750 train_loss=0.8612 val_raw=94.70 val_ema=94.72 best_raw=94.90@366 best_ema=95.44@403 lr=0.04442 time=7.4s
[ultrawidescaledtail10_e750_s45] ep 406/750 train_loss=0.8974 val_raw=94.38 val_ema=94.36 best_raw=94.96@386 best_ema=94.92@396 lr=0.04401 time=7.4s
[ultrawidescaledtail10_e750_s42] ep 400/750 train_loss=0.9221 val_raw=94.68 val_ema=94.38 best_raw=95.08@398 best_ema=95.22@398 lr=0.04526 time=7.2s
[ultrawidescaledtail10_e750_s43] ep 403/750 train_loss=0.9785 val_raw=94.68 val_ema=94.72 best_raw=94.82@362 best_ema=95.32@395 lr=0.04463 time=7.2s
[ultrawidescaledtail10_e750_s46] ep 409/750 train_loss=0.8489 val_raw=94.44 val_ema=94.90 best_raw=94.78@383 best_ema=95.08@389 lr=0.04338 time=7.5s
[ultrawidescaledtail10_e750_s48] ep 412/750 train_loss=0.9540 val_raw=94.18 val_ema=95.32 best_raw=95.00@368 best_ema=95.62@391 lr=0.04275 time=7.4s
[ultrawidescaledtail10_e750_s49] ep 401/750 train_loss=0.8772 val_raw=94.60 val_ema=94.58 best_raw=94.92@388 best_ema=95.36@399 lr=0.04505 time=7.7s
[ultrawidescaledtail10_e750_s44] ep 400/750 train_loss=0.9213 val_raw=94.34 val_ema=93.70 best_raw=94.86@396 best_ema=94.30@388 lr=0.04526 time=7.7s
[ultrawidescaledtail10_e750_s47] ep 405/750 train_loss=0.8903 val_raw=94.56 val_ema=95.38 best_raw=94.90@366 best_ema=95.44@403 lr=0.04421 time=7.4s
[ultrawidescaledtail10_e750_s45] ep 407/750 train_loss=0.9522 val_raw=94.08 val_ema=94.02 best_raw=94.96@386 best_ema=94.92@396 lr=0.04380 time=7.6s
[ultrawidescaledtail10_e750_s42] ep 401/750 train_loss=0.9026 val_raw=94.24 val_ema=95.02 best_raw=95.08@398 best_ema=95.22@398 lr=0.04505 time=7.6s
[ultrawidescaledtail10_e750_s43] ep 404/750 train_loss=0.8842 val_raw=95.06 val_ema=95.52 best_raw=95.06@404 best_ema=95.52@404 lr=0.04442 time=7.5s
[ultrawidescaledtail10_e750_s46] ep 410/750 train_loss=0.8838 val_raw=94.34 val_ema=95.26 best_raw=94.78@383 best_ema=95.26@410 lr=0.04317 time=7.3s
[ultrawidescaledtail10_e750_s48] ep 413/750 train_loss=0.9451 val_raw=94.22 val_ema=95.46 best_raw=95.00@368 best_ema=95.62@391 lr=0.04254 time=7.1s
[ultrawidescaledtail10_e750_s49] ep 402/750 train_loss=0.8847 val_raw=94.82 val_ema=94.66 best_raw=94.92@388 best_ema=95.36@399 lr=0.04484 time=7.3s
[ultrawidescaledtail10_e750_s44] ep 401/750 train_loss=0.8618 val_raw=94.66 val_ema=93.94 best_raw=94.86@396 best_ema=94.30@388 lr=0.04505 time=7.7s
[ultrawidescaledtail10_e750_s47] ep 406/750 train_loss=0.9157 val_raw=94.52 val_ema=94.94 best_raw=94.90@366 best_ema=95.44@403 lr=0.04401 time=7.9s
[ultrawidescaledtail10_e750_s45] ep 408/750 train_loss=0.8979 val_raw=94.98 val_ema=94.58 best_raw=94.98@408 best_ema=94.92@396 lr=0.04359 time=7.2s
[ultrawidescaledtail10_e750_s42] ep 402/750 train_loss=0.8990 val_raw=94.46 val_ema=94.88 best_raw=95.08@398 best_ema=95.22@398 lr=0.04484 time=7.6s
[ultrawidescaledtail10_e750_s43] ep 405/750 train_loss=0.9233 val_raw=94.08 val_ema=94.80 best_raw=95.06@404 best_ema=95.52@404 lr=0.04421 time=7.1s
[ultrawidescaledtail10_e750_s46] ep 411/750 train_loss=0.8330 val_raw=94.50 val_ema=95.02 best_raw=94.78@383 best_ema=95.26@410 lr=0.04296 time=7.0s
[ultrawidescaledtail10_e750_s48] ep 414/750 train_loss=0.8794 val_raw=94.66 val_ema=95.02 best_raw=95.00@368 best_ema=95.62@391 lr=0.04233 time=7.2s
[ultrawidescaledtail10_e750_s49] ep 403/750 train_loss=0.9626 val_raw=94.58 val_ema=94.76 best_raw=94.92@388 best_ema=95.36@399 lr=0.04463 time=7.6s
[ultrawidescaledtail10_e750_s44] ep 402/750 train_loss=0.8894 val_raw=94.68 val_ema=93.66 best_raw=94.86@396 best_ema=94.30@388 lr=0.04484 time=8.0s
[ultrawidescaledtail10_e750_s45] ep 409/750 train_loss=0.9184 val_raw=94.68 val_ema=94.30 best_raw=94.98@408 best_ema=94.92@396 lr=0.04338 time=7.1s
[ultrawidescaledtail10_e750_s47] ep 407/750 train_loss=0.9089 val_raw=94.70 val_ema=95.00 best_raw=94.90@366 best_ema=95.44@403 lr=0.04380 time=7.6s
[ultrawidescaledtail10_e750_s42] ep 403/750 train_loss=0.9210 val_raw=94.80 val_ema=94.60 best_raw=95.08@398 best_ema=95.22@398 lr=0.04463 time=7.7s
[ultrawidescaledtail10_e750_s43] ep 406/750 train_loss=0.8817 val_raw=94.04 val_ema=94.84 best_raw=95.06@404 best_ema=95.52@404 lr=0.04401 time=7.5s
[ultrawidescaledtail10_e750_s46] ep 412/750 train_loss=0.8836 val_raw=94.84 val_ema=95.00 best_raw=94.84@412 best_ema=95.26@410 lr=0.04275 time=7.6s
[ultrawidescaledtail10_e750_s48] ep 415/750 train_loss=0.9404 val_raw=94.62 val_ema=95.14 best_raw=95.00@368 best_ema=95.62@391 lr=0.04213 time=7.2s
[ultrawidescaledtail10_e750_s49] ep 404/750 train_loss=0.9817 val_raw=94.02 val_ema=94.76 best_raw=94.92@388 best_ema=95.36@399 lr=0.04442 time=7.8s
[ultrawidescaledtail10_e750_s44] ep 403/750 train_loss=0.9464 val_raw=94.38 val_ema=94.28 best_raw=94.86@396 best_ema=94.30@388 lr=0.04463 time=7.2s
[ultrawidescaledtail10_e750_s45] ep 410/750 train_loss=0.9033 val_raw=95.00 val_ema=94.40 best_raw=95.00@410 best_ema=94.92@396 lr=0.04317 time=7.3s
[ultrawidescaledtail10_e750_s47] ep 408/750 train_loss=0.9168 val_raw=94.36 val_ema=95.20 best_raw=94.90@366 best_ema=95.44@403 lr=0.04359 time=7.8s
[ultrawidescaledtail10_e750_s42] ep 404/750 train_loss=0.8732 val_raw=94.66 val_ema=95.02 best_raw=95.08@398 best_ema=95.22@398 lr=0.04442 time=7.2s
[ultrawidescaledtail10_e750_s43] ep 407/750 train_loss=0.9369 val_raw=94.16 val_ema=95.12 best_raw=95.06@404 best_ema=95.52@404 lr=0.04380 time=7.5s
[ultrawidescaledtail10_e750_s46] ep 413/750 train_loss=0.9232 val_raw=94.80 val_ema=94.92 best_raw=94.84@412 best_ema=95.26@410 lr=0.04254 time=7.4s
[ultrawidescaledtail10_e750_s48] ep 416/750 train_loss=0.9089 val_raw=94.70 val_ema=95.72 best_raw=95.00@368 best_ema=95.72@416 lr=0.04192 time=7.3s
[ultrawidescaledtail10_e750_s44] ep 404/750 train_loss=0.8493 val_raw=94.70 val_ema=93.70 best_raw=94.86@396 best_ema=94.30@388 lr=0.04442 time=7.4s
[ultrawidescaledtail10_e750_s49] ep 405/750 train_loss=0.9888 val_raw=94.18 val_ema=95.00 best_raw=94.92@388 best_ema=95.36@399 lr=0.04421 time=7.8s
[ultrawidescaledtail10_e750_s45] ep 411/750 train_loss=0.9931 val_raw=94.42 val_ema=93.70 best_raw=95.00@410 best_ema=94.92@396 lr=0.04296 time=7.6s
[ultrawidescaledtail10_e750_s47] ep 409/750 train_loss=0.9018 val_raw=94.56 val_ema=95.04 best_raw=94.90@366 best_ema=95.44@403 lr=0.04338 time=7.2s
[ultrawidescaledtail10_e750_s42] ep 405/750 train_loss=0.8645 val_raw=94.82 val_ema=95.28 best_raw=95.08@398 best_ema=95.28@405 lr=0.04421 time=8.1s
[ultrawidescaledtail10_e750_s43] ep 408/750 train_loss=0.9067 val_raw=94.92 val_ema=95.42 best_raw=95.06@404 best_ema=95.52@404 lr=0.04359 time=8.0s
[ultrawidescaledtail10_e750_s46] ep 414/750 train_loss=0.9101 val_raw=94.48 val_ema=95.28 best_raw=94.84@412 best_ema=95.28@414 lr=0.04233 time=7.0s
[ultrawidescaledtail10_e750_s48] ep 417/750 train_loss=0.8909 val_raw=94.36 val_ema=95.86 best_raw=95.00@368 best_ema=95.86@417 lr=0.04171 time=7.5s
[ultrawidescaledtail10_e750_s49] ep 406/750 train_loss=0.9113 val_raw=94.02 val_ema=94.72 best_raw=94.92@388 best_ema=95.36@399 lr=0.04401 time=7.2s
[ultrawidescaledtail10_e750_s44] ep 405/750 train_loss=0.8586 val_raw=94.80 val_ema=94.12 best_raw=94.86@396 best_ema=94.30@388 lr=0.04421 time=7.5s
[ultrawidescaledtail10_e750_s45] ep 412/750 train_loss=0.8688 val_raw=94.22 val_ema=94.42 best_raw=95.00@410 best_ema=94.92@396 lr=0.04275 time=7.7s
[ultrawidescaledtail10_e750_s47] ep 410/750 train_loss=0.8510 val_raw=94.66 val_ema=94.96 best_raw=94.90@366 best_ema=95.44@403 lr=0.04317 time=7.4s
[ultrawidescaledtail10_e750_s43] ep 409/750 train_loss=0.9224 val_raw=94.38 val_ema=94.92 best_raw=95.06@404 best_ema=95.52@404 lr=0.04338 time=7.1s
[ultrawidescaledtail10_e750_s46] ep 415/750 train_loss=0.9535 val_raw=94.30 val_ema=95.12 best_raw=94.84@412 best_ema=95.28@414 lr=0.04213 time=7.0s
[ultrawidescaledtail10_e750_s42] ep 406/750 train_loss=0.8731 val_raw=94.68 val_ema=95.14 best_raw=95.08@398 best_ema=95.28@405 lr=0.04401 time=7.7s
[ultrawidescaledtail10_e750_s48] ep 418/750 train_loss=0.8756 val_raw=94.14 val_ema=95.68 best_raw=95.00@368 best_ema=95.86@417 lr=0.04150 time=7.8s
[ultrawidescaledtail10_e750_s49] ep 407/750 train_loss=0.8735 val_raw=94.36 val_ema=94.76 best_raw=94.92@388 best_ema=95.36@399 lr=0.04380 time=7.4s
[ultrawidescaledtail10_e750_s44] ep 406/750 train_loss=0.9270 val_raw=94.82 val_ema=94.02 best_raw=94.86@396 best_ema=94.30@388 lr=0.04401 time=7.7s
[ultrawidescaledtail10_e750_s45] ep 413/750 train_loss=0.9250 val_raw=94.86 val_ema=94.54 best_raw=95.00@410 best_ema=94.92@396 lr=0.04254 time=7.1s
[ultrawidescaledtail10_e750_s47] ep 411/750 train_loss=0.8814 val_raw=94.38 val_ema=95.32 best_raw=94.90@366 best_ema=95.44@403 lr=0.04296 time=7.5s
[ultrawidescaledtail10_e750_s43] ep 410/750 train_loss=0.9202 val_raw=94.86 val_ema=95.22 best_raw=95.06@404 best_ema=95.52@404 lr=0.04317 time=7.1s
[ultrawidescaledtail10_e750_s46] ep 416/750 train_loss=0.8466 val_raw=94.48 val_ema=94.98 best_raw=94.84@412 best_ema=95.28@414 lr=0.04192 time=7.5s
[ultrawidescaledtail10_e750_s42] ep 407/750 train_loss=0.8397 val_raw=94.86 val_ema=95.04 best_raw=95.08@398 best_ema=95.28@405 lr=0.04380 time=7.6s
[ultrawidescaledtail10_e750_s48] ep 419/750 train_loss=0.9154 val_raw=94.26 val_ema=95.06 best_raw=95.00@368 best_ema=95.86@417 lr=0.04129 time=7.4s
[ultrawidescaledtail10_e750_s49] ep 408/750 train_loss=0.9263 val_raw=94.68 val_ema=94.96 best_raw=94.92@388 best_ema=95.36@399 lr=0.04359 time=7.1s
[ultrawidescaledtail10_e750_s44] ep 407/750 train_loss=0.9038 val_raw=94.70 val_ema=94.52 best_raw=94.86@396 best_ema=94.52@407 lr=0.04380 time=8.0s
[ultrawidescaledtail10_e750_s45] ep 414/750 train_loss=0.9007 val_raw=94.44 val_ema=94.68 best_raw=95.00@410 best_ema=94.92@396 lr=0.04233 time=7.4s
[ultrawidescaledtail10_e750_s47] ep 412/750 train_loss=0.8692 val_raw=94.10 val_ema=95.20 best_raw=94.90@366 best_ema=95.44@403 lr=0.04275 time=7.5s
[ultrawidescaledtail10_e750_s43] ep 411/750 train_loss=0.8520 val_raw=95.04 val_ema=95.22 best_raw=95.06@404 best_ema=95.52@404 lr=0.04296 time=7.6s
[ultrawidescaledtail10_e750_s46] ep 417/750 train_loss=0.8872 val_raw=94.80 val_ema=95.22 best_raw=94.84@412 best_ema=95.28@414 lr=0.04171 time=7.2s
[ultrawidescaledtail10_e750_s42] ep 408/750 train_loss=0.8429 val_raw=94.62 val_ema=95.38 best_raw=95.08@398 best_ema=95.38@408 lr=0.04359 time=7.3s
[ultrawidescaledtail10_e750_s48] ep 420/750 train_loss=0.9372 val_raw=94.34 val_ema=95.66 best_raw=95.00@368 best_ema=95.86@417 lr=0.04109 time=7.1s
[ultrawidescaledtail10_e750_s49] ep 409/750 train_loss=0.8413 val_raw=94.88 val_ema=94.64 best_raw=94.92@388 best_ema=95.36@399 lr=0.04338 time=7.4s
[ultrawidescaledtail10_e750_s45] ep 415/750 train_loss=0.9242 val_raw=94.68 val_ema=93.52 best_raw=95.00@410 best_ema=94.92@396 lr=0.04213 time=7.2s
[ultrawidescaledtail10_e750_s44] ep 408/750 train_loss=0.9227 val_raw=94.34 val_ema=94.66 best_raw=94.86@396 best_ema=94.66@408 lr=0.04359 time=7.7s
[ultrawidescaledtail10_e750_s47] ep 413/750 train_loss=0.8646 val_raw=94.52 val_ema=95.04 best_raw=94.90@366 best_ema=95.44@403 lr=0.04254 time=7.4s
[ultrawidescaledtail10_e750_s43] ep 412/750 train_loss=0.8932 val_raw=94.96 val_ema=95.26 best_raw=95.06@404 best_ema=95.52@404 lr=0.04275 time=7.7s
[ultrawidescaledtail10_e750_s46] ep 418/750 train_loss=0.8951 val_raw=94.70 val_ema=95.52 best_raw=94.84@412 best_ema=95.52@418 lr=0.04150 time=7.6s
[ultrawidescaledtail10_e750_s42] ep 409/750 train_loss=0.9192 val_raw=93.92 val_ema=94.76 best_raw=95.08@398 best_ema=95.38@408 lr=0.04338 time=7.6s
[ultrawidescaledtail10_e750_s48] ep 421/750 train_loss=0.8841 val_raw=94.50 val_ema=95.26 best_raw=95.00@368 best_ema=95.86@417 lr=0.04088 time=7.2s
[ultrawidescaledtail10_e750_s49] ep 410/750 train_loss=0.8471 val_raw=94.50 val_ema=94.68 best_raw=94.92@388 best_ema=95.36@399 lr=0.04317 time=7.5s
[ultrawidescaledtail10_e750_s45] ep 416/750 train_loss=0.9384 val_raw=94.54 val_ema=94.12 best_raw=95.00@410 best_ema=94.92@396 lr=0.04192 time=7.2s
[ultrawidescaledtail10_e750_s44] ep 409/750 train_loss=0.8747 val_raw=94.74 val_ema=94.18 best_raw=94.86@396 best_ema=94.66@408 lr=0.04338 time=7.8s
[ultrawidescaledtail10_e750_s47] ep 414/750 train_loss=0.8125 val_raw=94.04 val_ema=94.92 best_raw=94.90@366 best_ema=95.44@403 lr=0.04233 time=7.5s
[ultrawidescaledtail10_e750_s43] ep 413/750 train_loss=0.9233 val_raw=94.50 val_ema=95.16 best_raw=95.06@404 best_ema=95.52@404 lr=0.04254 time=7.6s
[ultrawidescaledtail10_e750_s46] ep 419/750 train_loss=0.9200 val_raw=94.18 val_ema=94.38 best_raw=94.84@412 best_ema=95.52@418 lr=0.04129 time=7.3s
[ultrawidescaledtail10_e750_s42] ep 410/750 train_loss=0.9628 val_raw=94.42 val_ema=94.48 best_raw=95.08@398 best_ema=95.38@408 lr=0.04317 time=7.2s
[ultrawidescaledtail10_e750_s48] ep 422/750 train_loss=0.9705 val_raw=94.88 val_ema=95.38 best_raw=95.00@368 best_ema=95.86@417 lr=0.04067 time=7.3s
[ultrawidescaledtail10_e750_s49] ep 411/750 train_loss=0.8848 val_raw=94.50 val_ema=95.06 best_raw=94.92@388 best_ema=95.36@399 lr=0.04296 time=7.8s
[ultrawidescaledtail10_e750_s45] ep 417/750 train_loss=0.8834 val_raw=94.16 val_ema=94.24 best_raw=95.00@410 best_ema=94.92@396 lr=0.04171 time=7.5s
[ultrawidescaledtail10_e750_s44] ep 410/750 train_loss=0.9087 val_raw=94.88 val_ema=94.18 best_raw=94.88@410 best_ema=94.66@408 lr=0.04317 time=7.3s
[ultrawidescaledtail10_e750_s47] ep 415/750 train_loss=0.8647 val_raw=94.96 val_ema=95.06 best_raw=94.96@415 best_ema=95.44@403 lr=0.04213 time=7.6s
[ultrawidescaledtail10_e750_s43] ep 414/750 train_loss=0.9320 val_raw=94.68 val_ema=95.00 best_raw=95.06@404 best_ema=95.52@404 lr=0.04233 time=7.2s
[ultrawidescaledtail10_e750_s46] ep 420/750 train_loss=0.8748 val_raw=94.74 val_ema=95.18 best_raw=94.84@412 best_ema=95.52@418 lr=0.04109 time=7.3s
[ultrawidescaledtail10_e750_s42] ep 411/750 train_loss=0.9856 val_raw=94.62 val_ema=94.20 best_raw=95.08@398 best_ema=95.38@408 lr=0.04296 time=7.4s
[ultrawidescaledtail10_e750_s48] ep 423/750 train_loss=0.9211 val_raw=94.62 val_ema=95.22 best_raw=95.00@368 best_ema=95.86@417 lr=0.04047 time=7.2s
[ultrawidescaledtail10_e750_s49] ep 412/750 train_loss=0.8585 val_raw=94.82 val_ema=94.84 best_raw=94.92@388 best_ema=95.36@399 lr=0.04275 time=7.7s
[ultrawidescaledtail10_e750_s45] ep 418/750 train_loss=0.9162 val_raw=95.00 val_ema=94.30 best_raw=95.00@410 best_ema=94.92@396 lr=0.04150 time=7.3s
[ultrawidescaledtail10_e750_s44] ep 411/750 train_loss=0.8994 val_raw=94.70 val_ema=94.72 best_raw=94.88@410 best_ema=94.72@411 lr=0.04296 time=7.4s
[ultrawidescaledtail10_e750_s47] ep 416/750 train_loss=0.9187 val_raw=94.80 val_ema=95.28 best_raw=94.96@415 best_ema=95.44@403 lr=0.04192 time=7.4s
[ultrawidescaledtail10_e750_s46] ep 421/750 train_loss=0.8614 val_raw=94.28 val_ema=94.96 best_raw=94.84@412 best_ema=95.52@418 lr=0.04088 time=7.0s
[ultrawidescaledtail10_e750_s43] ep 415/750 train_loss=0.9343 val_raw=94.62 val_ema=95.46 best_raw=95.06@404 best_ema=95.52@404 lr=0.04213 time=7.7s
[ultrawidescaledtail10_e750_s42] ep 412/750 train_loss=0.9121 val_raw=94.56 val_ema=94.96 best_raw=95.08@398 best_ema=95.38@408 lr=0.04275 time=7.5s
[ultrawidescaledtail10_e750_s48] ep 424/750 train_loss=0.9325 val_raw=94.46 val_ema=95.58 best_raw=95.00@368 best_ema=95.86@417 lr=0.04026 time=7.2s
[ultrawidescaledtail10_e750_s49] ep 413/750 train_loss=0.8955 val_raw=94.46 val_ema=94.42 best_raw=94.92@388 best_ema=95.36@399 lr=0.04254 time=7.1s
[ultrawidescaledtail10_e750_s45] ep 419/750 train_loss=0.8893 val_raw=94.76 val_ema=94.34 best_raw=95.00@410 best_ema=94.92@396 lr=0.04129 time=7.1s
[ultrawidescaledtail10_e750_s44] ep 412/750 train_loss=0.8877 val_raw=94.22 val_ema=94.40 best_raw=94.88@410 best_ema=94.72@411 lr=0.04275 time=7.6s
[ultrawidescaledtail10_e750_s47] ep 417/750 train_loss=0.8962 val_raw=94.48 val_ema=94.96 best_raw=94.96@415 best_ema=95.44@403 lr=0.04171 time=7.7s
[ultrawidescaledtail10_e750_s46] ep 422/750 train_loss=0.8839 val_raw=94.40 val_ema=95.18 best_raw=94.84@412 best_ema=95.52@418 lr=0.04067 time=7.5s
[ultrawidescaledtail10_e750_s43] ep 416/750 train_loss=0.9503 val_raw=94.88 val_ema=95.12 best_raw=95.06@404 best_ema=95.52@404 lr=0.04192 time=7.6s
[ultrawidescaledtail10_e750_s42] ep 413/750 train_loss=0.9030 val_raw=94.46 val_ema=94.88 best_raw=95.08@398 best_ema=95.38@408 lr=0.04254 time=7.2s
[ultrawidescaledtail10_e750_s48] ep 425/750 train_loss=0.8562 val_raw=94.18 val_ema=95.82 best_raw=95.00@368 best_ema=95.86@417 lr=0.04005 time=7.3s
[ultrawidescaledtail10_e750_s49] ep 414/750 train_loss=0.8831 val_raw=94.52 val_ema=94.16 best_raw=94.92@388 best_ema=95.36@399 lr=0.04233 time=7.8s
[ultrawidescaledtail10_e750_s45] ep 420/750 train_loss=0.9148 val_raw=94.06 val_ema=94.98 best_raw=95.00@410 best_ema=94.98@420 lr=0.04109 time=7.3s
[ultrawidescaledtail10_e750_s44] ep 413/750 train_loss=0.9785 val_raw=94.26 val_ema=94.50 best_raw=94.88@410 best_ema=94.72@411 lr=0.04254 time=7.6s
[ultrawidescaledtail10_e750_s46] ep 423/750 train_loss=0.8591 val_raw=94.84 val_ema=94.98 best_raw=94.84@412 best_ema=95.52@418 lr=0.04047 time=7.2s
[ultrawidescaledtail10_e750_s47] ep 418/750 train_loss=0.8456 val_raw=94.42 val_ema=95.26 best_raw=94.96@415 best_ema=95.44@403 lr=0.04150 time=7.9s
[ultrawidescaledtail10_e750_s43] ep 417/750 train_loss=0.9170 val_raw=94.70 val_ema=95.40 best_raw=95.06@404 best_ema=95.52@404 lr=0.04171 time=7.3s
[ultrawidescaledtail10_e750_s42] ep 414/750 train_loss=0.8526 val_raw=94.40 val_ema=95.12 best_raw=95.08@398 best_ema=95.38@408 lr=0.04233 time=7.7s
[ultrawidescaledtail10_e750_s48] ep 426/750 train_loss=0.9864 val_raw=94.66 val_ema=95.48 best_raw=95.00@368 best_ema=95.86@417 lr=0.03985 time=7.3s
[ultrawidescaledtail10_e750_s45] ep 421/750 train_loss=0.8226 val_raw=94.46 val_ema=94.76 best_raw=95.00@410 best_ema=94.98@420 lr=0.04088 time=7.2s
[ultrawidescaledtail10_e750_s49] ep 415/750 train_loss=0.9204 val_raw=94.66 val_ema=95.40 best_raw=94.92@388 best_ema=95.40@415 lr=0.04213 time=7.9s
[ultrawidescaledtail10_e750_s44] ep 414/750 train_loss=0.9407 val_raw=94.54 val_ema=94.28 best_raw=94.88@410 best_ema=94.72@411 lr=0.04233 time=7.5s
[ultrawidescaledtail10_e750_s46] ep 424/750 train_loss=0.9940 val_raw=94.74 val_ema=95.14 best_raw=94.84@412 best_ema=95.52@418 lr=0.04026 time=7.0s
[ultrawidescaledtail10_e750_s43] ep 418/750 train_loss=0.8990 val_raw=94.76 val_ema=95.54 best_raw=95.06@404 best_ema=95.54@418 lr=0.04150 time=7.2s
[ultrawidescaledtail10_e750_s47] ep 419/750 train_loss=0.8830 val_raw=94.42 val_ema=94.58 best_raw=94.96@415 best_ema=95.44@403 lr=0.04129 time=7.7s
[ultrawidescaledtail10_e750_s48] ep 427/750 train_loss=0.9364 val_raw=94.50 val_ema=95.78 best_raw=95.00@368 best_ema=95.86@417 lr=0.03964 time=7.2s
[ultrawidescaledtail10_e750_s42] ep 415/750 train_loss=0.8905 val_raw=94.56 val_ema=94.52 best_raw=95.08@398 best_ema=95.38@408 lr=0.04213 time=7.5s
[ultrawidescaledtail10_e750_s45] ep 422/750 train_loss=0.8660 val_raw=94.74 val_ema=94.56 best_raw=95.00@410 best_ema=94.98@420 lr=0.04067 time=7.0s
[ultrawidescaledtail10_e750_s49] ep 416/750 train_loss=0.8712 val_raw=94.92 val_ema=95.46 best_raw=94.92@388 best_ema=95.46@416 lr=0.04192 time=7.4s
[ultrawidescaledtail10_e750_s44] ep 415/750 train_loss=0.9110 val_raw=94.96 val_ema=94.78 best_raw=94.96@415 best_ema=94.78@415 lr=0.04213 time=7.9s
[ultrawidescaledtail10_e750_s46] ep 425/750 train_loss=0.9275 val_raw=94.34 val_ema=95.32 best_raw=94.84@412 best_ema=95.52@418 lr=0.04005 time=7.8s
[ultrawidescaledtail10_e750_s47] ep 420/750 train_loss=0.8600 val_raw=94.46 val_ema=95.26 best_raw=94.96@415 best_ema=95.44@403 lr=0.04109 time=7.0s
[ultrawidescaledtail10_e750_s48] ep 428/750 train_loss=0.8342 val_raw=94.66 val_ema=95.48 best_raw=95.00@368 best_ema=95.86@417 lr=0.03943 time=7.2s
[ultrawidescaledtail10_e750_s43] ep 419/750 train_loss=0.9433 val_raw=94.78 val_ema=95.46 best_raw=95.06@404 best_ema=95.54@418 lr=0.04129 time=7.9s
[ultrawidescaledtail10_e750_s42] ep 416/750 train_loss=0.9262 val_raw=94.66 val_ema=94.36 best_raw=95.08@398 best_ema=95.38@408 lr=0.04192 time=7.9s
[ultrawidescaledtail10_e750_s45] ep 423/750 train_loss=0.8844 val_raw=94.98 val_ema=93.88 best_raw=95.00@410 best_ema=94.98@420 lr=0.04047 time=7.7s
[ultrawidescaledtail10_e750_s49] ep 417/750 train_loss=0.8222 val_raw=94.34 val_ema=94.58 best_raw=94.92@388 best_ema=95.46@416 lr=0.04171 time=7.6s
[ultrawidescaledtail10_e750_s46] ep 426/750 train_loss=0.9273 val_raw=94.74 val_ema=95.44 best_raw=94.84@412 best_ema=95.52@418 lr=0.03985 time=7.2s
[ultrawidescaledtail10_e750_s44] ep 416/750 train_loss=0.8725 val_raw=94.74 val_ema=94.24 best_raw=94.96@415 best_ema=94.78@415 lr=0.04192 time=7.8s
[ultrawidescaledtail10_e750_s47] ep 421/750 train_loss=0.9582 val_raw=94.66 val_ema=95.32 best_raw=94.96@415 best_ema=95.44@403 lr=0.04088 time=7.6s
[ultrawidescaledtail10_e750_s48] ep 429/750 train_loss=0.8613 val_raw=94.66 val_ema=95.68 best_raw=95.00@368 best_ema=95.86@417 lr=0.03923 time=7.3s
[ultrawidescaledtail10_e750_s43] ep 420/750 train_loss=0.8204 val_raw=94.62 val_ema=95.46 best_raw=95.06@404 best_ema=95.54@418 lr=0.04109 time=7.7s
[ultrawidescaledtail10_e750_s42] ep 417/750 train_loss=0.9494 val_raw=94.98 val_ema=94.90 best_raw=95.08@398 best_ema=95.38@408 lr=0.04171 time=7.4s
[ultrawidescaledtail10_e750_s45] ep 424/750 train_loss=0.9863 val_raw=94.64 val_ema=94.74 best_raw=95.00@410 best_ema=94.98@420 lr=0.04026 time=7.5s
[ultrawidescaledtail10_e750_s49] ep 418/750 train_loss=0.8693 val_raw=94.68 val_ema=95.66 best_raw=94.92@388 best_ema=95.66@418 lr=0.04150 time=7.9s
[ultrawidescaledtail10_e750_s46] ep 427/750 train_loss=0.9502 val_raw=94.48 val_ema=94.62 best_raw=94.84@412 best_ema=95.52@418 lr=0.03964 time=7.7s
[ultrawidescaledtail10_e750_s47] ep 422/750 train_loss=0.8913 val_raw=94.80 val_ema=95.22 best_raw=94.96@415 best_ema=95.44@403 lr=0.04067 time=7.3s
[ultrawidescaledtail10_e750_s44] ep 417/750 train_loss=0.9709 val_raw=95.20 val_ema=94.38 best_raw=95.20@417 best_ema=94.78@415 lr=0.04171 time=7.5s
[ultrawidescaledtail10_e750_s48] ep 430/750 train_loss=0.9256 val_raw=94.58 val_ema=95.42 best_raw=95.00@368 best_ema=95.86@417 lr=0.03902 time=7.5s
[ultrawidescaledtail10_e750_s42] ep 418/750 train_loss=0.9001 val_raw=94.50 val_ema=94.68 best_raw=95.08@398 best_ema=95.38@408 lr=0.04150 time=7.3s
[ultrawidescaledtail10_e750_s43] ep 421/750 train_loss=0.9150 val_raw=94.90 val_ema=95.50 best_raw=95.06@404 best_ema=95.54@418 lr=0.04088 time=8.2s
[ultrawidescaledtail10_e750_s45] ep 425/750 train_loss=0.8598 val_raw=94.44 val_ema=95.32 best_raw=95.00@410 best_ema=95.32@425 lr=0.04005 time=7.7s
[ultrawidescaledtail10_e750_s49] ep 419/750 train_loss=0.9090 val_raw=94.82 val_ema=95.30 best_raw=94.92@388 best_ema=95.66@418 lr=0.04129 time=7.3s
[ultrawidescaledtail10_e750_s47] ep 423/750 train_loss=0.9148 val_raw=94.66 val_ema=95.28 best_raw=94.96@415 best_ema=95.44@403 lr=0.04047 time=7.1s
[ultrawidescaledtail10_e750_s46] ep 428/750 train_loss=0.9780 val_raw=94.24 val_ema=95.04 best_raw=94.84@412 best_ema=95.52@418 lr=0.03943 time=7.5s
[ultrawidescaledtail10_e750_s44] ep 418/750 train_loss=0.9511 val_raw=94.54 val_ema=94.78 best_raw=95.20@417 best_ema=94.78@415 lr=0.04150 time=7.6s
[ultrawidescaledtail10_e750_s48] ep 431/750 train_loss=0.9076 val_raw=94.58 val_ema=94.62 best_raw=95.00@368 best_ema=95.86@417 lr=0.03882 time=7.2s
[ultrawidescaledtail10_e750_s42] ep 419/750 train_loss=0.9317 val_raw=95.08 val_ema=94.72 best_raw=95.08@398 best_ema=95.38@408 lr=0.04129 time=7.1s
[ultrawidescaledtail10_e750_s43] ep 422/750 train_loss=0.8952 val_raw=94.74 val_ema=95.50 best_raw=95.06@404 best_ema=95.54@418 lr=0.04067 time=7.7s
[ultrawidescaledtail10_e750_s45] ep 426/750 train_loss=0.9291 val_raw=94.62 val_ema=95.06 best_raw=95.00@410 best_ema=95.32@425 lr=0.03985 time=7.7s
[ultrawidescaledtail10_e750_s49] ep 420/750 train_loss=0.9896 val_raw=94.90 val_ema=95.66 best_raw=94.92@388 best_ema=95.66@418 lr=0.04109 time=7.6s
[ultrawidescaledtail10_e750_s47] ep 424/750 train_loss=0.8977 val_raw=94.48 val_ema=95.52 best_raw=94.96@415 best_ema=95.52@424 lr=0.04026 time=7.2s
[ultrawidescaledtail10_e750_s44] ep 419/750 train_loss=0.9140 val_raw=95.06 val_ema=94.46 best_raw=95.20@417 best_ema=94.78@415 lr=0.04129 time=7.2s
[ultrawidescaledtail10_e750_s48] ep 432/750 train_loss=0.9256 val_raw=94.34 val_ema=94.84 best_raw=95.00@368 best_ema=95.86@417 lr=0.03861 time=7.2s
[ultrawidescaledtail10_e750_s46] ep 429/750 train_loss=0.8921 val_raw=94.24 val_ema=95.30 best_raw=94.84@412 best_ema=95.52@418 lr=0.03923 time=7.8s
[ultrawidescaledtail10_e750_s42] ep 420/750 train_loss=0.9034 val_raw=95.18 val_ema=95.12 best_raw=95.18@420 best_ema=95.38@408 lr=0.04109 time=7.5s
[ultrawidescaledtail10_e750_s43] ep 423/750 train_loss=0.9019 val_raw=94.42 val_ema=95.18 best_raw=95.06@404 best_ema=95.54@418 lr=0.04047 time=7.6s
[ultrawidescaledtail10_e750_s45] ep 427/750 train_loss=0.8419 val_raw=94.52 val_ema=95.00 best_raw=95.00@410 best_ema=95.32@425 lr=0.03964 time=7.5s
[ultrawidescaledtail10_e750_s49] ep 421/750 train_loss=0.8899 val_raw=94.36 val_ema=95.14 best_raw=94.92@388 best_ema=95.66@418 lr=0.04088 time=7.6s
[ultrawidescaledtail10_e750_s47] ep 425/750 train_loss=0.8952 val_raw=94.48 val_ema=95.28 best_raw=94.96@415 best_ema=95.52@424 lr=0.04005 time=7.5s
[ultrawidescaledtail10_e750_s48] ep 433/750 train_loss=0.9407 val_raw=94.48 val_ema=95.90 best_raw=95.00@368 best_ema=95.90@433 lr=0.03840 time=7.1s
[ultrawidescaledtail10_e750_s44] ep 420/750 train_loss=0.8857 val_raw=94.58 val_ema=94.54 best_raw=95.20@417 best_ema=94.78@415 lr=0.04109 time=7.7s
[ultrawidescaledtail10_e750_s46] ep 430/750 train_loss=0.8006 val_raw=94.32 val_ema=95.38 best_raw=94.84@412 best_ema=95.52@418 lr=0.03902 time=7.6s
[ultrawidescaledtail10_e750_s42] ep 421/750 train_loss=0.9312 val_raw=94.76 val_ema=95.52 best_raw=95.18@420 best_ema=95.52@421 lr=0.04088 time=7.2s
[ultrawidescaledtail10_e750_s43] ep 424/750 train_loss=0.9014 val_raw=94.86 val_ema=95.52 best_raw=95.06@404 best_ema=95.54@418 lr=0.04026 time=7.6s
[ultrawidescaledtail10_e750_s45] ep 428/750 train_loss=0.9206 val_raw=94.48 val_ema=95.20 best_raw=95.00@410 best_ema=95.32@425 lr=0.03943 time=7.5s
[ultrawidescaledtail10_e750_s49] ep 422/750 train_loss=0.8309 val_raw=94.58 val_ema=95.14 best_raw=94.92@388 best_ema=95.66@418 lr=0.04067 time=7.6s
[ultrawidescaledtail10_e750_s47] ep 426/750 train_loss=0.8911 val_raw=94.44 val_ema=95.28 best_raw=94.96@415 best_ema=95.52@424 lr=0.03985 time=7.6s
[ultrawidescaledtail10_e750_s48] ep 434/750 train_loss=0.9190 val_raw=95.08 val_ema=95.72 best_raw=95.08@434 best_ema=95.90@433 lr=0.03820 time=7.3s
[ultrawidescaledtail10_e750_s46] ep 431/750 train_loss=0.8366 val_raw=94.16 val_ema=95.06 best_raw=94.84@412 best_ema=95.52@418 lr=0.03882 time=7.0s
[ultrawidescaledtail10_e750_s44] ep 421/750 train_loss=0.8993 val_raw=94.88 val_ema=94.04 best_raw=95.20@417 best_ema=94.78@415 lr=0.04088 time=7.7s
[ultrawidescaledtail10_e750_s42] ep 422/750 train_loss=0.8792 val_raw=94.14 val_ema=94.60 best_raw=95.18@420 best_ema=95.52@421 lr=0.04067 time=7.4s
[ultrawidescaledtail10_e750_s43] ep 425/750 train_loss=0.8733 val_raw=94.86 val_ema=95.12 best_raw=95.06@404 best_ema=95.54@418 lr=0.04005 time=7.4s
[ultrawidescaledtail10_e750_s45] ep 429/750 train_loss=0.8756 val_raw=94.66 val_ema=94.62 best_raw=95.00@410 best_ema=95.32@425 lr=0.03923 time=7.6s
[ultrawidescaledtail10_e750_s49] ep 423/750 train_loss=0.9230 val_raw=94.72 val_ema=95.34 best_raw=94.92@388 best_ema=95.66@418 lr=0.04047 time=7.6s
[ultrawidescaledtail10_e750_s48] ep 435/750 train_loss=0.8260 val_raw=94.38 val_ema=95.42 best_raw=95.08@434 best_ema=95.90@433 lr=0.03799 time=7.1s
[ultrawidescaledtail10_e750_s47] ep 427/750 train_loss=0.8999 val_raw=94.76 val_ema=95.24 best_raw=94.96@415 best_ema=95.52@424 lr=0.03964 time=7.5s
[ultrawidescaledtail10_e750_s46] ep 432/750 train_loss=0.8790 val_raw=94.50 val_ema=94.68 best_raw=94.84@412 best_ema=95.52@418 lr=0.03861 time=7.3s
[ultrawidescaledtail10_e750_s44] ep 422/750 train_loss=0.9690 val_raw=95.28 val_ema=94.36 best_raw=95.28@422 best_ema=94.78@415 lr=0.04067 time=7.7s
[ultrawidescaledtail10_e750_s42] ep 423/750 train_loss=0.9680 val_raw=94.48 val_ema=94.98 best_raw=95.18@420 best_ema=95.52@421 lr=0.04047 time=7.6s
[ultrawidescaledtail10_e750_s43] ep 426/750 train_loss=0.8730 val_raw=94.96 val_ema=95.12 best_raw=95.06@404 best_ema=95.54@418 lr=0.03985 time=7.3s
[ultrawidescaledtail10_e750_s45] ep 430/750 train_loss=0.9725 val_raw=94.64 val_ema=95.44 best_raw=95.00@410 best_ema=95.44@430 lr=0.03902 time=7.4s
[ultrawidescaledtail10_e750_s49] ep 424/750 train_loss=0.9099 val_raw=94.50 val_ema=95.38 best_raw=94.92@388 best_ema=95.66@418 lr=0.04026 time=7.5s
[ultrawidescaledtail10_e750_s48] ep 436/750 train_loss=0.8748 val_raw=94.26 val_ema=95.54 best_raw=95.08@434 best_ema=95.90@433 lr=0.03779 time=7.2s
[ultrawidescaledtail10_e750_s47] ep 428/750 train_loss=0.8883 val_raw=94.90 val_ema=95.18 best_raw=94.96@415 best_ema=95.52@424 lr=0.03943 time=7.6s
[ultrawidescaledtail10_e750_s46] ep 433/750 train_loss=0.9034 val_raw=94.42 val_ema=95.54 best_raw=94.84@412 best_ema=95.54@433 lr=0.03840 time=7.6s
[ultrawidescaledtail10_e750_s42] ep 424/750 train_loss=0.9059 val_raw=94.98 val_ema=95.22 best_raw=95.18@420 best_ema=95.52@421 lr=0.04026 time=7.2s
[ultrawidescaledtail10_e750_s44] ep 423/750 train_loss=0.9360 val_raw=94.80 val_ema=94.44 best_raw=95.28@422 best_ema=94.78@415 lr=0.04047 time=7.8s
[ultrawidescaledtail10_e750_s43] ep 427/750 train_loss=0.8709 val_raw=94.54 val_ema=94.66 best_raw=95.06@404 best_ema=95.54@418 lr=0.03964 time=7.5s
[ultrawidescaledtail10_e750_s45] ep 431/750 train_loss=0.8904 val_raw=94.78 val_ema=95.24 best_raw=95.00@410 best_ema=95.44@430 lr=0.03882 time=7.7s
[ultrawidescaledtail10_e750_s49] ep 425/750 train_loss=0.8479 val_raw=94.30 val_ema=95.18 best_raw=94.92@388 best_ema=95.66@418 lr=0.04005 time=7.4s
[ultrawidescaledtail10_e750_s48] ep 437/750 train_loss=0.8828 val_raw=94.78 val_ema=95.34 best_raw=95.08@434 best_ema=95.90@433 lr=0.03759 time=7.5s
[ultrawidescaledtail10_e750_s47] ep 429/750 train_loss=0.9093 val_raw=94.70 val_ema=95.56 best_raw=94.96@415 best_ema=95.56@429 lr=0.03923 time=7.2s
[ultrawidescaledtail10_e750_s46] ep 434/750 train_loss=0.9156 val_raw=94.70 val_ema=95.46 best_raw=94.84@412 best_ema=95.54@433 lr=0.03820 time=7.6s
[ultrawidescaledtail10_e750_s42] ep 425/750 train_loss=0.9190 val_raw=94.90 val_ema=95.14 best_raw=95.18@420 best_ema=95.52@421 lr=0.04005 time=7.4s
[ultrawidescaledtail10_e750_s44] ep 424/750 train_loss=0.8705 val_raw=94.92 val_ema=95.20 best_raw=95.28@422 best_ema=95.20@424 lr=0.04026 time=7.3s
[ultrawidescaledtail10_e750_s43] ep 428/750 train_loss=0.8951 val_raw=94.76 val_ema=95.78 best_raw=95.06@404 best_ema=95.78@428 lr=0.03943 time=7.8s
[ultrawidescaledtail10_e750_s45] ep 432/750 train_loss=0.9391 val_raw=94.92 val_ema=95.14 best_raw=95.00@410 best_ema=95.44@430 lr=0.03861 time=7.1s
[ultrawidescaledtail10_e750_s48] ep 438/750 train_loss=0.9323 val_raw=94.78 val_ema=95.26 best_raw=95.08@434 best_ema=95.90@433 lr=0.03738 time=7.1s
[ultrawidescaledtail10_e750_s49] ep 426/750 train_loss=0.9420 val_raw=94.66 val_ema=95.68 best_raw=94.92@388 best_ema=95.68@426 lr=0.03985 time=7.9s
[ultrawidescaledtail10_e750_s47] ep 430/750 train_loss=0.8785 val_raw=94.58 val_ema=95.62 best_raw=94.96@415 best_ema=95.62@430 lr=0.03902 time=7.5s
[ultrawidescaledtail10_e750_s46] ep 435/750 train_loss=0.8940 val_raw=94.78 val_ema=95.08 best_raw=94.84@412 best_ema=95.54@433 lr=0.03799 time=7.3s
[ultrawidescaledtail10_e750_s44] ep 425/750 train_loss=0.9164 val_raw=94.92 val_ema=95.12 best_raw=95.28@422 best_ema=95.20@424 lr=0.04005 time=7.3s
[ultrawidescaledtail10_e750_s42] ep 426/750 train_loss=0.8938 val_raw=94.48 val_ema=94.66 best_raw=95.18@420 best_ema=95.52@421 lr=0.03985 time=7.9s
[ultrawidescaledtail10_e750_s43] ep 429/750 train_loss=0.9136 val_raw=94.90 val_ema=95.26 best_raw=95.06@404 best_ema=95.78@428 lr=0.03923 time=7.3s
[ultrawidescaledtail10_e750_s45] ep 433/750 train_loss=0.8728 val_raw=94.52 val_ema=95.40 best_raw=95.00@410 best_ema=95.44@430 lr=0.03840 time=7.7s
[ultrawidescaledtail10_e750_s48] ep 439/750 train_loss=0.9642 val_raw=94.46 val_ema=95.64 best_raw=95.08@434 best_ema=95.90@433 lr=0.03718 time=7.4s
[ultrawidescaledtail10_e750_s46] ep 436/750 train_loss=0.8979 val_raw=94.90 val_ema=95.60 best_raw=94.90@436 best_ema=95.60@436 lr=0.03779 time=7.1s
[ultrawidescaledtail10_e750_s47] ep 431/750 train_loss=0.9101 val_raw=94.86 val_ema=95.12 best_raw=94.96@415 best_ema=95.62@430 lr=0.03882 time=7.7s
[ultrawidescaledtail10_e750_s49] ep 427/750 train_loss=0.9435 val_raw=94.42 val_ema=95.66 best_raw=94.92@388 best_ema=95.68@426 lr=0.03964 time=7.9s
[ultrawidescaledtail10_e750_s42] ep 427/750 train_loss=0.8924 val_raw=95.20 val_ema=95.22 best_raw=95.20@427 best_ema=95.52@421 lr=0.03964 time=7.3s
[ultrawidescaledtail10_e750_s44] ep 426/750 train_loss=0.8106 val_raw=94.52 val_ema=95.36 best_raw=95.28@422 best_ema=95.36@426 lr=0.03985 time=7.6s
[ultrawidescaledtail10_e750_s43] ep 430/750 train_loss=0.8744 val_raw=94.52 val_ema=95.44 best_raw=95.06@404 best_ema=95.78@428 lr=0.03902 time=7.6s
[ultrawidescaledtail10_e750_s45] ep 434/750 train_loss=0.8961 val_raw=94.40 val_ema=95.16 best_raw=95.00@410 best_ema=95.44@430 lr=0.03820 time=7.2s
[ultrawidescaledtail10_e750_s48] ep 440/750 train_loss=0.8986 val_raw=94.64 val_ema=95.54 best_raw=95.08@434 best_ema=95.90@433 lr=0.03697 time=7.2s
[ultrawidescaledtail10_e750_s46] ep 437/750 train_loss=0.9791 val_raw=94.78 val_ema=94.90 best_raw=94.90@436 best_ema=95.60@436 lr=0.03759 time=7.1s
[ultrawidescaledtail10_e750_s47] ep 432/750 train_loss=0.8889 val_raw=94.94 val_ema=95.78 best_raw=94.96@415 best_ema=95.78@432 lr=0.03861 time=7.3s
[ultrawidescaledtail10_e750_s49] ep 428/750 train_loss=0.8970 val_raw=94.52 val_ema=94.96 best_raw=94.92@388 best_ema=95.68@426 lr=0.03943 time=7.9s
[ultrawidescaledtail10_e750_s44] ep 427/750 train_loss=0.9488 val_raw=94.16 val_ema=95.24 best_raw=95.28@422 best_ema=95.36@426 lr=0.03964 time=7.1s
[ultrawidescaledtail10_e750_s42] ep 428/750 train_loss=0.9283 val_raw=94.86 val_ema=95.40 best_raw=95.20@427 best_ema=95.52@421 lr=0.03943 time=7.5s
[ultrawidescaledtail10_e750_s43] ep 431/750 train_loss=0.9262 val_raw=94.88 val_ema=95.38 best_raw=95.06@404 best_ema=95.78@428 lr=0.03882 time=7.5s
[ultrawidescaledtail10_e750_s45] ep 435/750 train_loss=0.9156 val_raw=95.08 val_ema=95.00 best_raw=95.08@435 best_ema=95.44@430 lr=0.03799 time=7.1s
[ultrawidescaledtail10_e750_s48] ep 441/750 train_loss=0.8945 val_raw=94.92 val_ema=95.88 best_raw=95.08@434 best_ema=95.90@433 lr=0.03677 time=7.4s
[ultrawidescaledtail10_e750_s46] ep 438/750 train_loss=0.9509 val_raw=94.92 val_ema=95.10 best_raw=94.92@438 best_ema=95.60@436 lr=0.03738 time=7.2s
[ultrawidescaledtail10_e750_s47] ep 433/750 train_loss=0.8776 val_raw=94.82 val_ema=95.88 best_raw=94.96@415 best_ema=95.88@433 lr=0.03840 time=7.5s
[ultrawidescaledtail10_e750_s44] ep 428/750 train_loss=0.8881 val_raw=94.50 val_ema=95.52 best_raw=95.28@422 best_ema=95.52@428 lr=0.03943 time=7.2s
[ultrawidescaledtail10_e750_s49] ep 429/750 train_loss=0.8856 val_raw=94.82 val_ema=95.34 best_raw=94.92@388 best_ema=95.68@426 lr=0.03923 time=7.5s
[ultrawidescaledtail10_e750_s42] ep 429/750 train_loss=0.8742 val_raw=94.42 val_ema=95.40 best_raw=95.20@427 best_ema=95.52@421 lr=0.03923 time=7.6s
[ultrawidescaledtail10_e750_s43] ep 432/750 train_loss=0.9074 val_raw=94.68 val_ema=95.96 best_raw=95.06@404 best_ema=95.96@432 lr=0.03861 time=7.4s
[ultrawidescaledtail10_e750_s45] ep 436/750 train_loss=0.8722 val_raw=94.84 val_ema=94.88 best_raw=95.08@435 best_ema=95.44@430 lr=0.03779 time=7.1s
[ultrawidescaledtail10_e750_s48] ep 442/750 train_loss=0.9087 val_raw=94.84 val_ema=95.30 best_raw=95.08@434 best_ema=95.90@433 lr=0.03657 time=7.2s
[ultrawidescaledtail10_e750_s46] ep 439/750 train_loss=0.9441 val_raw=94.66 val_ema=95.18 best_raw=94.92@438 best_ema=95.60@436 lr=0.03718 time=7.7s
[ultrawidescaledtail10_e750_s47] ep 434/750 train_loss=0.8974 val_raw=94.74 val_ema=95.22 best_raw=94.96@415 best_ema=95.88@433 lr=0.03820 time=7.6s
[ultrawidescaledtail10_e750_s44] ep 429/750 train_loss=0.8452 val_raw=94.58 val_ema=94.82 best_raw=95.28@422 best_ema=95.52@428 lr=0.03923 time=7.2s
[ultrawidescaledtail10_e750_s49] ep 430/750 train_loss=0.9530 val_raw=94.76 val_ema=95.46 best_raw=94.92@388 best_ema=95.68@426 lr=0.03902 time=7.4s
[ultrawidescaledtail10_e750_s42] ep 430/750 train_loss=0.9740 val_raw=94.58 val_ema=95.48 best_raw=95.20@427 best_ema=95.52@421 lr=0.03902 time=7.4s
[ultrawidescaledtail10_e750_s43] ep 433/750 train_loss=0.8779 val_raw=94.50 val_ema=95.18 best_raw=95.06@404 best_ema=95.96@432 lr=0.03840 time=7.2s
[ultrawidescaledtail10_e750_s45] ep 437/750 train_loss=0.8901 val_raw=94.40 val_ema=94.64 best_raw=95.08@435 best_ema=95.44@430 lr=0.03759 time=7.2s
[ultrawidescaledtail10_e750_s48] ep 443/750 train_loss=0.8636 val_raw=94.70 val_ema=95.38 best_raw=95.08@434 best_ema=95.90@433 lr=0.03636 time=7.1s
[ultrawidescaledtail10_e750_s46] ep 440/750 train_loss=0.8822 val_raw=94.44 val_ema=95.12 best_raw=94.92@438 best_ema=95.60@436 lr=0.03697 time=7.4s
[ultrawidescaledtail10_e750_s44] ep 430/750 train_loss=0.8919 val_raw=94.74 val_ema=95.14 best_raw=95.28@422 best_ema=95.52@428 lr=0.03902 time=7.5s
[ultrawidescaledtail10_e750_s47] ep 435/750 train_loss=0.8964 val_raw=94.66 val_ema=95.32 best_raw=94.96@415 best_ema=95.88@433 lr=0.03799 time=8.0s
[ultrawidescaledtail10_e750_s49] ep 431/750 train_loss=0.8568 val_raw=95.16 val_ema=95.60 best_raw=95.16@431 best_ema=95.68@426 lr=0.03882 time=7.6s
[ultrawidescaledtail10_e750_s42] ep 431/750 train_loss=0.8939 val_raw=95.08 val_ema=95.52 best_raw=95.20@427 best_ema=95.52@421 lr=0.03882 time=7.5s
[ultrawidescaledtail10_e750_s43] ep 434/750 train_loss=0.9233 val_raw=94.92 val_ema=95.52 best_raw=95.06@404 best_ema=95.96@432 lr=0.03820 time=7.1s
[ultrawidescaledtail10_e750_s45] ep 438/750 train_loss=0.8738 val_raw=94.54 val_ema=95.30 best_raw=95.08@435 best_ema=95.44@430 lr=0.03738 time=7.1s
[ultrawidescaledtail10_e750_s48] ep 444/750 train_loss=0.9684 val_raw=94.44 val_ema=95.72 best_raw=95.08@434 best_ema=95.90@433 lr=0.03616 time=7.1s
[ultrawidescaledtail10_e750_s46] ep 441/750 train_loss=0.8710 val_raw=94.80 val_ema=95.38 best_raw=94.92@438 best_ema=95.60@436 lr=0.03677 time=7.6s
[ultrawidescaledtail10_e750_s44] ep 431/750 train_loss=0.9037 val_raw=94.60 val_ema=94.74 best_raw=95.28@422 best_ema=95.52@428 lr=0.03882 time=7.1s
[ultrawidescaledtail10_e750_s47] ep 436/750 train_loss=0.9319 val_raw=94.88 val_ema=95.32 best_raw=94.96@415 best_ema=95.88@433 lr=0.03779 time=7.4s
[ultrawidescaledtail10_e750_s42] ep 432/750 train_loss=0.8889 val_raw=94.68 val_ema=95.54 best_raw=95.20@427 best_ema=95.54@432 lr=0.03861 time=7.1s
[ultrawidescaledtail10_e750_s49] ep 432/750 train_loss=0.9265 val_raw=94.76 val_ema=95.96 best_raw=95.16@431 best_ema=95.96@432 lr=0.03861 time=7.8s
[ultrawidescaledtail10_e750_s43] ep 435/750 train_loss=0.8686 val_raw=94.82 val_ema=95.34 best_raw=95.06@404 best_ema=95.96@432 lr=0.03799 time=7.3s
[ultrawidescaledtail10_e750_s45] ep 439/750 train_loss=0.8980 val_raw=94.80 val_ema=95.40 best_raw=95.08@435 best_ema=95.44@430 lr=0.03718 time=7.2s
[ultrawidescaledtail10_e750_s48] ep 445/750 train_loss=0.9000 val_raw=94.88 val_ema=95.28 best_raw=95.08@434 best_ema=95.90@433 lr=0.03596 time=7.3s
[ultrawidescaledtail10_e750_s46] ep 442/750 train_loss=0.9604 val_raw=94.38 val_ema=95.22 best_raw=94.92@438 best_ema=95.60@436 lr=0.03657 time=7.8s
[ultrawidescaledtail10_e750_s44] ep 432/750 train_loss=0.8836 val_raw=94.84 val_ema=95.16 best_raw=95.28@422 best_ema=95.52@428 lr=0.03861 time=7.6s
[ultrawidescaledtail10_e750_s47] ep 437/750 train_loss=0.8875 val_raw=94.66 val_ema=95.40 best_raw=94.96@415 best_ema=95.88@433 lr=0.03759 time=7.5s
[ultrawidescaledtail10_e750_s42] ep 433/750 train_loss=0.9558 val_raw=94.54 val_ema=95.42 best_raw=95.20@427 best_ema=95.54@432 lr=0.03840 time=7.7s
[ultrawidescaledtail10_e750_s49] ep 433/750 train_loss=0.8913 val_raw=94.64 val_ema=95.40 best_raw=95.16@431 best_ema=95.96@432 lr=0.03840 time=7.7s
[ultrawidescaledtail10_e750_s43] ep 436/750 train_loss=0.8886 val_raw=94.92 val_ema=95.50 best_raw=95.06@404 best_ema=95.96@432 lr=0.03779 time=7.1s
[ultrawidescaledtail10_e750_s45] ep 440/750 train_loss=0.8545 val_raw=94.48 val_ema=95.46 best_raw=95.08@435 best_ema=95.46@440 lr=0.03697 time=7.7s
[ultrawidescaledtail10_e750_s48] ep 446/750 train_loss=0.8388 val_raw=94.82 val_ema=95.34 best_raw=95.08@434 best_ema=95.90@433 lr=0.03576 time=7.2s
[ultrawidescaledtail10_e750_s46] ep 443/750 train_loss=0.8804 val_raw=94.54 val_ema=95.38 best_raw=94.92@438 best_ema=95.60@436 lr=0.03636 time=7.2s
[ultrawidescaledtail10_e750_s44] ep 433/750 train_loss=0.9378 val_raw=94.78 val_ema=94.80 best_raw=95.28@422 best_ema=95.52@428 lr=0.03840 time=7.6s
[ultrawidescaledtail10_e750_s47] ep 438/750 train_loss=0.9401 val_raw=94.56 val_ema=95.56 best_raw=94.96@415 best_ema=95.88@433 lr=0.03738 time=7.6s
[ultrawidescaledtail10_e750_s42] ep 434/750 train_loss=0.9282 val_raw=94.72 val_ema=95.42 best_raw=95.20@427 best_ema=95.54@432 lr=0.03820 time=7.6s
[ultrawidescaledtail10_e750_s49] ep 434/750 train_loss=0.9302 val_raw=94.64 val_ema=95.26 best_raw=95.16@431 best_ema=95.96@432 lr=0.03820 time=7.4s
[ultrawidescaledtail10_e750_s43] ep 437/750 train_loss=0.9344 val_raw=94.44 val_ema=94.82 best_raw=95.06@404 best_ema=95.96@432 lr=0.03759 time=7.7s
[ultrawidescaledtail10_e750_s45] ep 441/750 train_loss=0.8770 val_raw=94.58 val_ema=95.38 best_raw=95.08@435 best_ema=95.46@440 lr=0.03677 time=7.5s
[ultrawidescaledtail10_e750_s48] ep 447/750 train_loss=0.9023 val_raw=94.48 val_ema=95.46 best_raw=95.08@434 best_ema=95.90@433 lr=0.03556 time=7.3s
[ultrawidescaledtail10_e750_s46] ep 444/750 train_loss=0.8634 val_raw=94.66 val_ema=95.32 best_raw=94.92@438 best_ema=95.60@436 lr=0.03616 time=7.2s
[ultrawidescaledtail10_e750_s44] ep 434/750 train_loss=0.9838 val_raw=94.86 val_ema=95.26 best_raw=95.28@422 best_ema=95.52@428 lr=0.03820 time=7.6s
[ultrawidescaledtail10_e750_s42] ep 435/750 train_loss=0.9172 val_raw=94.18 val_ema=95.70 best_raw=95.20@427 best_ema=95.70@435 lr=0.03799 time=7.0s
[ultrawidescaledtail10_e750_s47] ep 439/750 train_loss=0.8264 val_raw=94.46 val_ema=95.54 best_raw=94.96@415 best_ema=95.88@433 lr=0.03718 time=7.4s
[ultrawidescaledtail10_e750_s43] ep 438/750 train_loss=0.8689 val_raw=94.36 val_ema=95.62 best_raw=95.06@404 best_ema=95.96@432 lr=0.03738 time=7.2s
[ultrawidescaledtail10_e750_s49] ep 435/750 train_loss=0.8775 val_raw=94.74 val_ema=95.38 best_raw=95.16@431 best_ema=95.96@432 lr=0.03799 time=7.5s
[ultrawidescaledtail10_e750_s48] ep 448/750 train_loss=0.9364 val_raw=95.40 val_ema=95.60 best_raw=95.40@448 best_ema=95.90@433 lr=0.03535 time=7.1s
[ultrawidescaledtail10_e750_s45] ep 442/750 train_loss=0.8930 val_raw=94.52 val_ema=94.76 best_raw=95.08@435 best_ema=95.46@440 lr=0.03657 time=7.4s
[ultrawidescaledtail10_e750_s46] ep 445/750 train_loss=0.8242 val_raw=94.36 val_ema=95.16 best_raw=94.92@438 best_ema=95.60@436 lr=0.03596 time=7.5s
[ultrawidescaledtail10_e750_s44] ep 435/750 train_loss=0.8878 val_raw=94.86 val_ema=94.94 best_raw=95.28@422 best_ema=95.52@428 lr=0.03799 time=7.2s
[ultrawidescaledtail10_e750_s42] ep 436/750 train_loss=0.8840 val_raw=95.06 val_ema=95.12 best_raw=95.20@427 best_ema=95.70@435 lr=0.03779 time=7.0s
[ultrawidescaledtail10_e750_s47] ep 440/750 train_loss=0.8832 val_raw=95.06 val_ema=95.44 best_raw=95.06@440 best_ema=95.88@433 lr=0.03697 time=7.2s
[ultrawidescaledtail10_e750_s43] ep 439/750 train_loss=0.9610 val_raw=95.14 val_ema=95.44 best_raw=95.14@439 best_ema=95.96@432 lr=0.03718 time=7.5s
[ultrawidescaledtail10_e750_s49] ep 436/750 train_loss=0.9305 val_raw=94.70 val_ema=95.10 best_raw=95.16@431 best_ema=95.96@432 lr=0.03779 time=8.1s
[ultrawidescaledtail10_e750_s48] ep 449/750 train_loss=0.8053 val_raw=95.00 val_ema=95.82 best_raw=95.40@448 best_ema=95.90@433 lr=0.03515 time=7.0s
[ultrawidescaledtail10_e750_s45] ep 443/750 train_loss=0.8908 val_raw=94.82 val_ema=95.32 best_raw=95.08@435 best_ema=95.46@440 lr=0.03636 time=7.5s
[ultrawidescaledtail10_e750_s46] ep 446/750 train_loss=0.9348 val_raw=94.18 val_ema=95.48 best_raw=94.92@438 best_ema=95.60@436 lr=0.03576 time=7.2s
[ultrawidescaledtail10_e750_s42] ep 437/750 train_loss=0.9438 val_raw=95.52 val_ema=95.16 best_raw=95.52@437 best_ema=95.70@435 lr=0.03759 time=7.2s
[ultrawidescaledtail10_e750_s44] ep 436/750 train_loss=0.7975 val_raw=94.86 val_ema=95.06 best_raw=95.28@422 best_ema=95.52@428 lr=0.03779 time=7.6s
[ultrawidescaledtail10_e750_s47] ep 441/750 train_loss=0.8977 val_raw=94.88 val_ema=95.62 best_raw=95.06@440 best_ema=95.88@433 lr=0.03677 time=7.5s
[ultrawidescaledtail10_e750_s43] ep 440/750 train_loss=0.9501 val_raw=94.56 val_ema=95.66 best_raw=95.14@439 best_ema=95.96@432 lr=0.03697 time=7.5s
[ultrawidescaledtail10_e750_s49] ep 437/750 train_loss=0.9214 val_raw=94.58 val_ema=95.80 best_raw=95.16@431 best_ema=95.96@432 lr=0.03759 time=7.2s
[ultrawidescaledtail10_e750_s48] ep 450/750 train_loss=0.8804 val_raw=95.06 val_ema=95.80 best_raw=95.40@448 best_ema=95.90@433 lr=0.03495 time=7.3s
[ultrawidescaledtail10_e750_s45] ep 444/750 train_loss=0.9254 val_raw=94.70 val_ema=95.48 best_raw=95.08@435 best_ema=95.48@444 lr=0.03616 time=7.5s
[ultrawidescaledtail10_e750_s46] ep 447/750 train_loss=0.9035 val_raw=94.76 val_ema=95.12 best_raw=94.92@438 best_ema=95.60@436 lr=0.03556 time=7.9s
[ultrawidescaledtail10_e750_s42] ep 438/750 train_loss=0.9370 val_raw=95.08 val_ema=95.28 best_raw=95.52@437 best_ema=95.70@435 lr=0.03738 time=7.5s
[ultrawidescaledtail10_e750_s47] ep 442/750 train_loss=0.9037 val_raw=95.06 val_ema=95.70 best_raw=95.06@440 best_ema=95.88@433 lr=0.03657 time=7.2s
[ultrawidescaledtail10_e750_s44] ep 437/750 train_loss=0.8348 val_raw=94.84 val_ema=94.86 best_raw=95.28@422 best_ema=95.52@428 lr=0.03759 time=7.2s
[ultrawidescaledtail10_e750_s43] ep 441/750 train_loss=0.9370 val_raw=94.84 val_ema=95.66 best_raw=95.14@439 best_ema=95.96@432 lr=0.03677 time=7.6s
[ultrawidescaledtail10_e750_s49] ep 438/750 train_loss=0.8922 val_raw=94.66 val_ema=95.56 best_raw=95.16@431 best_ema=95.96@432 lr=0.03738 time=7.6s
[ultrawidescaledtail10_e750_s48] ep 451/750 train_loss=0.8416 val_raw=95.00 val_ema=95.44 best_raw=95.40@448 best_ema=95.90@433 lr=0.03475 time=7.3s
[ultrawidescaledtail10_e750_s45] ep 445/750 train_loss=0.8514 val_raw=95.22 val_ema=95.26 best_raw=95.22@445 best_ema=95.48@444 lr=0.03596 time=7.2s
[ultrawidescaledtail10_e750_s46] ep 448/750 train_loss=0.9064 val_raw=93.96 val_ema=94.98 best_raw=94.92@438 best_ema=95.60@436 lr=0.03535 time=7.1s
[ultrawidescaledtail10_e750_s44] ep 438/750 train_loss=0.8981 val_raw=95.16 val_ema=94.70 best_raw=95.28@422 best_ema=95.52@428 lr=0.03738 time=7.2s
[ultrawidescaledtail10_e750_s47] ep 443/750 train_loss=0.8509 val_raw=94.28 val_ema=95.48 best_raw=95.06@440 best_ema=95.88@433 lr=0.03636 time=7.4s
[ultrawidescaledtail10_e750_s42] ep 439/750 train_loss=0.9077 val_raw=94.96 val_ema=95.66 best_raw=95.52@437 best_ema=95.70@435 lr=0.03718 time=7.5s
[ultrawidescaledtail10_e750_s49] ep 439/750 train_loss=0.8566 val_raw=95.02 val_ema=95.64 best_raw=95.16@431 best_ema=95.96@432 lr=0.03718 time=7.2s
[ultrawidescaledtail10_e750_s43] ep 442/750 train_loss=0.9457 val_raw=94.82 val_ema=95.28 best_raw=95.14@439 best_ema=95.96@432 lr=0.03657 time=7.6s
[ultrawidescaledtail10_e750_s48] ep 452/750 train_loss=0.8719 val_raw=94.82 val_ema=95.62 best_raw=95.40@448 best_ema=95.90@433 lr=0.03455 time=7.1s
[ultrawidescaledtail10_e750_s45] ep 446/750 train_loss=0.9139 val_raw=95.00 val_ema=95.58 best_raw=95.22@445 best_ema=95.58@446 lr=0.03576 time=7.4s
[ultrawidescaledtail10_e750_s46] ep 449/750 train_loss=0.9279 val_raw=94.34 val_ema=95.22 best_raw=94.92@438 best_ema=95.60@436 lr=0.03515 time=7.2s
[ultrawidescaledtail10_e750_s44] ep 439/750 train_loss=0.9246 val_raw=94.80 val_ema=95.40 best_raw=95.28@422 best_ema=95.52@428 lr=0.03718 time=7.2s
[ultrawidescaledtail10_e750_s42] ep 440/750 train_loss=0.8652 val_raw=95.22 val_ema=95.44 best_raw=95.52@437 best_ema=95.70@435 lr=0.03697 time=7.3s
[ultrawidescaledtail10_e750_s47] ep 444/750 train_loss=0.8868 val_raw=94.42 val_ema=95.50 best_raw=95.06@440 best_ema=95.88@433 lr=0.03616 time=7.4s
[ultrawidescaledtail10_e750_s49] ep 440/750 train_loss=0.7951 val_raw=94.94 val_ema=95.70 best_raw=95.16@431 best_ema=95.96@432 lr=0.03697 time=7.7s
[ultrawidescaledtail10_e750_s43] ep 443/750 train_loss=0.8827 val_raw=94.84 val_ema=95.90 best_raw=95.14@439 best_ema=95.96@432 lr=0.03636 time=7.8s
[ultrawidescaledtail10_e750_s48] ep 453/750 train_loss=0.8870 val_raw=94.96 val_ema=95.30 best_raw=95.40@448 best_ema=95.90@433 lr=0.03435 time=7.6s
[ultrawidescaledtail10_e750_s45] ep 447/750 train_loss=0.9118 val_raw=94.56 val_ema=95.32 best_raw=95.22@445 best_ema=95.58@446 lr=0.03556 time=7.3s
[ultrawidescaledtail10_e750_s46] ep 450/750 train_loss=0.9456 val_raw=94.60 val_ema=95.54 best_raw=94.92@438 best_ema=95.60@436 lr=0.03495 time=7.3s
[ultrawidescaledtail10_e750_s47] ep 445/750 train_loss=0.8458 val_raw=94.50 val_ema=95.32 best_raw=95.06@440 best_ema=95.88@433 lr=0.03596 time=7.1s
[ultrawidescaledtail10_e750_s42] ep 441/750 train_loss=0.9356 val_raw=95.02 val_ema=95.34 best_raw=95.52@437 best_ema=95.70@435 lr=0.03677 time=7.3s
[ultrawidescaledtail10_e750_s44] ep 440/750 train_loss=0.8596 val_raw=94.86 val_ema=95.00 best_raw=95.28@422 best_ema=95.52@428 lr=0.03697 time=7.7s
[ultrawidescaledtail10_e750_s49] ep 441/750 train_loss=0.9057 val_raw=94.88 val_ema=95.52 best_raw=95.16@431 best_ema=95.96@432 lr=0.03677 time=7.1s
[ultrawidescaledtail10_e750_s43] ep 444/750 train_loss=0.9078 val_raw=95.14 val_ema=95.62 best_raw=95.14@439 best_ema=95.96@432 lr=0.03616 time=7.6s
[ultrawidescaledtail10_e750_s48] ep 454/750 train_loss=0.8963 val_raw=95.16 val_ema=95.66 best_raw=95.40@448 best_ema=95.90@433 lr=0.03415 time=7.2s
[ultrawidescaledtail10_e750_s45] ep 448/750 train_loss=0.8275 val_raw=94.40 val_ema=95.52 best_raw=95.22@445 best_ema=95.58@446 lr=0.03535 time=7.3s
[ultrawidescaledtail10_e750_s46] ep 451/750 train_loss=0.8895 val_raw=94.46 val_ema=95.22 best_raw=94.92@438 best_ema=95.60@436 lr=0.03475 time=7.3s
[ultrawidescaledtail10_e750_s47] ep 446/750 train_loss=0.9101 val_raw=94.82 val_ema=95.54 best_raw=95.06@440 best_ema=95.88@433 lr=0.03576 time=7.4s
[ultrawidescaledtail10_e750_s42] ep 442/750 train_loss=0.9783 val_raw=94.76 val_ema=95.10 best_raw=95.52@437 best_ema=95.70@435 lr=0.03657 time=7.4s
[ultrawidescaledtail10_e750_s44] ep 441/750 train_loss=0.8828 val_raw=94.48 val_ema=95.70 best_raw=95.28@422 best_ema=95.70@441 lr=0.03677 time=8.0s
[ultrawidescaledtail10_e750_s49] ep 442/750 train_loss=0.9173 val_raw=94.66 val_ema=95.66 best_raw=95.16@431 best_ema=95.96@432 lr=0.03657 time=7.8s
[ultrawidescaledtail10_e750_s43] ep 445/750 train_loss=0.9001 val_raw=94.56 val_ema=95.80 best_raw=95.14@439 best_ema=95.96@432 lr=0.03596 time=7.5s
[ultrawidescaledtail10_e750_s48] ep 455/750 train_loss=0.8565 val_raw=95.48 val_ema=95.54 best_raw=95.48@455 best_ema=95.90@433 lr=0.03395 time=7.4s
[ultrawidescaledtail10_e750_s45] ep 449/750 train_loss=0.8186 val_raw=94.74 val_ema=95.94 best_raw=95.22@445 best_ema=95.94@449 lr=0.03515 time=7.2s
[ultrawidescaledtail10_e750_s46] ep 452/750 train_loss=0.8990 val_raw=94.16 val_ema=95.40 best_raw=94.92@438 best_ema=95.60@436 lr=0.03455 time=7.4s
[ultrawidescaledtail10_e750_s42] ep 443/750 train_loss=0.9132 val_raw=94.98 val_ema=95.54 best_raw=95.52@437 best_ema=95.70@435 lr=0.03636 time=7.7s
[ultrawidescaledtail10_e750_s47] ep 447/750 train_loss=0.8195 val_raw=94.54 val_ema=95.16 best_raw=95.06@440 best_ema=95.88@433 lr=0.03556 time=7.7s
[ultrawidescaledtail10_e750_s44] ep 442/750 train_loss=0.9086 val_raw=94.60 val_ema=95.16 best_raw=95.28@422 best_ema=95.70@441 lr=0.03657 time=7.5s
[ultrawidescaledtail10_e750_s49] ep 443/750 train_loss=0.8831 val_raw=94.64 val_ema=95.74 best_raw=95.16@431 best_ema=95.96@432 lr=0.03636 time=7.7s
[ultrawidescaledtail10_e750_s43] ep 446/750 train_loss=0.8861 val_raw=95.04 val_ema=95.60 best_raw=95.14@439 best_ema=95.96@432 lr=0.03576 time=7.7s
[ultrawidescaledtail10_e750_s48] ep 456/750 train_loss=0.8462 val_raw=94.62 val_ema=95.42 best_raw=95.48@455 best_ema=95.90@433 lr=0.03375 time=7.5s
[ultrawidescaledtail10_e750_s45] ep 450/750 train_loss=0.8702 val_raw=94.76 val_ema=95.72 best_raw=95.22@445 best_ema=95.94@449 lr=0.03495 time=7.3s
[ultrawidescaledtail10_e750_s46] ep 453/750 train_loss=0.8858 val_raw=94.70 val_ema=95.30 best_raw=94.92@438 best_ema=95.60@436 lr=0.03435 time=7.3s
[ultrawidescaledtail10_e750_s47] ep 448/750 train_loss=0.8421 val_raw=94.70 val_ema=95.76 best_raw=95.06@440 best_ema=95.88@433 lr=0.03535 time=7.3s
[ultrawidescaledtail10_e750_s42] ep 444/750 train_loss=0.8823 val_raw=94.60 val_ema=95.18 best_raw=95.52@437 best_ema=95.70@435 lr=0.03616 time=7.7s
[ultrawidescaledtail10_e750_s44] ep 443/750 train_loss=0.8954 val_raw=94.64 val_ema=95.38 best_raw=95.28@422 best_ema=95.70@441 lr=0.03636 time=7.6s
[ultrawidescaledtail10_e750_s49] ep 444/750 train_loss=0.8832 val_raw=94.50 val_ema=95.64 best_raw=95.16@431 best_ema=95.96@432 lr=0.03616 time=7.4s
[ultrawidescaledtail10_e750_s43] ep 447/750 train_loss=0.9029 val_raw=94.76 val_ema=95.22 best_raw=95.14@439 best_ema=95.96@432 lr=0.03556 time=7.4s
[ultrawidescaledtail10_e750_s48] ep 457/750 train_loss=0.8990 val_raw=95.10 val_ema=95.80 best_raw=95.48@455 best_ema=95.90@433 lr=0.03355 time=7.3s
[ultrawidescaledtail10_e750_s45] ep 451/750 train_loss=0.9207 val_raw=95.08 val_ema=95.58 best_raw=95.22@445 best_ema=95.94@449 lr=0.03475 time=7.3s
[ultrawidescaledtail10_e750_s46] ep 454/750 train_loss=0.9113 val_raw=94.88 val_ema=95.16 best_raw=94.92@438 best_ema=95.60@436 lr=0.03415 time=7.5s
[ultrawidescaledtail10_e750_s47] ep 449/750 train_loss=0.8543 val_raw=94.94 val_ema=96.12 best_raw=95.06@440 best_ema=96.12@449 lr=0.03515 time=7.4s
[ultrawidescaledtail10_e750_s42] ep 445/750 train_loss=0.8997 val_raw=95.26 val_ema=95.78 best_raw=95.52@437 best_ema=95.78@445 lr=0.03596 time=7.3s
[ultrawidescaledtail10_e750_s44] ep 444/750 train_loss=0.9246 val_raw=94.30 val_ema=95.34 best_raw=95.28@422 best_ema=95.70@441 lr=0.03616 time=7.7s
[ultrawidescaledtail10_e750_s49] ep 445/750 train_loss=0.8580 val_raw=94.64 val_ema=95.46 best_raw=95.16@431 best_ema=95.96@432 lr=0.03596 time=7.2s
[ultrawidescaledtail10_e750_s48] ep 458/750 train_loss=0.8818 val_raw=94.74 val_ema=95.70 best_raw=95.48@455 best_ema=95.90@433 lr=0.03335 time=7.1s
[ultrawidescaledtail10_e750_s45] ep 452/750 train_loss=0.8871 val_raw=94.84 val_ema=95.72 best_raw=95.22@445 best_ema=95.94@449 lr=0.03455 time=7.0s
[ultrawidescaledtail10_e750_s43] ep 448/750 train_loss=0.9881 val_raw=94.86 val_ema=95.80 best_raw=95.14@439 best_ema=95.96@432 lr=0.03535 time=7.7s
[ultrawidescaledtail10_e750_s46] ep 455/750 train_loss=0.9476 val_raw=94.68 val_ema=95.32 best_raw=94.92@438 best_ema=95.60@436 lr=0.03395 time=7.2s
[ultrawidescaledtail10_e750_s42] ep 446/750 train_loss=0.8569 val_raw=95.00 val_ema=95.46 best_raw=95.52@437 best_ema=95.78@445 lr=0.03576 time=7.1s
[ultrawidescaledtail10_e750_s47] ep 450/750 train_loss=0.8923 val_raw=94.76 val_ema=95.70 best_raw=95.06@440 best_ema=96.12@449 lr=0.03495 time=7.5s
[ultrawidescaledtail10_e750_s44] ep 445/750 train_loss=0.9078 val_raw=94.72 val_ema=95.18 best_raw=95.28@422 best_ema=95.70@441 lr=0.03596 time=7.5s
[ultrawidescaledtail10_e750_s49] ep 446/750 train_loss=0.8946 val_raw=94.70 val_ema=95.84 best_raw=95.16@431 best_ema=95.96@432 lr=0.03576 time=7.3s
[ultrawidescaledtail10_e750_s48] ep 459/750 train_loss=0.9020 val_raw=95.08 val_ema=96.10 best_raw=95.48@455 best_ema=96.10@459 lr=0.03315 time=7.3s
[ultrawidescaledtail10_e750_s45] ep 453/750 train_loss=0.8417 val_raw=95.08 val_ema=95.60 best_raw=95.22@445 best_ema=95.94@449 lr=0.03435 time=7.6s
[ultrawidescaledtail10_e750_s43] ep 449/750 train_loss=0.9340 val_raw=95.02 val_ema=95.72 best_raw=95.14@439 best_ema=95.96@432 lr=0.03515 time=7.5s
[ultrawidescaledtail10_e750_s46] ep 456/750 train_loss=0.8668 val_raw=94.28 val_ema=95.34 best_raw=94.92@438 best_ema=95.60@436 lr=0.03375 time=7.5s
[ultrawidescaledtail10_e750_s42] ep 447/750 train_loss=0.8656 val_raw=95.00 val_ema=95.74 best_raw=95.52@437 best_ema=95.78@445 lr=0.03556 time=7.0s
[ultrawidescaledtail10_e750_s47] ep 451/750 train_loss=0.9130 val_raw=94.78 val_ema=95.90 best_raw=95.06@440 best_ema=96.12@449 lr=0.03475 time=7.1s
[ultrawidescaledtail10_e750_s44] ep 446/750 train_loss=0.9204 val_raw=94.86 val_ema=95.48 best_raw=95.28@422 best_ema=95.70@441 lr=0.03576 time=7.5s
[ultrawidescaledtail10_e750_s49] ep 447/750 train_loss=0.8593 val_raw=95.16 val_ema=95.80 best_raw=95.16@431 best_ema=95.96@432 lr=0.03556 time=7.6s
[ultrawidescaledtail10_e750_s48] ep 460/750 train_loss=0.9059 val_raw=94.78 val_ema=95.78 best_raw=95.48@455 best_ema=96.10@459 lr=0.03295 time=7.0s
[ultrawidescaledtail10_e750_s43] ep 450/750 train_loss=0.8342 val_raw=94.90 val_ema=95.16 best_raw=95.14@439 best_ema=95.96@432 lr=0.03495 time=7.3s
[ultrawidescaledtail10_e750_s45] ep 454/750 train_loss=0.8353 val_raw=94.94 val_ema=95.16 best_raw=95.22@445 best_ema=95.94@449 lr=0.03415 time=7.6s
[ultrawidescaledtail10_e750_s46] ep 457/750 train_loss=0.9220 val_raw=94.76 val_ema=95.48 best_raw=94.92@438 best_ema=95.60@436 lr=0.03355 time=7.7s
[ultrawidescaledtail10_e750_s42] ep 448/750 train_loss=0.8873 val_raw=94.84 val_ema=95.36 best_raw=95.52@437 best_ema=95.78@445 lr=0.03535 time=7.4s
[ultrawidescaledtail10_e750_s47] ep 452/750 train_loss=0.7711 val_raw=94.70 val_ema=95.64 best_raw=95.06@440 best_ema=96.12@449 lr=0.03455 time=7.4s
[ultrawidescaledtail10_e750_s44] ep 447/750 train_loss=0.8860 val_raw=95.02 val_ema=95.18 best_raw=95.28@422 best_ema=95.70@441 lr=0.03556 time=7.3s
[ultrawidescaledtail10_e750_s48] ep 461/750 train_loss=0.9674 val_raw=95.06 val_ema=95.80 best_raw=95.48@455 best_ema=96.10@459 lr=0.03276 time=7.1s
[ultrawidescaledtail10_e750_s49] ep 448/750 train_loss=0.8550 val_raw=94.42 val_ema=95.70 best_raw=95.16@431 best_ema=95.96@432 lr=0.03535 time=7.3s
[ultrawidescaledtail10_e750_s45] ep 455/750 train_loss=0.9511 val_raw=95.24 val_ema=95.96 best_raw=95.24@455 best_ema=95.96@455 lr=0.03395 time=7.2s
[ultrawidescaledtail10_e750_s43] ep 451/750 train_loss=0.8465 val_raw=94.88 val_ema=95.66 best_raw=95.14@439 best_ema=95.96@432 lr=0.03475 time=7.8s
[ultrawidescaledtail10_e750_s46] ep 458/750 train_loss=0.8295 val_raw=94.28 val_ema=95.48 best_raw=94.92@438 best_ema=95.60@436 lr=0.03335 time=7.5s
[ultrawidescaledtail10_e750_s42] ep 449/750 train_loss=0.9095 val_raw=94.88 val_ema=95.42 best_raw=95.52@437 best_ema=95.78@445 lr=0.03515 time=7.5s
[ultrawidescaledtail10_e750_s47] ep 453/750 train_loss=0.8485 val_raw=94.76 val_ema=95.44 best_raw=95.06@440 best_ema=96.12@449 lr=0.03435 time=7.6s
[ultrawidescaledtail10_e750_s44] ep 448/750 train_loss=0.8739 val_raw=94.74 val_ema=95.44 best_raw=95.28@422 best_ema=95.70@441 lr=0.03535 time=7.3s
[ultrawidescaledtail10_e750_s48] ep 462/750 train_loss=0.8261 val_raw=94.78 val_ema=96.12 best_raw=95.48@455 best_ema=96.12@462 lr=0.03256 time=7.1s
[ultrawidescaledtail10_e750_s49] ep 449/750 train_loss=0.9042 val_raw=94.56 val_ema=95.66 best_raw=95.16@431 best_ema=95.96@432 lr=0.03515 time=7.6s
[ultrawidescaledtail10_e750_s45] ep 456/750 train_loss=0.8242 val_raw=94.76 val_ema=95.52 best_raw=95.24@455 best_ema=95.96@455 lr=0.03375 time=7.2s
[ultrawidescaledtail10_e750_s43] ep 452/750 train_loss=0.8954 val_raw=95.08 val_ema=95.82 best_raw=95.14@439 best_ema=95.96@432 lr=0.03455 time=7.1s
[ultrawidescaledtail10_e750_s46] ep 459/750 train_loss=0.9058 val_raw=94.88 val_ema=95.24 best_raw=94.92@438 best_ema=95.60@436 lr=0.03315 time=7.6s
[ultrawidescaledtail10_e750_s42] ep 450/750 train_loss=0.8283 val_raw=94.70 val_ema=95.52 best_raw=95.52@437 best_ema=95.78@445 lr=0.03495 time=7.3s
[ultrawidescaledtail10_e750_s47] ep 454/750 train_loss=0.8137 val_raw=94.88 val_ema=95.54 best_raw=95.06@440 best_ema=96.12@449 lr=0.03415 time=7.5s
[ultrawidescaledtail10_e750_s44] ep 449/750 train_loss=0.8467 val_raw=95.24 val_ema=95.68 best_raw=95.28@422 best_ema=95.70@441 lr=0.03515 time=7.4s
[ultrawidescaledtail10_e750_s48] ep 463/750 train_loss=0.8257 val_raw=95.02 val_ema=95.92 best_raw=95.48@455 best_ema=96.12@462 lr=0.03236 time=7.1s
[ultrawidescaledtail10_e750_s49] ep 450/750 train_loss=0.8979 val_raw=94.68 val_ema=95.72 best_raw=95.16@431 best_ema=95.96@432 lr=0.03495 time=7.1s
[ultrawidescaledtail10_e750_s43] ep 453/750 train_loss=0.8856 val_raw=94.80 val_ema=95.72 best_raw=95.14@439 best_ema=95.96@432 lr=0.03435 time=7.3s
[ultrawidescaledtail10_e750_s45] ep 457/750 train_loss=0.8319 val_raw=94.70 val_ema=95.82 best_raw=95.24@455 best_ema=95.96@455 lr=0.03355 time=7.7s
[ultrawidescaledtail10_e750_s46] ep 460/750 train_loss=0.8718 val_raw=94.66 val_ema=95.52 best_raw=94.92@438 best_ema=95.60@436 lr=0.03295 time=7.3s
[ultrawidescaledtail10_e750_s42] ep 451/750 train_loss=0.8788 val_raw=94.94 val_ema=95.62 best_raw=95.52@437 best_ema=95.78@445 lr=0.03475 time=7.3s
[ultrawidescaledtail10_e750_s47] ep 455/750 train_loss=0.8857 val_raw=94.76 val_ema=95.44 best_raw=95.06@440 best_ema=96.12@449 lr=0.03395 time=7.7s
[ultrawidescaledtail10_e750_s48] ep 464/750 train_loss=0.8948 val_raw=94.94 val_ema=95.64 best_raw=95.48@455 best_ema=96.12@462 lr=0.03216 time=7.3s
[ultrawidescaledtail10_e750_s44] ep 450/750 train_loss=0.9249 val_raw=95.00 val_ema=95.62 best_raw=95.28@422 best_ema=95.70@441 lr=0.03495 time=7.4s
[ultrawidescaledtail10_e750_s49] ep 451/750 train_loss=0.8262 val_raw=94.76 val_ema=96.04 best_raw=95.16@431 best_ema=96.04@451 lr=0.03475 time=7.3s
[ultrawidescaledtail10_e750_s43] ep 454/750 train_loss=0.8565 val_raw=94.80 val_ema=95.50 best_raw=95.14@439 best_ema=95.96@432 lr=0.03415 time=7.1s
[ultrawidescaledtail10_e750_s45] ep 458/750 train_loss=0.8520 val_raw=94.42 val_ema=95.86 best_raw=95.24@455 best_ema=95.96@455 lr=0.03335 time=7.5s
[ultrawidescaledtail10_e750_s46] ep 461/750 train_loss=0.8679 val_raw=94.58 val_ema=95.62 best_raw=94.92@438 best_ema=95.62@461 lr=0.03276 time=7.4s
[ultrawidescaledtail10_e750_s42] ep 452/750 train_loss=0.8271 val_raw=94.38 val_ema=95.70 best_raw=95.52@437 best_ema=95.78@445 lr=0.03455 time=7.9s
[ultrawidescaledtail10_e750_s47] ep 456/750 train_loss=0.8518 val_raw=94.76 val_ema=95.48 best_raw=95.06@440 best_ema=96.12@449 lr=0.03375 time=7.1s
[ultrawidescaledtail10_e750_s48] ep 465/750 train_loss=0.9303 val_raw=94.46 val_ema=95.94 best_raw=95.48@455 best_ema=96.12@462 lr=0.03197 time=7.4s
[ultrawidescaledtail10_e750_s44] ep 451/750 train_loss=0.8900 val_raw=94.74 val_ema=95.30 best_raw=95.28@422 best_ema=95.70@441 lr=0.03475 time=7.8s
[ultrawidescaledtail10_e750_s49] ep 452/750 train_loss=0.9753 val_raw=95.06 val_ema=95.62 best_raw=95.16@431 best_ema=96.04@451 lr=0.03455 time=7.4s
[ultrawidescaledtail10_e750_s43] ep 455/750 train_loss=0.8081 val_raw=94.42 val_ema=95.76 best_raw=95.14@439 best_ema=95.96@432 lr=0.03395 time=7.6s
[ultrawidescaledtail10_e750_s45] ep 459/750 train_loss=0.8317 val_raw=94.48 val_ema=95.84 best_raw=95.24@455 best_ema=95.96@455 lr=0.03315 time=7.2s
[ultrawidescaledtail10_e750_s46] ep 462/750 train_loss=0.9308 val_raw=94.82 val_ema=95.26 best_raw=94.92@438 best_ema=95.62@461 lr=0.03256 time=7.3s
[ultrawidescaledtail10_e750_s42] ep 453/750 train_loss=0.8651 val_raw=94.66 val_ema=95.40 best_raw=95.52@437 best_ema=95.78@445 lr=0.03435 time=7.2s
[ultrawidescaledtail10_e750_s47] ep 457/750 train_loss=0.8719 val_raw=94.88 val_ema=95.74 best_raw=95.06@440 best_ema=96.12@449 lr=0.03355 time=7.4s
[ultrawidescaledtail10_e750_s48] ep 466/750 train_loss=0.9031 val_raw=94.86 val_ema=96.06 best_raw=95.48@455 best_ema=96.12@462 lr=0.03177 time=7.3s
[ultrawidescaledtail10_e750_s44] ep 452/750 train_loss=0.8500 val_raw=95.10 val_ema=95.02 best_raw=95.28@422 best_ema=95.70@441 lr=0.03455 time=7.3s
[ultrawidescaledtail10_e750_s49] ep 453/750 train_loss=0.9494 val_raw=94.84 val_ema=95.76 best_raw=95.16@431 best_ema=96.04@451 lr=0.03435 time=7.2s
[ultrawidescaledtail10_e750_s45] ep 460/750 train_loss=0.8673 val_raw=95.06 val_ema=95.62 best_raw=95.24@455 best_ema=95.96@455 lr=0.03295 time=7.3s
[ultrawidescaledtail10_e750_s43] ep 456/750 train_loss=0.8667 val_raw=94.46 val_ema=95.50 best_raw=95.14@439 best_ema=95.96@432 lr=0.03375 time=7.5s
[ultrawidescaledtail10_e750_s46] ep 463/750 train_loss=0.9311 val_raw=94.52 val_ema=95.48 best_raw=94.92@438 best_ema=95.62@461 lr=0.03236 time=7.2s
[ultrawidescaledtail10_e750_s42] ep 454/750 train_loss=0.8645 val_raw=95.06 val_ema=95.44 best_raw=95.52@437 best_ema=95.78@445 lr=0.03415 time=7.4s
[ultrawidescaledtail10_e750_s47] ep 458/750 train_loss=0.9446 val_raw=94.70 val_ema=95.82 best_raw=95.06@440 best_ema=96.12@449 lr=0.03335 time=7.6s
[ultrawidescaledtail10_e750_s48] ep 467/750 train_loss=0.8822 val_raw=94.78 val_ema=95.82 best_raw=95.48@455 best_ema=96.12@462 lr=0.03157 time=7.1s
[ultrawidescaledtail10_e750_s44] ep 453/750 train_loss=0.8897 val_raw=94.74 val_ema=95.74 best_raw=95.28@422 best_ema=95.74@453 lr=0.03435 time=7.2s
[ultrawidescaledtail10_e750_s49] ep 454/750 train_loss=0.8688 val_raw=95.24 val_ema=95.76 best_raw=95.24@454 best_ema=96.04@451 lr=0.03415 time=7.9s
[ultrawidescaledtail10_e750_s45] ep 461/750 train_loss=0.8585 val_raw=95.04 val_ema=95.72 best_raw=95.24@455 best_ema=95.96@455 lr=0.03276 time=7.0s
[ultrawidescaledtail10_e750_s43] ep 457/750 train_loss=0.8726 val_raw=94.50 val_ema=95.78 best_raw=95.14@439 best_ema=95.96@432 lr=0.03355 time=7.1s
[ultrawidescaledtail10_e750_s46] ep 464/750 train_loss=0.8671 val_raw=94.86 val_ema=95.44 best_raw=94.92@438 best_ema=95.62@461 lr=0.03216 time=7.6s
[ultrawidescaledtail10_e750_s47] ep 459/750 train_loss=0.9303 val_raw=94.72 val_ema=96.02 best_raw=95.06@440 best_ema=96.12@449 lr=0.03315 time=7.1s
[ultrawidescaledtail10_e750_s42] ep 455/750 train_loss=0.8558 val_raw=94.64 val_ema=95.82 best_raw=95.52@437 best_ema=95.82@455 lr=0.03395 time=7.6s
[ultrawidescaledtail10_e750_s48] ep 468/750 train_loss=0.8293 val_raw=94.90 val_ema=95.88 best_raw=95.48@455 best_ema=96.12@462 lr=0.03138 time=7.3s
[ultrawidescaledtail10_e750_s44] ep 454/750 train_loss=0.8402 val_raw=94.82 val_ema=95.52 best_raw=95.28@422 best_ema=95.74@453 lr=0.03415 time=7.9s
[ultrawidescaledtail10_e750_s45] ep 462/750 train_loss=0.8610 val_raw=94.82 val_ema=95.26 best_raw=95.24@455 best_ema=95.96@455 lr=0.03256 time=7.0s
[ultrawidescaledtail10_e750_s49] ep 455/750 train_loss=0.9094 val_raw=94.70 val_ema=95.82 best_raw=95.24@454 best_ema=96.04@451 lr=0.03395 time=7.6s
[ultrawidescaledtail10_e750_s43] ep 458/750 train_loss=1.0081 val_raw=94.98 val_ema=95.68 best_raw=95.14@439 best_ema=95.96@432 lr=0.03335 time=7.3s
[ultrawidescaledtail10_e750_s46] ep 465/750 train_loss=0.9019 val_raw=95.04 val_ema=95.38 best_raw=95.04@465 best_ema=95.62@461 lr=0.03197 time=7.4s
[ultrawidescaledtail10_e750_s47] ep 460/750 train_loss=0.8159 val_raw=95.34 val_ema=95.82 best_raw=95.34@460 best_ema=96.12@449 lr=0.03295 time=7.2s
[ultrawidescaledtail10_e750_s42] ep 456/750 train_loss=0.8976 val_raw=95.04 val_ema=95.80 best_raw=95.52@437 best_ema=95.82@455 lr=0.03375 time=7.5s
[ultrawidescaledtail10_e750_s48] ep 469/750 train_loss=0.8437 val_raw=94.66 val_ema=95.88 best_raw=95.48@455 best_ema=96.12@462 lr=0.03118 time=7.2s
[ultrawidescaledtail10_e750_s44] ep 455/750 train_loss=0.9139 val_raw=95.04 val_ema=95.58 best_raw=95.28@422 best_ema=95.74@453 lr=0.03395 time=7.4s
[ultrawidescaledtail10_e750_s45] ep 463/750 train_loss=0.8579 val_raw=94.82 val_ema=95.94 best_raw=95.24@455 best_ema=95.96@455 lr=0.03236 time=7.4s
[ultrawidescaledtail10_e750_s49] ep 456/750 train_loss=0.8611 val_raw=94.82 val_ema=95.70 best_raw=95.24@454 best_ema=96.04@451 lr=0.03375 time=7.4s
[ultrawidescaledtail10_e750_s43] ep 459/750 train_loss=0.9251 val_raw=94.60 val_ema=95.72 best_raw=95.14@439 best_ema=95.96@432 lr=0.03315 time=7.2s
[ultrawidescaledtail10_e750_s46] ep 466/750 train_loss=0.9177 val_raw=94.74 val_ema=95.40 best_raw=95.04@465 best_ema=95.62@461 lr=0.03177 time=7.6s
[ultrawidescaledtail10_e750_s47] ep 461/750 train_loss=0.8794 val_raw=95.00 val_ema=95.66 best_raw=95.34@460 best_ema=96.12@449 lr=0.03276 time=7.6s
[ultrawidescaledtail10_e750_s42] ep 457/750 train_loss=0.8886 val_raw=95.32 val_ema=95.62 best_raw=95.52@437 best_ema=95.82@455 lr=0.03355 time=7.3s
[ultrawidescaledtail10_e750_s48] ep 470/750 train_loss=0.7802 val_raw=94.82 val_ema=95.88 best_raw=95.48@455 best_ema=96.12@462 lr=0.03099 time=7.1s
[ultrawidescaledtail10_e750_s44] ep 456/750 train_loss=0.8256 val_raw=94.74 val_ema=95.56 best_raw=95.28@422 best_ema=95.74@453 lr=0.03375 time=7.5s
[ultrawidescaledtail10_e750_s49] ep 457/750 train_loss=0.8932 val_raw=94.52 val_ema=95.58 best_raw=95.24@454 best_ema=96.04@451 lr=0.03355 time=7.2s
[ultrawidescaledtail10_e750_s43] ep 460/750 train_loss=0.8590 val_raw=95.14 val_ema=95.84 best_raw=95.14@439 best_ema=95.96@432 lr=0.03295 time=7.2s
[ultrawidescaledtail10_e750_s45] ep 464/750 train_loss=0.8943 val_raw=94.96 val_ema=95.48 best_raw=95.24@455 best_ema=95.96@455 lr=0.03216 time=7.5s
[ultrawidescaledtail10_e750_s46] ep 467/750 train_loss=0.8692 val_raw=94.90 val_ema=95.46 best_raw=95.04@465 best_ema=95.62@461 lr=0.03157 time=7.3s
[ultrawidescaledtail10_e750_s47] ep 462/750 train_loss=0.8883 val_raw=94.72 val_ema=95.82 best_raw=95.34@460 best_ema=96.12@449 lr=0.03256 time=7.1s
[ultrawidescaledtail10_e750_s48] ep 471/750 train_loss=0.8403 val_raw=95.08 val_ema=95.80 best_raw=95.48@455 best_ema=96.12@462 lr=0.03079 time=7.1s
[ultrawidescaledtail10_e750_s42] ep 458/750 train_loss=0.8341 val_raw=95.18 val_ema=95.08 best_raw=95.52@437 best_ema=95.82@455 lr=0.03335 time=7.6s
[ultrawidescaledtail10_e750_s45] ep 465/750 train_loss=0.8939 val_raw=95.02 val_ema=95.26 best_raw=95.24@455 best_ema=95.96@455 lr=0.03197 time=7.1s
[ultrawidescaledtail10_e750_s49] ep 458/750 train_loss=0.8378 val_raw=94.86 val_ema=95.86 best_raw=95.24@454 best_ema=96.04@451 lr=0.03335 time=7.5s
[ultrawidescaledtail10_e750_s44] ep 457/750 train_loss=0.8609 val_raw=95.06 val_ema=95.36 best_raw=95.28@422 best_ema=95.74@453 lr=0.03355 time=7.8s
[ultrawidescaledtail10_e750_s43] ep 461/750 train_loss=0.8424 val_raw=95.10 val_ema=95.78 best_raw=95.14@439 best_ema=95.96@432 lr=0.03276 time=7.6s
[ultrawidescaledtail10_e750_s46] ep 468/750 train_loss=0.8748 val_raw=94.34 val_ema=95.38 best_raw=95.04@465 best_ema=95.62@461 lr=0.03138 time=7.0s
[ultrawidescaledtail10_e750_s47] ep 463/750 train_loss=0.8925 val_raw=94.62 val_ema=95.86 best_raw=95.34@460 best_ema=96.12@449 lr=0.03236 time=7.3s
[ultrawidescaledtail10_e750_s48] ep 472/750 train_loss=0.8635 val_raw=94.66 val_ema=95.80 best_raw=95.48@455 best_ema=96.12@462 lr=0.03060 time=7.2s
[ultrawidescaledtail10_e750_s42] ep 459/750 train_loss=0.8915 val_raw=95.08 val_ema=95.74 best_raw=95.52@437 best_ema=95.82@455 lr=0.03315 time=7.5s
[ultrawidescaledtail10_e750_s49] ep 459/750 train_loss=0.8765 val_raw=94.62 val_ema=95.60 best_raw=95.24@454 best_ema=96.04@451 lr=0.03315 time=7.4s
[ultrawidescaledtail10_e750_s43] ep 462/750 train_loss=0.9511 val_raw=95.32 val_ema=96.02 best_raw=95.32@462 best_ema=96.02@462 lr=0.03256 time=7.1s
[ultrawidescaledtail10_e750_s44] ep 458/750 train_loss=0.9424 val_raw=94.70 val_ema=95.12 best_raw=95.28@422 best_ema=95.74@453 lr=0.03335 time=7.7s
[ultrawidescaledtail10_e750_s45] ep 466/750 train_loss=0.8458 val_raw=94.80 val_ema=95.78 best_raw=95.24@455 best_ema=95.96@455 lr=0.03177 time=8.0s
[ultrawidescaledtail10_e750_s46] ep 469/750 train_loss=0.9516 val_raw=95.06 val_ema=95.58 best_raw=95.06@469 best_ema=95.62@461 lr=0.03118 time=7.2s
[ultrawidescaledtail10_e750_s48] ep 473/750 train_loss=0.9128 val_raw=94.64 val_ema=95.52 best_raw=95.48@455 best_ema=96.12@462 lr=0.03040 time=7.1s
[ultrawidescaledtail10_e750_s47] ep 464/750 train_loss=0.8779 val_raw=94.38 val_ema=95.80 best_raw=95.34@460 best_ema=96.12@449 lr=0.03216 time=7.3s
[ultrawidescaledtail10_e750_s42] ep 460/750 train_loss=0.8912 val_raw=95.28 val_ema=95.36 best_raw=95.52@437 best_ema=95.82@455 lr=0.03295 time=7.5s
[ultrawidescaledtail10_e750_s49] ep 460/750 train_loss=0.8399 val_raw=94.94 val_ema=95.56 best_raw=95.24@454 best_ema=96.04@451 lr=0.03295 time=7.1s
[ultrawidescaledtail10_e750_s43] ep 463/750 train_loss=0.8994 val_raw=95.10 val_ema=95.46 best_raw=95.32@462 best_ema=96.02@462 lr=0.03236 time=7.6s
[ultrawidescaledtail10_e750_s45] ep 467/750 train_loss=0.9117 val_raw=94.84 val_ema=95.80 best_raw=95.24@455 best_ema=95.96@455 lr=0.03157 time=7.4s
[ultrawidescaledtail10_e750_s44] ep 459/750 train_loss=0.8958 val_raw=94.86 val_ema=95.32 best_raw=95.28@422 best_ema=95.74@453 lr=0.03315 time=7.5s
[ultrawidescaledtail10_e750_s46] ep 470/750 train_loss=0.9013 val_raw=94.72 val_ema=95.68 best_raw=95.06@469 best_ema=95.68@470 lr=0.03099 time=7.1s
[ultrawidescaledtail10_e750_s47] ep 465/750 train_loss=0.8587 val_raw=95.02 val_ema=95.94 best_raw=95.34@460 best_ema=96.12@449 lr=0.03197 time=7.0s
[ultrawidescaledtail10_e750_s48] ep 474/750 train_loss=0.8962 val_raw=94.56 val_ema=95.36 best_raw=95.48@455 best_ema=96.12@462 lr=0.03021 time=7.6s
[ultrawidescaledtail10_e750_s42] ep 461/750 train_loss=0.8663 val_raw=94.70 val_ema=95.56 best_raw=95.52@437 best_ema=95.82@455 lr=0.03276 time=7.3s
[ultrawidescaledtail10_e750_s49] ep 461/750 train_loss=0.8161 val_raw=95.06 val_ema=95.62 best_raw=95.24@454 best_ema=96.04@451 lr=0.03276 time=7.5s
[ultrawidescaledtail10_e750_s43] ep 464/750 train_loss=1.0146 val_raw=95.24 val_ema=96.12 best_raw=95.32@462 best_ema=96.12@464 lr=0.03216 time=7.2s
[ultrawidescaledtail10_e750_s44] ep 460/750 train_loss=0.8886 val_raw=95.08 val_ema=95.56 best_raw=95.28@422 best_ema=95.74@453 lr=0.03295 time=7.1s
[ultrawidescaledtail10_e750_s45] ep 468/750 train_loss=0.8954 val_raw=95.26 val_ema=95.84 best_raw=95.26@468 best_ema=95.96@455 lr=0.03138 time=7.4s
[ultrawidescaledtail10_e750_s46] ep 471/750 train_loss=0.8745 val_raw=94.80 val_ema=95.50 best_raw=95.06@469 best_ema=95.68@470 lr=0.03079 time=7.0s
[ultrawidescaledtail10_e750_s47] ep 466/750 train_loss=0.8374 val_raw=94.84 val_ema=95.42 best_raw=95.34@460 best_ema=96.12@449 lr=0.03177 time=7.7s
[ultrawidescaledtail10_e750_s48] ep 475/750 train_loss=0.8879 val_raw=94.94 val_ema=95.52 best_raw=95.48@455 best_ema=96.12@462 lr=0.03002 time=7.4s
[ultrawidescaledtail10_e750_s42] ep 462/750 train_loss=0.8596 val_raw=95.34 val_ema=95.60 best_raw=95.52@437 best_ema=95.82@455 lr=0.03256 time=7.6s
[ultrawidescaledtail10_e750_s49] ep 462/750 train_loss=0.8543 val_raw=95.14 val_ema=95.90 best_raw=95.24@454 best_ema=96.04@451 lr=0.03256 time=7.8s
[ultrawidescaledtail10_e750_s43] ep 465/750 train_loss=0.8815 val_raw=94.72 val_ema=96.18 best_raw=95.32@462 best_ema=96.18@465 lr=0.03197 time=7.6s
[ultrawidescaledtail10_e750_s44] ep 461/750 train_loss=0.8517 val_raw=95.20 val_ema=95.50 best_raw=95.28@422 best_ema=95.74@453 lr=0.03276 time=7.4s
[ultrawidescaledtail10_e750_s45] ep 469/750 train_loss=0.8981 val_raw=95.16 val_ema=95.54 best_raw=95.26@468 best_ema=95.96@455 lr=0.03118 time=7.8s
[ultrawidescaledtail10_e750_s46] ep 472/750 train_loss=0.8273 val_raw=95.20 val_ema=95.90 best_raw=95.20@472 best_ema=95.90@472 lr=0.03060 time=7.1s
[ultrawidescaledtail10_e750_s48] ep 476/750 train_loss=0.8858 val_raw=95.04 val_ema=95.62 best_raw=95.48@455 best_ema=96.12@462 lr=0.02982 time=7.4s
[ultrawidescaledtail10_e750_s47] ep 467/750 train_loss=0.9125 val_raw=94.88 val_ema=95.42 best_raw=95.34@460 best_ema=96.12@449 lr=0.03157 time=7.7s
[ultrawidescaledtail10_e750_s42] ep 463/750 train_loss=0.8910 val_raw=95.06 val_ema=95.44 best_raw=95.52@437 best_ema=95.82@455 lr=0.03236 time=7.3s
[ultrawidescaledtail10_e750_s43] ep 466/750 train_loss=0.9562 val_raw=95.10 val_ema=95.82 best_raw=95.32@462 best_ema=96.18@465 lr=0.03177 time=7.4s
[ultrawidescaledtail10_e750_s44] ep 462/750 train_loss=0.8809 val_raw=95.30 val_ema=95.56 best_raw=95.30@462 best_ema=95.74@453 lr=0.03256 time=7.5s
[ultrawidescaledtail10_e750_s49] ep 463/750 train_loss=0.9332 val_raw=95.24 val_ema=96.10 best_raw=95.24@454 best_ema=96.10@463 lr=0.03236 time=7.6s
[ultrawidescaledtail10_e750_s45] ep 470/750 train_loss=0.8900 val_raw=94.66 val_ema=96.10 best_raw=95.26@468 best_ema=96.10@470 lr=0.03099 time=7.6s
[ultrawidescaledtail10_e750_s46] ep 473/750 train_loss=0.8596 val_raw=94.78 val_ema=95.34 best_raw=95.20@472 best_ema=95.90@472 lr=0.03040 time=7.3s
[ultrawidescaledtail10_e750_s48] ep 477/750 train_loss=0.8684 val_raw=95.38 val_ema=95.60 best_raw=95.48@455 best_ema=96.12@462 lr=0.02963 time=7.2s
[ultrawidescaledtail10_e750_s47] ep 468/750 train_loss=0.8401 val_raw=95.00 val_ema=95.74 best_raw=95.34@460 best_ema=96.12@449 lr=0.03138 time=7.5s
[ultrawidescaledtail10_e750_s42] ep 464/750 train_loss=0.9070 val_raw=95.16 val_ema=95.68 best_raw=95.52@437 best_ema=95.82@455 lr=0.03216 time=7.3s
[ultrawidescaledtail10_e750_s44] ep 463/750 train_loss=0.8617 val_raw=94.90 val_ema=95.44 best_raw=95.30@462 best_ema=95.74@453 lr=0.03236 time=7.1s
[ultrawidescaledtail10_e750_s43] ep 467/750 train_loss=1.0021 val_raw=95.36 val_ema=95.36 best_raw=95.36@467 best_ema=96.18@465 lr=0.03157 time=7.6s
[ultrawidescaledtail10_e750_s49] ep 464/750 train_loss=0.8784 val_raw=95.32 val_ema=95.68 best_raw=95.32@464 best_ema=96.10@463 lr=0.03216 time=7.5s
[ultrawidescaledtail10_e750_s45] ep 471/750 train_loss=0.8724 val_raw=94.78 val_ema=95.58 best_raw=95.26@468 best_ema=96.10@470 lr=0.03079 time=7.5s
[ultrawidescaledtail10_e750_s46] ep 474/750 train_loss=0.8868 val_raw=94.84 val_ema=96.00 best_raw=95.20@472 best_ema=96.00@474 lr=0.03021 time=7.2s
[ultrawidescaledtail10_e750_s48] ep 478/750 train_loss=0.8441 val_raw=94.92 val_ema=95.92 best_raw=95.48@455 best_ema=96.12@462 lr=0.02944 time=7.3s
[ultrawidescaledtail10_e750_s47] ep 469/750 train_loss=0.9463 val_raw=94.96 val_ema=95.74 best_raw=95.34@460 best_ema=96.12@449 lr=0.03118 time=7.4s
[ultrawidescaledtail10_e750_s42] ep 465/750 train_loss=0.8412 val_raw=95.02 val_ema=95.98 best_raw=95.52@437 best_ema=95.98@465 lr=0.03197 time=7.0s
[ultrawidescaledtail10_e750_s44] ep 464/750 train_loss=0.9405 val_raw=94.94 val_ema=95.12 best_raw=95.30@462 best_ema=95.74@453 lr=0.03216 time=7.4s
[ultrawidescaledtail10_e750_s43] ep 468/750 train_loss=0.9216 val_raw=95.26 val_ema=95.98 best_raw=95.36@467 best_ema=96.18@465 lr=0.03138 time=7.3s
[ultrawidescaledtail10_e750_s49] ep 465/750 train_loss=0.8413 val_raw=95.24 val_ema=96.00 best_raw=95.32@464 best_ema=96.10@463 lr=0.03197 time=7.8s
[ultrawidescaledtail10_e750_s45] ep 472/750 train_loss=0.8685 val_raw=95.18 val_ema=95.64 best_raw=95.26@468 best_ema=96.10@470 lr=0.03060 time=7.4s
[ultrawidescaledtail10_e750_s46] ep 475/750 train_loss=0.8363 val_raw=95.20 val_ema=95.64 best_raw=95.20@472 best_ema=96.00@474 lr=0.03002 time=7.1s
[ultrawidescaledtail10_e750_s48] ep 479/750 train_loss=0.8560 val_raw=94.78 val_ema=95.98 best_raw=95.48@455 best_ema=96.12@462 lr=0.02925 time=7.3s
[ultrawidescaledtail10_e750_s47] ep 470/750 train_loss=0.9173 val_raw=94.72 val_ema=95.94 best_raw=95.34@460 best_ema=96.12@449 lr=0.03099 time=7.4s
[ultrawidescaledtail10_e750_s42] ep 466/750 train_loss=0.8232 val_raw=95.00 val_ema=95.90 best_raw=95.52@437 best_ema=95.98@465 lr=0.03177 time=7.8s
[ultrawidescaledtail10_e750_s44] ep 465/750 train_loss=0.8617 val_raw=94.90 val_ema=95.04 best_raw=95.30@462 best_ema=95.74@453 lr=0.03197 time=7.3s
[ultrawidescaledtail10_e750_s43] ep 469/750 train_loss=0.8694 val_raw=95.34 val_ema=96.22 best_raw=95.36@467 best_ema=96.22@469 lr=0.03118 time=7.4s
[ultrawidescaledtail10_e750_s45] ep 473/750 train_loss=0.8625 val_raw=94.72 val_ema=95.76 best_raw=95.26@468 best_ema=96.10@470 lr=0.03040 time=7.1s
[ultrawidescaledtail10_e750_s49] ep 466/750 train_loss=0.8449 val_raw=95.02 val_ema=95.92 best_raw=95.32@464 best_ema=96.10@463 lr=0.03177 time=7.9s
[ultrawidescaledtail10_e750_s46] ep 476/750 train_loss=0.8303 val_raw=94.88 val_ema=95.80 best_raw=95.20@472 best_ema=96.00@474 lr=0.02982 time=7.4s
[ultrawidescaledtail10_e750_s48] ep 480/750 train_loss=0.9074 val_raw=94.88 val_ema=95.04 best_raw=95.48@455 best_ema=96.12@462 lr=0.02906 time=7.6s
[ultrawidescaledtail10_e750_s47] ep 471/750 train_loss=0.8715 val_raw=94.94 val_ema=95.72 best_raw=95.34@460 best_ema=96.12@449 lr=0.03079 time=7.4s
[ultrawidescaledtail10_e750_s42] ep 467/750 train_loss=0.9219 val_raw=94.70 val_ema=95.70 best_raw=95.52@437 best_ema=95.98@465 lr=0.03157 time=7.2s
[ultrawidescaledtail10_e750_s44] ep 466/750 train_loss=0.8341 val_raw=95.14 val_ema=95.60 best_raw=95.30@462 best_ema=95.74@453 lr=0.03177 time=7.3s
[ultrawidescaledtail10_e750_s43] ep 470/750 train_loss=0.8365 val_raw=95.16 val_ema=96.20 best_raw=95.36@467 best_ema=96.22@469 lr=0.03099 time=7.4s
[ultrawidescaledtail10_e750_s45] ep 474/750 train_loss=0.8961 val_raw=95.08 val_ema=95.74 best_raw=95.26@468 best_ema=96.10@470 lr=0.03021 time=7.7s
[ultrawidescaledtail10_e750_s49] ep 467/750 train_loss=0.9093 val_raw=94.70 val_ema=95.92 best_raw=95.32@464 best_ema=96.10@463 lr=0.03157 time=7.3s
[ultrawidescaledtail10_e750_s46] ep 477/750 train_loss=0.9887 val_raw=94.90 val_ema=95.24 best_raw=95.20@472 best_ema=96.00@474 lr=0.02963 time=7.4s
[ultrawidescaledtail10_e750_s48] ep 481/750 train_loss=0.8810 val_raw=95.18 val_ema=95.60 best_raw=95.48@455 best_ema=96.12@462 lr=0.02886 time=7.3s
[ultrawidescaledtail10_e750_s47] ep 472/750 train_loss=0.8923 val_raw=95.14 val_ema=95.88 best_raw=95.34@460 best_ema=96.12@449 lr=0.03060 time=7.4s
[ultrawidescaledtail10_e750_s42] ep 468/750 train_loss=0.8085 val_raw=95.28 val_ema=96.22 best_raw=95.52@437 best_ema=96.22@468 lr=0.03138 time=7.4s
[ultrawidescaledtail10_e750_s44] ep 467/750 train_loss=0.9010 val_raw=95.18 val_ema=95.76 best_raw=95.30@462 best_ema=95.76@467 lr=0.03157 time=7.9s
[ultrawidescaledtail10_e750_s43] ep 471/750 train_loss=0.9018 val_raw=94.98 val_ema=96.08 best_raw=95.36@467 best_ema=96.22@469 lr=0.03079 time=7.6s
[ultrawidescaledtail10_e750_s49] ep 468/750 train_loss=0.8410 val_raw=95.12 val_ema=95.84 best_raw=95.32@464 best_ema=96.10@463 lr=0.03138 time=7.2s
[ultrawidescaledtail10_e750_s45] ep 475/750 train_loss=0.9054 val_raw=94.92 val_ema=95.74 best_raw=95.26@468 best_ema=96.10@470 lr=0.03002 time=7.4s
[ultrawidescaledtail10_e750_s46] ep 478/750 train_loss=0.9572 val_raw=95.14 val_ema=95.62 best_raw=95.20@472 best_ema=96.00@474 lr=0.02944 time=7.3s
[ultrawidescaledtail10_e750_s48] ep 482/750 train_loss=0.9385 val_raw=94.94 val_ema=95.84 best_raw=95.48@455 best_ema=96.12@462 lr=0.02867 time=7.4s
[ultrawidescaledtail10_e750_s47] ep 473/750 train_loss=0.9186 val_raw=94.82 val_ema=95.56 best_raw=95.34@460 best_ema=96.12@449 lr=0.03040 time=7.0s
[ultrawidescaledtail10_e750_s42] ep 469/750 train_loss=0.8295 val_raw=95.46 val_ema=96.06 best_raw=95.52@437 best_ema=96.22@468 lr=0.03118 time=7.2s
[ultrawidescaledtail10_e750_s43] ep 472/750 train_loss=0.8732 val_raw=95.04 val_ema=95.96 best_raw=95.36@467 best_ema=96.22@469 lr=0.03060 time=7.3s
[ultrawidescaledtail10_e750_s44] ep 468/750 train_loss=0.8844 val_raw=95.16 val_ema=95.88 best_raw=95.30@462 best_ema=95.88@468 lr=0.03138 time=7.4s
[ultrawidescaledtail10_e750_s45] ep 476/750 train_loss=0.9073 val_raw=94.50 val_ema=95.88 best_raw=95.26@468 best_ema=96.10@470 lr=0.02982 time=7.0s
[ultrawidescaledtail10_e750_s49] ep 469/750 train_loss=0.8442 val_raw=95.02 val_ema=95.80 best_raw=95.32@464 best_ema=96.10@463 lr=0.03118 time=7.4s
[ultrawidescaledtail10_e750_s46] ep 479/750 train_loss=0.9073 val_raw=94.88 val_ema=95.44 best_raw=95.20@472 best_ema=96.00@474 lr=0.02925 time=7.4s
[ultrawidescaledtail10_e750_s47] ep 474/750 train_loss=0.9246 val_raw=95.30 val_ema=95.60 best_raw=95.34@460 best_ema=96.12@449 lr=0.03021 time=7.0s
[ultrawidescaledtail10_e750_s48] ep 483/750 train_loss=0.8850 val_raw=95.36 val_ema=95.74 best_raw=95.48@455 best_ema=96.12@462 lr=0.02848 time=7.4s
[ultrawidescaledtail10_e750_s42] ep 470/750 train_loss=0.8390 val_raw=95.38 val_ema=95.86 best_raw=95.52@437 best_ema=96.22@468 lr=0.03099 time=7.7s
[ultrawidescaledtail10_e750_s44] ep 469/750 train_loss=0.9979 val_raw=94.66 val_ema=95.36 best_raw=95.30@462 best_ema=95.88@468 lr=0.03118 time=7.3s
[ultrawidescaledtail10_e750_s43] ep 473/750 train_loss=0.8223 val_raw=95.10 val_ema=95.98 best_raw=95.36@467 best_ema=96.22@469 lr=0.03040 time=7.7s
[ultrawidescaledtail10_e750_s45] ep 477/750 train_loss=0.9258 val_raw=95.26 val_ema=95.86 best_raw=95.26@468 best_ema=96.10@470 lr=0.02963 time=7.4s
[ultrawidescaledtail10_e750_s49] ep 470/750 train_loss=0.9683 val_raw=95.02 val_ema=96.06 best_raw=95.32@464 best_ema=96.10@463 lr=0.03099 time=7.7s
[ultrawidescaledtail10_e750_s46] ep 480/750 train_loss=0.8757 val_raw=94.96 val_ema=95.66 best_raw=95.20@472 best_ema=96.00@474 lr=0.02906 time=7.3s
[ultrawidescaledtail10_e750_s47] ep 475/750 train_loss=0.9405 val_raw=95.38 val_ema=95.32 best_raw=95.38@475 best_ema=96.12@449 lr=0.03002 time=7.2s
[ultrawidescaledtail10_e750_s48] ep 484/750 train_loss=0.8153 val_raw=94.94 val_ema=95.78 best_raw=95.48@455 best_ema=96.12@462 lr=0.02829 time=7.2s
[ultrawidescaledtail10_e750_s42] ep 471/750 train_loss=0.9173 val_raw=95.20 val_ema=95.50 best_raw=95.52@437 best_ema=96.22@468 lr=0.03079 time=7.7s
[ultrawidescaledtail10_e750_s44] ep 470/750 train_loss=0.8177 val_raw=95.20 val_ema=95.56 best_raw=95.30@462 best_ema=95.88@468 lr=0.03099 time=7.6s
[ultrawidescaledtail10_e750_s43] ep 474/750 train_loss=0.8623 val_raw=95.04 val_ema=95.98 best_raw=95.36@467 best_ema=96.22@469 lr=0.03021 time=7.4s
[ultrawidescaledtail10_e750_s45] ep 478/750 train_loss=0.9253 val_raw=94.40 val_ema=95.82 best_raw=95.26@468 best_ema=96.10@470 lr=0.02944 time=7.6s
[ultrawidescaledtail10_e750_s49] ep 471/750 train_loss=0.8985 val_raw=95.10 val_ema=95.96 best_raw=95.32@464 best_ema=96.10@463 lr=0.03079 time=7.4s
[ultrawidescaledtail10_e750_s46] ep 481/750 train_loss=0.8639 val_raw=95.24 val_ema=95.64 best_raw=95.24@481 best_ema=96.00@474 lr=0.02886 time=7.3s
[ultrawidescaledtail10_e750_s48] ep 485/750 train_loss=0.9806 val_raw=94.92 val_ema=95.46 best_raw=95.48@455 best_ema=96.12@462 lr=0.02810 time=7.1s
[ultrawidescaledtail10_e750_s47] ep 476/750 train_loss=0.9439 val_raw=95.22 val_ema=95.72 best_raw=95.38@475 best_ema=96.12@449 lr=0.02982 time=7.6s
[ultrawidescaledtail10_e750_s42] ep 472/750 train_loss=0.8071 val_raw=94.92 val_ema=95.82 best_raw=95.52@437 best_ema=96.22@468 lr=0.03060 time=7.6s
[ultrawidescaledtail10_e750_s43] ep 475/750 train_loss=0.8702 val_raw=94.92 val_ema=95.78 best_raw=95.36@467 best_ema=96.22@469 lr=0.03002 time=7.2s
[ultrawidescaledtail10_e750_s44] ep 471/750 train_loss=0.8651 val_raw=94.58 val_ema=95.96 best_raw=95.30@462 best_ema=95.96@471 lr=0.03079 time=7.7s
[ultrawidescaledtail10_e750_s45] ep 479/750 train_loss=0.8600 val_raw=94.88 val_ema=95.84 best_raw=95.26@468 best_ema=96.10@470 lr=0.02925 time=7.4s
[ultrawidescaledtail10_e750_s49] ep 472/750 train_loss=0.8369 val_raw=94.60 val_ema=95.74 best_raw=95.32@464 best_ema=96.10@463 lr=0.03060 time=7.3s
[ultrawidescaledtail10_e750_s46] ep 482/750 train_loss=0.8549 val_raw=95.30 val_ema=95.88 best_raw=95.30@482 best_ema=96.00@474 lr=0.02867 time=7.4s
[ultrawidescaledtail10_e750_s48] ep 486/750 train_loss=0.8494 val_raw=95.04 val_ema=95.84 best_raw=95.48@455 best_ema=96.12@462 lr=0.02791 time=7.2s
[ultrawidescaledtail10_e750_s47] ep 477/750 train_loss=0.8662 val_raw=95.14 val_ema=95.90 best_raw=95.38@475 best_ema=96.12@449 lr=0.02963 time=7.0s
[ultrawidescaledtail10_e750_s42] ep 473/750 train_loss=0.8704 val_raw=95.08 val_ema=95.86 best_raw=95.52@437 best_ema=96.22@468 lr=0.03040 time=7.9s
[ultrawidescaledtail10_e750_s43] ep 476/750 train_loss=0.8836 val_raw=94.66 val_ema=95.46 best_raw=95.36@467 best_ema=96.22@469 lr=0.02982 time=7.5s
[ultrawidescaledtail10_e750_s45] ep 480/750 train_loss=0.9119 val_raw=95.16 val_ema=95.72 best_raw=95.26@468 best_ema=96.10@470 lr=0.02906 time=7.5s
[ultrawidescaledtail10_e750_s44] ep 472/750 train_loss=0.8845 val_raw=94.54 val_ema=95.42 best_raw=95.30@462 best_ema=95.96@471 lr=0.03060 time=7.9s
[ultrawidescaledtail10_e750_s49] ep 473/750 train_loss=0.8756 val_raw=94.58 val_ema=96.06 best_raw=95.32@464 best_ema=96.10@463 lr=0.03040 time=7.4s
[ultrawidescaledtail10_e750_s46] ep 483/750 train_loss=0.8513 val_raw=94.66 val_ema=95.70 best_raw=95.30@482 best_ema=96.00@474 lr=0.02848 time=7.0s
[ultrawidescaledtail10_e750_s48] ep 487/750 train_loss=0.7896 val_raw=94.70 val_ema=95.84 best_raw=95.48@455 best_ema=96.12@462 lr=0.02772 time=7.2s
[ultrawidescaledtail10_e750_s47] ep 478/750 train_loss=0.8528 val_raw=94.68 val_ema=95.88 best_raw=95.38@475 best_ema=96.12@449 lr=0.02944 time=7.4s
[ultrawidescaledtail10_e750_s42] ep 474/750 train_loss=0.8516 val_raw=94.40 val_ema=96.28 best_raw=95.52@437 best_ema=96.28@474 lr=0.03021 time=7.4s
[ultrawidescaledtail10_e750_s43] ep 477/750 train_loss=0.9121 val_raw=94.66 val_ema=95.84 best_raw=95.36@467 best_ema=96.22@469 lr=0.02963 time=7.6s
[ultrawidescaledtail10_e750_s44] ep 473/750 train_loss=0.8643 val_raw=95.00 val_ema=95.90 best_raw=95.30@462 best_ema=95.96@471 lr=0.03040 time=7.1s
[ultrawidescaledtail10_e750_s45] ep 481/750 train_loss=0.8976 val_raw=94.92 val_ema=95.76 best_raw=95.26@468 best_ema=96.10@470 lr=0.02886 time=7.6s
[ultrawidescaledtail10_e750_s49] ep 474/750 train_loss=0.9031 val_raw=94.56 val_ema=96.04 best_raw=95.32@464 best_ema=96.10@463 lr=0.03021 time=7.6s
[ultrawidescaledtail10_e750_s46] ep 484/750 train_loss=0.9038 val_raw=94.94 val_ema=95.82 best_raw=95.30@482 best_ema=96.00@474 lr=0.02829 time=7.6s
[ultrawidescaledtail10_e750_s48] ep 488/750 train_loss=0.8991 val_raw=95.24 val_ema=95.64 best_raw=95.48@455 best_ema=96.12@462 lr=0.02754 time=7.1s
[ultrawidescaledtail10_e750_s47] ep 479/750 train_loss=0.8602 val_raw=94.96 val_ema=95.84 best_raw=95.38@475 best_ema=96.12@449 lr=0.02925 time=7.5s
[ultrawidescaledtail10_e750_s42] ep 475/750 train_loss=0.9003 val_raw=95.40 val_ema=96.28 best_raw=95.52@437 best_ema=96.28@474 lr=0.03002 time=7.7s
[ultrawidescaledtail10_e750_s43] ep 478/750 train_loss=0.8420 val_raw=94.88 val_ema=95.64 best_raw=95.36@467 best_ema=96.22@469 lr=0.02944 time=7.7s
[ultrawidescaledtail10_e750_s44] ep 474/750 train_loss=0.9256 val_raw=95.02 val_ema=95.04 best_raw=95.30@462 best_ema=95.96@471 lr=0.03021 time=7.5s
[ultrawidescaledtail10_e750_s49] ep 475/750 train_loss=0.9088 val_raw=95.10 val_ema=96.02 best_raw=95.32@464 best_ema=96.10@463 lr=0.03002 time=7.4s
[ultrawidescaledtail10_e750_s46] ep 485/750 train_loss=0.9394 val_raw=94.38 val_ema=95.70 best_raw=95.30@482 best_ema=96.00@474 lr=0.02810 time=7.5s
[ultrawidescaledtail10_e750_s45] ep 482/750 train_loss=0.8640 val_raw=94.88 val_ema=95.70 best_raw=95.26@468 best_ema=96.10@470 lr=0.02867 time=7.9s
[ultrawidescaledtail10_e750_s48] ep 489/750 train_loss=0.8306 val_raw=95.14 val_ema=95.96 best_raw=95.48@455 best_ema=96.12@462 lr=0.02735 time=7.2s
[ultrawidescaledtail10_e750_s47] ep 480/750 train_loss=0.8858 val_raw=94.82 val_ema=95.80 best_raw=95.38@475 best_ema=96.12@449 lr=0.02906 time=7.7s
[ultrawidescaledtail10_e750_s42] ep 476/750 train_loss=0.8641 val_raw=94.96 val_ema=95.72 best_raw=95.52@437 best_ema=96.28@474 lr=0.02982 time=7.3s
[ultrawidescaledtail10_e750_s44] ep 475/750 train_loss=0.8763 val_raw=94.96 val_ema=95.72 best_raw=95.30@462 best_ema=95.96@471 lr=0.03002 time=7.5s
[ultrawidescaledtail10_e750_s43] ep 479/750 train_loss=0.9206 val_raw=95.08 val_ema=95.88 best_raw=95.36@467 best_ema=96.22@469 lr=0.02925 time=7.5s
[ultrawidescaledtail10_e750_s45] ep 483/750 train_loss=0.8982 val_raw=95.12 val_ema=95.72 best_raw=95.26@468 best_ema=96.10@470 lr=0.02848 time=7.2s
[ultrawidescaledtail10_e750_s46] ep 486/750 train_loss=0.9286 val_raw=95.00 val_ema=95.60 best_raw=95.30@482 best_ema=96.00@474 lr=0.02791 time=7.4s
[ultrawidescaledtail10_e750_s49] ep 476/750 train_loss=0.9309 val_raw=94.90 val_ema=95.86 best_raw=95.32@464 best_ema=96.10@463 lr=0.02982 time=7.9s
[ultrawidescaledtail10_e750_s48] ep 490/750 train_loss=0.9254 val_raw=95.46 val_ema=95.82 best_raw=95.48@455 best_ema=96.12@462 lr=0.02716 time=7.5s
[ultrawidescaledtail10_e750_s47] ep 481/750 train_loss=0.8867 val_raw=95.06 val_ema=95.72 best_raw=95.38@475 best_ema=96.12@449 lr=0.02886 time=7.1s
[ultrawidescaledtail10_e750_s42] ep 477/750 train_loss=0.8561 val_raw=95.14 val_ema=96.08 best_raw=95.52@437 best_ema=96.28@474 lr=0.02963 time=7.8s
[ultrawidescaledtail10_e750_s43] ep 480/750 train_loss=0.8554 val_raw=94.98 val_ema=95.62 best_raw=95.36@467 best_ema=96.22@469 lr=0.02906 time=7.5s
[ultrawidescaledtail10_e750_s44] ep 476/750 train_loss=0.9345 val_raw=94.98 val_ema=95.70 best_raw=95.30@462 best_ema=95.96@471 lr=0.02982 time=7.5s
[ultrawidescaledtail10_e750_s46] ep 487/750 train_loss=0.9429 val_raw=94.86 val_ema=95.64 best_raw=95.30@482 best_ema=96.00@474 lr=0.02772 time=7.0s
[ultrawidescaledtail10_e750_s45] ep 484/750 train_loss=0.9284 val_raw=95.46 val_ema=95.70 best_raw=95.46@484 best_ema=96.10@470 lr=0.02829 time=7.5s
[ultrawidescaledtail10_e750_s49] ep 477/750 train_loss=0.8652 val_raw=94.94 val_ema=96.00 best_raw=95.32@464 best_ema=96.10@463 lr=0.02963 time=7.5s
[ultrawidescaledtail10_e750_s48] ep 491/750 train_loss=0.7631 val_raw=94.86 val_ema=95.98 best_raw=95.48@455 best_ema=96.12@462 lr=0.02697 time=7.2s
[ultrawidescaledtail10_e750_s47] ep 482/750 train_loss=0.8804 val_raw=94.58 val_ema=96.18 best_raw=95.38@475 best_ema=96.18@482 lr=0.02867 time=7.6s
[ultrawidescaledtail10_e750_s42] ep 478/750 train_loss=0.9121 val_raw=95.24 val_ema=95.66 best_raw=95.52@437 best_ema=96.28@474 lr=0.02944 time=7.9s
[ultrawidescaledtail10_e750_s43] ep 481/750 train_loss=0.8723 val_raw=94.90 val_ema=95.96 best_raw=95.36@467 best_ema=96.22@469 lr=0.02886 time=7.2s
[ultrawidescaledtail10_e750_s44] ep 477/750 train_loss=0.8575 val_raw=94.98 val_ema=95.46 best_raw=95.30@462 best_ema=95.96@471 lr=0.02963 time=7.2s
[ultrawidescaledtail10_e750_s46] ep 488/750 train_loss=0.8624 val_raw=94.92 val_ema=95.72 best_raw=95.30@482 best_ema=96.00@474 lr=0.02754 time=7.2s
[ultrawidescaledtail10_e750_s45] ep 485/750 train_loss=0.8728 val_raw=95.28 val_ema=96.28 best_raw=95.46@484 best_ema=96.28@485 lr=0.02810 time=7.9s
[ultrawidescaledtail10_e750_s49] ep 478/750 train_loss=0.9377 val_raw=95.00 val_ema=95.54 best_raw=95.32@464 best_ema=96.10@463 lr=0.02944 time=7.8s
[ultrawidescaledtail10_e750_s48] ep 492/750 train_loss=0.8979 val_raw=95.30 val_ema=95.60 best_raw=95.48@455 best_ema=96.12@462 lr=0.02679 time=7.2s
[ultrawidescaledtail10_e750_s47] ep 483/750 train_loss=0.9122 val_raw=95.00 val_ema=95.76 best_raw=95.38@475 best_ema=96.18@482 lr=0.02848 time=7.6s
[ultrawidescaledtail10_e750_s42] ep 479/750 train_loss=0.9146 val_raw=95.26 val_ema=96.06 best_raw=95.52@437 best_ema=96.28@474 lr=0.02925 time=7.8s
[ultrawidescaledtail10_e750_s43] ep 482/750 train_loss=0.8228 val_raw=94.84 val_ema=95.82 best_raw=95.36@467 best_ema=96.22@469 lr=0.02867 time=7.3s
[ultrawidescaledtail10_e750_s44] ep 478/750 train_loss=0.9459 val_raw=95.00 val_ema=95.88 best_raw=95.30@462 best_ema=95.96@471 lr=0.02944 time=7.4s
[ultrawidescaledtail10_e750_s46] ep 489/750 train_loss=0.8527 val_raw=94.88 val_ema=95.88 best_raw=95.30@482 best_ema=96.00@474 lr=0.02735 time=7.3s
[ultrawidescaledtail10_e750_s45] ep 486/750 train_loss=0.8466 val_raw=95.68 val_ema=95.94 best_raw=95.68@486 best_ema=96.28@485 lr=0.02791 time=7.3s
[ultrawidescaledtail10_e750_s49] ep 479/750 train_loss=0.7956 val_raw=95.10 val_ema=95.76 best_raw=95.32@464 best_ema=96.10@463 lr=0.02925 time=7.1s
[ultrawidescaledtail10_e750_s48] ep 493/750 train_loss=0.8884 val_raw=95.02 val_ema=95.78 best_raw=95.48@455 best_ema=96.12@462 lr=0.02660 time=7.4s
[ultrawidescaledtail10_e750_s47] ep 484/750 train_loss=0.9508 val_raw=95.24 val_ema=95.84 best_raw=95.38@475 best_ema=96.18@482 lr=0.02829 time=7.7s
[ultrawidescaledtail10_e750_s44] ep 479/750 train_loss=0.8846 val_raw=95.28 val_ema=95.54 best_raw=95.30@462 best_ema=95.96@471 lr=0.02925 time=7.1s
[ultrawidescaledtail10_e750_s46] ep 490/750 train_loss=0.8472 val_raw=95.02 val_ema=95.50 best_raw=95.30@482 best_ema=96.00@474 lr=0.02716 time=7.0s
[ultrawidescaledtail10_e750_s42] ep 480/750 train_loss=0.8337 val_raw=95.14 val_ema=96.06 best_raw=95.52@437 best_ema=96.28@474 lr=0.02906 time=7.7s
[ultrawidescaledtail10_e750_s43] ep 483/750 train_loss=0.8307 val_raw=94.96 val_ema=96.04 best_raw=95.36@467 best_ema=96.22@469 lr=0.02848 time=7.6s
[ultrawidescaledtail10_e750_s45] ep 487/750 train_loss=0.8280 val_raw=95.18 val_ema=95.80 best_raw=95.68@486 best_ema=96.28@485 lr=0.02772 time=7.1s
[ultrawidescaledtail10_e750_s48] ep 494/750 train_loss=0.8589 val_raw=95.58 val_ema=95.90 best_raw=95.58@494 best_ema=96.12@462 lr=0.02641 time=7.1s
[ultrawidescaledtail10_e750_s49] ep 480/750 train_loss=0.8424 val_raw=94.78 val_ema=95.54 best_raw=95.32@464 best_ema=96.10@463 lr=0.02906 time=8.0s
[ultrawidescaledtail10_e750_s47] ep 485/750 train_loss=0.8343 val_raw=95.02 val_ema=96.28 best_raw=95.38@475 best_ema=96.28@485 lr=0.02810 time=7.5s
[ultrawidescaledtail10_e750_s46] ep 491/750 train_loss=0.9243 val_raw=95.14 val_ema=95.92 best_raw=95.30@482 best_ema=96.00@474 lr=0.02697 time=7.1s
[ultrawidescaledtail10_e750_s44] ep 480/750 train_loss=0.9027 val_raw=95.08 val_ema=95.76 best_raw=95.30@462 best_ema=95.96@471 lr=0.02906 time=7.4s
[ultrawidescaledtail10_e750_s43] ep 484/750 train_loss=0.8851 val_raw=95.22 val_ema=95.74 best_raw=95.36@467 best_ema=96.22@469 lr=0.02829 time=7.4s
[ultrawidescaledtail10_e750_s42] ep 481/750 train_loss=0.8928 val_raw=95.02 val_ema=96.32 best_raw=95.52@437 best_ema=96.32@481 lr=0.02886 time=7.7s
[ultrawidescaledtail10_e750_s45] ep 488/750 train_loss=0.8899 val_raw=95.04 val_ema=95.84 best_raw=95.68@486 best_ema=96.28@485 lr=0.02754 time=7.3s
[ultrawidescaledtail10_e750_s48] ep 495/750 train_loss=0.8440 val_raw=95.60 val_ema=96.00 best_raw=95.60@495 best_ema=96.12@462 lr=0.02623 time=7.2s
[ultrawidescaledtail10_e750_s49] ep 481/750 train_loss=0.8483 val_raw=94.74 val_ema=96.20 best_raw=95.32@464 best_ema=96.20@481 lr=0.02886 time=7.9s
[ultrawidescaledtail10_e750_s47] ep 486/750 train_loss=0.8584 val_raw=95.10 val_ema=95.80 best_raw=95.38@475 best_ema=96.28@485 lr=0.02791 time=7.6s
[ultrawidescaledtail10_e750_s46] ep 492/750 train_loss=0.8606 val_raw=94.98 val_ema=95.52 best_raw=95.30@482 best_ema=96.00@474 lr=0.02679 time=7.1s
[ultrawidescaledtail10_e750_s44] ep 481/750 train_loss=0.8666 val_raw=94.82 val_ema=95.72 best_raw=95.30@462 best_ema=95.96@471 lr=0.02886 time=7.3s
[ultrawidescaledtail10_e750_s42] ep 482/750 train_loss=0.8974 val_raw=94.76 val_ema=95.90 best_raw=95.52@437 best_ema=96.32@481 lr=0.02867 time=7.4s
[ultrawidescaledtail10_e750_s43] ep 485/750 train_loss=0.8675 val_raw=95.00 val_ema=95.98 best_raw=95.36@467 best_ema=96.22@469 lr=0.02810 time=7.5s
[ultrawidescaledtail10_e750_s45] ep 489/750 train_loss=0.8209 val_raw=95.00 val_ema=95.94 best_raw=95.68@486 best_ema=96.28@485 lr=0.02735 time=7.1s
[ultrawidescaledtail10_e750_s48] ep 496/750 train_loss=0.9274 val_raw=95.14 val_ema=96.04 best_raw=95.60@495 best_ema=96.12@462 lr=0.02604 time=7.4s
[ultrawidescaledtail10_e750_s49] ep 482/750 train_loss=0.9153 val_raw=95.12 val_ema=95.96 best_raw=95.32@464 best_ema=96.20@481 lr=0.02867 time=7.3s
[ultrawidescaledtail10_e750_s47] ep 487/750 train_loss=0.9137 val_raw=94.90 val_ema=95.48 best_raw=95.38@475 best_ema=96.28@485 lr=0.02772 time=7.2s
[ultrawidescaledtail10_e750_s46] ep 493/750 train_loss=0.8902 val_raw=95.10 val_ema=95.32 best_raw=95.30@482 best_ema=96.00@474 lr=0.02660 time=7.2s
[ultrawidescaledtail10_e750_s44] ep 482/750 train_loss=0.8844 val_raw=95.36 val_ema=95.90 best_raw=95.36@482 best_ema=95.96@471 lr=0.02867 time=7.2s
[ultrawidescaledtail10_e750_s43] ep 486/750 train_loss=0.8810 val_raw=94.62 val_ema=95.98 best_raw=95.36@467 best_ema=96.22@469 lr=0.02791 time=7.4s
[ultrawidescaledtail10_e750_s45] ep 490/750 train_loss=0.8295 val_raw=94.78 val_ema=95.90 best_raw=95.68@486 best_ema=96.28@485 lr=0.02716 time=7.4s
[ultrawidescaledtail10_e750_s42] ep 483/750 train_loss=0.8661 val_raw=94.92 val_ema=96.32 best_raw=95.52@437 best_ema=96.32@481 lr=0.02848 time=7.6s
[ultrawidescaledtail10_e750_s48] ep 497/750 train_loss=0.8521 val_raw=95.22 val_ema=95.94 best_raw=95.60@495 best_ema=96.12@462 lr=0.02586 time=7.2s
[ultrawidescaledtail10_e750_s49] ep 483/750 train_loss=0.9598 val_raw=95.02 val_ema=95.92 best_raw=95.32@464 best_ema=96.20@481 lr=0.02848 time=7.4s
[ultrawidescaledtail10_e750_s47] ep 488/750 train_loss=0.8824 val_raw=95.00 val_ema=96.06 best_raw=95.38@475 best_ema=96.28@485 lr=0.02754 time=7.2s
[ultrawidescaledtail10_e750_s46] ep 494/750 train_loss=0.8828 val_raw=95.14 val_ema=95.78 best_raw=95.30@482 best_ema=96.00@474 lr=0.02641 time=7.4s
[ultrawidescaledtail10_e750_s44] ep 483/750 train_loss=0.8970 val_raw=95.14 val_ema=95.72 best_raw=95.36@482 best_ema=95.96@471 lr=0.02848 time=7.9s
[ultrawidescaledtail10_e750_s45] ep 491/750 train_loss=0.8837 val_raw=95.20 val_ema=96.10 best_raw=95.68@486 best_ema=96.28@485 lr=0.02697 time=7.3s
[ultrawidescaledtail10_e750_s43] ep 487/750 train_loss=0.9049 val_raw=95.02 val_ema=95.60 best_raw=95.36@467 best_ema=96.22@469 lr=0.02772 time=7.7s
[ultrawidescaledtail10_e750_s42] ep 484/750 train_loss=0.8092 val_raw=94.86 val_ema=95.90 best_raw=95.52@437 best_ema=96.32@481 lr=0.02829 time=7.7s
[ultrawidescaledtail10_e750_s48] ep 498/750 train_loss=0.8298 val_raw=95.42 val_ema=95.84 best_raw=95.60@495 best_ema=96.12@462 lr=0.02567 time=7.1s
[ultrawidescaledtail10_e750_s49] ep 484/750 train_loss=0.9162 val_raw=94.90 val_ema=95.66 best_raw=95.32@464 best_ema=96.20@481 lr=0.02829 time=7.6s
[ultrawidescaledtail10_e750_s47] ep 489/750 train_loss=0.8699 val_raw=94.86 val_ema=95.60 best_raw=95.38@475 best_ema=96.28@485 lr=0.02735 time=7.0s
[ultrawidescaledtail10_e750_s46] ep 495/750 train_loss=0.8216 val_raw=95.00 val_ema=95.76 best_raw=95.30@482 best_ema=96.00@474 lr=0.02623 time=7.1s
[ultrawidescaledtail10_e750_s44] ep 484/750 train_loss=0.8139 val_raw=95.26 val_ema=96.04 best_raw=95.36@482 best_ema=96.04@484 lr=0.02829 time=7.3s
[ultrawidescaledtail10_e750_s45] ep 492/750 train_loss=0.8813 val_raw=95.56 val_ema=95.90 best_raw=95.68@486 best_ema=96.28@485 lr=0.02679 time=7.5s
[ultrawidescaledtail10_e750_s48] ep 499/750 train_loss=0.8649 val_raw=94.88 val_ema=95.84 best_raw=95.60@495 best_ema=96.12@462 lr=0.02549 time=7.0s
[ultrawidescaledtail10_e750_s42] ep 485/750 train_loss=0.8870 val_raw=95.18 val_ema=96.12 best_raw=95.52@437 best_ema=96.32@481 lr=0.02810 time=7.5s
[ultrawidescaledtail10_e750_s43] ep 488/750 train_loss=0.8279 val_raw=95.32 val_ema=95.48 best_raw=95.36@467 best_ema=96.22@469 lr=0.02754 time=7.8s
[ultrawidescaledtail10_e750_s49] ep 485/750 train_loss=0.9340 val_raw=95.20 val_ema=96.00 best_raw=95.32@464 best_ema=96.20@481 lr=0.02810 time=7.6s
[ultrawidescaledtail10_e750_s47] ep 490/750 train_loss=0.8968 val_raw=95.06 val_ema=95.78 best_raw=95.38@475 best_ema=96.28@485 lr=0.02716 time=7.6s
[ultrawidescaledtail10_e750_s46] ep 496/750 train_loss=0.8261 val_raw=95.14 val_ema=95.48 best_raw=95.30@482 best_ema=96.00@474 lr=0.02604 time=7.1s
[ultrawidescaledtail10_e750_s44] ep 485/750 train_loss=0.8824 val_raw=94.96 val_ema=95.54 best_raw=95.36@482 best_ema=96.04@484 lr=0.02810 time=7.1s
[ultrawidescaledtail10_e750_s48] ep 500/750 train_loss=0.8522 val_raw=94.88 val_ema=95.82 best_raw=95.60@495 best_ema=96.12@462 lr=0.02530 time=7.2s
[ultrawidescaledtail10_e750_s45] ep 493/750 train_loss=0.8966 val_raw=95.52 val_ema=96.08 best_raw=95.68@486 best_ema=96.28@485 lr=0.02660 time=7.6s
[ultrawidescaledtail10_e750_s43] ep 489/750 train_loss=0.8192 val_raw=95.56 val_ema=95.60 best_raw=95.56@489 best_ema=96.22@469 lr=0.02735 time=7.1s
[ultrawidescaledtail10_e750_s42] ep 486/750 train_loss=0.8157 val_raw=95.24 val_ema=96.00 best_raw=95.52@437 best_ema=96.32@481 lr=0.02791 time=7.7s
[ultrawidescaledtail10_e750_s49] ep 486/750 train_loss=0.8617 val_raw=94.60 val_ema=95.60 best_raw=95.32@464 best_ema=96.20@481 lr=0.02791 time=7.7s
[ultrawidescaledtail10_e750_s47] ep 491/750 train_loss=0.8872 val_raw=94.78 val_ema=95.82 best_raw=95.38@475 best_ema=96.28@485 lr=0.02697 time=7.1s
[ultrawidescaledtail10_e750_s46] ep 497/750 train_loss=0.9125 val_raw=95.44 val_ema=95.78 best_raw=95.44@497 best_ema=96.00@474 lr=0.02586 time=7.6s
[ultrawidescaledtail10_e750_s44] ep 486/750 train_loss=0.9609 val_raw=95.16 val_ema=95.66 best_raw=95.36@482 best_ema=96.04@484 lr=0.02791 time=7.2s
[ultrawidescaledtail10_e750_s48] ep 501/750 train_loss=0.9448 val_raw=95.38 val_ema=95.98 best_raw=95.60@495 best_ema=96.12@462 lr=0.02512 time=7.1s
[ultrawidescaledtail10_e750_s45] ep 494/750 train_loss=0.8813 val_raw=95.00 val_ema=96.00 best_raw=95.68@486 best_ema=96.28@485 lr=0.02641 time=7.3s
[ultrawidescaledtail10_e750_s42] ep 487/750 train_loss=0.8194 val_raw=95.04 val_ema=95.84 best_raw=95.52@437 best_ema=96.32@481 lr=0.02772 time=7.1s
[ultrawidescaledtail10_e750_s43] ep 490/750 train_loss=0.8902 val_raw=95.04 val_ema=96.04 best_raw=95.56@489 best_ema=96.22@469 lr=0.02716 time=7.7s
[ultrawidescaledtail10_e750_s49] ep 487/750 train_loss=0.8253 val_raw=95.20 val_ema=96.00 best_raw=95.32@464 best_ema=96.20@481 lr=0.02772 time=7.4s
[ultrawidescaledtail10_e750_s47] ep 492/750 train_loss=0.8247 val_raw=94.98 val_ema=95.92 best_raw=95.38@475 best_ema=96.28@485 lr=0.02679 time=7.6s
[ultrawidescaledtail10_e750_s46] ep 498/750 train_loss=0.9035 val_raw=95.38 val_ema=95.70 best_raw=95.44@497 best_ema=96.00@474 lr=0.02567 time=7.6s
[ultrawidescaledtail10_e750_s44] ep 487/750 train_loss=0.9287 val_raw=95.36 val_ema=95.72 best_raw=95.36@482 best_ema=96.04@484 lr=0.02772 time=7.4s
[ultrawidescaledtail10_e750_s48] ep 502/750 train_loss=0.8443 val_raw=95.24 val_ema=95.88 best_raw=95.60@495 best_ema=96.12@462 lr=0.02494 time=7.1s
[ultrawidescaledtail10_e750_s45] ep 495/750 train_loss=0.8546 val_raw=94.74 val_ema=96.12 best_raw=95.68@486 best_ema=96.28@485 lr=0.02623 time=7.2s
[ultrawidescaledtail10_e750_s43] ep 491/750 train_loss=0.8565 val_raw=95.10 val_ema=95.88 best_raw=95.56@489 best_ema=96.22@469 lr=0.02697 time=7.1s
[ultrawidescaledtail10_e750_s42] ep 488/750 train_loss=0.8956 val_raw=95.42 val_ema=95.62 best_raw=95.52@437 best_ema=96.32@481 lr=0.02754 time=7.5s
[ultrawidescaledtail10_e750_s49] ep 488/750 train_loss=0.8994 val_raw=95.02 val_ema=95.80 best_raw=95.32@464 best_ema=96.20@481 lr=0.02754 time=7.3s
[ultrawidescaledtail10_e750_s47] ep 493/750 train_loss=0.8450 val_raw=95.04 val_ema=96.00 best_raw=95.38@475 best_ema=96.28@485 lr=0.02660 time=7.9s
[ultrawidescaledtail10_e750_s46] ep 499/750 train_loss=0.7822 val_raw=95.56 val_ema=95.74 best_raw=95.56@499 best_ema=96.00@474 lr=0.02549 time=7.5s
[ultrawidescaledtail10_e750_s44] ep 488/750 train_loss=0.7918 val_raw=95.18 val_ema=96.18 best_raw=95.36@482 best_ema=96.18@488 lr=0.02754 time=7.3s
[ultrawidescaledtail10_e750_s48] ep 503/750 train_loss=0.7770 val_raw=95.52 val_ema=95.70 best_raw=95.60@495 best_ema=96.12@462 lr=0.02476 time=7.1s
[ultrawidescaledtail10_e750_s45] ep 496/750 train_loss=0.8838 val_raw=95.00 val_ema=95.96 best_raw=95.68@486 best_ema=96.28@485 lr=0.02604 time=7.6s
[ultrawidescaledtail10_e750_s43] ep 492/750 train_loss=0.8696 val_raw=94.78 val_ema=96.04 best_raw=95.56@489 best_ema=96.22@469 lr=0.02679 time=7.3s
[ultrawidescaledtail10_e750_s42] ep 489/750 train_loss=0.9073 val_raw=95.12 val_ema=96.06 best_raw=95.52@437 best_ema=96.32@481 lr=0.02735 time=7.6s
[ultrawidescaledtail10_e750_s49] ep 489/750 train_loss=0.8565 val_raw=95.00 val_ema=95.82 best_raw=95.32@464 best_ema=96.20@481 lr=0.02735 time=7.1s
[ultrawidescaledtail10_e750_s47] ep 494/750 train_loss=0.8245 val_raw=95.26 val_ema=96.06 best_raw=95.38@475 best_ema=96.28@485 lr=0.02641 time=7.0s
[ultrawidescaledtail10_e750_s46] ep 500/750 train_loss=0.8709 val_raw=95.10 val_ema=95.76 best_raw=95.56@499 best_ema=96.00@474 lr=0.02530 time=7.3s
[ultrawidescaledtail10_e750_s48] ep 504/750 train_loss=0.8592 val_raw=95.22 val_ema=96.10 best_raw=95.60@495 best_ema=96.12@462 lr=0.02458 time=7.2s
[ultrawidescaledtail10_e750_s44] ep 489/750 train_loss=0.8963 val_raw=95.10 val_ema=96.18 best_raw=95.36@482 best_ema=96.18@488 lr=0.02735 time=7.6s
[ultrawidescaledtail10_e750_s45] ep 497/750 train_loss=0.8482 val_raw=95.42 val_ema=96.04 best_raw=95.68@486 best_ema=96.28@485 lr=0.02586 time=7.2s
[ultrawidescaledtail10_e750_s43] ep 493/750 train_loss=0.9754 val_raw=95.20 val_ema=95.94 best_raw=95.56@489 best_ema=96.22@469 lr=0.02660 time=7.4s
[ultrawidescaledtail10_e750_s42] ep 490/750 train_loss=0.8781 val_raw=95.38 val_ema=95.44 best_raw=95.52@437 best_ema=96.32@481 lr=0.02716 time=7.2s
[ultrawidescaledtail10_e750_s49] ep 490/750 train_loss=0.8512 val_raw=95.02 val_ema=95.96 best_raw=95.32@464 best_ema=96.20@481 lr=0.02716 time=7.5s
[ultrawidescaledtail10_e750_s47] ep 495/750 train_loss=0.9109 val_raw=94.60 val_ema=95.96 best_raw=95.38@475 best_ema=96.28@485 lr=0.02623 time=7.2s
[ultrawidescaledtail10_e750_s46] ep 501/750 train_loss=0.9133 val_raw=95.18 val_ema=95.76 best_raw=95.56@499 best_ema=96.00@474 lr=0.02512 time=7.4s
[ultrawidescaledtail10_e750_s44] ep 490/750 train_loss=0.8178 val_raw=94.96 val_ema=95.88 best_raw=95.36@482 best_ema=96.18@488 lr=0.02716 time=7.1s
[ultrawidescaledtail10_e750_s48] ep 505/750 train_loss=0.9426 val_raw=95.00 val_ema=96.12 best_raw=95.60@495 best_ema=96.12@462 lr=0.02439 time=7.3s
[ultrawidescaledtail10_e750_s45] ep 498/750 train_loss=0.9091 val_raw=95.60 val_ema=95.86 best_raw=95.68@486 best_ema=96.28@485 lr=0.02567 time=7.2s
[ultrawidescaledtail10_e750_s43] ep 494/750 train_loss=0.9153 val_raw=95.32 val_ema=96.12 best_raw=95.56@489 best_ema=96.22@469 lr=0.02641 time=7.7s
[ultrawidescaledtail10_e750_s42] ep 491/750 train_loss=0.8579 val_raw=95.36 val_ema=96.26 best_raw=95.52@437 best_ema=96.32@481 lr=0.02697 time=7.5s
[ultrawidescaledtail10_e750_s49] ep 491/750 train_loss=0.8298 val_raw=95.52 val_ema=95.90 best_raw=95.52@491 best_ema=96.20@481 lr=0.02697 time=7.2s
[ultrawidescaledtail10_e750_s47] ep 496/750 train_loss=0.8173 val_raw=95.04 val_ema=96.06 best_raw=95.38@475 best_ema=96.28@485 lr=0.02604 time=7.9s
[ultrawidescaledtail10_e750_s46] ep 502/750 train_loss=0.8698 val_raw=95.24 val_ema=95.92 best_raw=95.56@499 best_ema=96.00@474 lr=0.02494 time=7.1s
[ultrawidescaledtail10_e750_s48] ep 506/750 train_loss=0.8366 val_raw=95.62 val_ema=95.74 best_raw=95.62@506 best_ema=96.12@462 lr=0.02421 time=7.3s
[ultrawidescaledtail10_e750_s44] ep 491/750 train_loss=0.8912 val_raw=95.12 val_ema=95.90 best_raw=95.36@482 best_ema=96.18@488 lr=0.02697 time=7.5s
[ultrawidescaledtail10_e750_s45] ep 499/750 train_loss=0.8355 val_raw=95.18 val_ema=96.10 best_raw=95.68@486 best_ema=96.28@485 lr=0.02549 time=7.3s
[ultrawidescaledtail10_e750_s43] ep 495/750 train_loss=0.9188 val_raw=95.24 val_ema=96.08 best_raw=95.56@489 best_ema=96.22@469 lr=0.02623 time=7.4s
[ultrawidescaledtail10_e750_s42] ep 492/750 train_loss=0.8373 val_raw=95.30 val_ema=95.92 best_raw=95.52@437 best_ema=96.32@481 lr=0.02679 time=8.0s
[ultrawidescaledtail10_e750_s49] ep 492/750 train_loss=0.9342 val_raw=95.40 val_ema=96.08 best_raw=95.52@491 best_ema=96.20@481 lr=0.02679 time=7.2s
[ultrawidescaledtail10_e750_s47] ep 497/750 train_loss=0.8656 val_raw=95.38 val_ema=95.94 best_raw=95.38@475 best_ema=96.28@485 lr=0.02586 time=7.8s
[ultrawidescaledtail10_e750_s46] ep 503/750 train_loss=0.8734 val_raw=95.50 val_ema=95.90 best_raw=95.56@499 best_ema=96.00@474 lr=0.02476 time=7.2s
[ultrawidescaledtail10_e750_s48] ep 507/750 train_loss=0.8373 val_raw=95.60 val_ema=95.92 best_raw=95.62@506 best_ema=96.12@462 lr=0.02403 time=7.1s
[ultrawidescaledtail10_e750_s44] ep 492/750 train_loss=0.8347 val_raw=95.12 val_ema=95.88 best_raw=95.36@482 best_ema=96.18@488 lr=0.02679 time=7.4s
[ultrawidescaledtail10_e750_s45] ep 500/750 train_loss=0.8201 val_raw=94.88 val_ema=96.08 best_raw=95.68@486 best_ema=96.28@485 lr=0.02530 time=7.6s
[ultrawidescaledtail10_e750_s43] ep 496/750 train_loss=0.8862 val_raw=94.88 val_ema=95.60 best_raw=95.56@489 best_ema=96.22@469 lr=0.02604 time=7.1s
[ultrawidescaledtail10_e750_s42] ep 493/750 train_loss=0.8669 val_raw=95.26 val_ema=95.78 best_raw=95.52@437 best_ema=96.32@481 lr=0.02660 time=7.4s
[ultrawidescaledtail10_e750_s49] ep 493/750 train_loss=0.8948 val_raw=95.32 val_ema=96.12 best_raw=95.52@491 best_ema=96.20@481 lr=0.02660 time=7.6s
[ultrawidescaledtail10_e750_s47] ep 498/750 train_loss=0.8482 val_raw=95.56 val_ema=96.18 best_raw=95.56@498 best_ema=96.28@485 lr=0.02567 time=7.7s
[ultrawidescaledtail10_e750_s46] ep 504/750 train_loss=0.8395 val_raw=94.98 val_ema=95.58 best_raw=95.56@499 best_ema=96.00@474 lr=0.02458 time=7.2s
[ultrawidescaledtail10_e750_s48] ep 508/750 train_loss=0.8737 val_raw=95.08 val_ema=95.96 best_raw=95.62@506 best_ema=96.12@462 lr=0.02385 time=7.2s
[ultrawidescaledtail10_e750_s44] ep 493/750 train_loss=0.8885 val_raw=94.86 val_ema=95.56 best_raw=95.36@482 best_ema=96.18@488 lr=0.02660 time=7.5s
[ultrawidescaledtail10_e750_s45] ep 501/750 train_loss=0.8944 val_raw=95.20 val_ema=96.26 best_raw=95.68@486 best_ema=96.28@485 lr=0.02512 time=7.7s
[ultrawidescaledtail10_e750_s43] ep 497/750 train_loss=0.9134 val_raw=95.36 val_ema=95.98 best_raw=95.56@489 best_ema=96.22@469 lr=0.02586 time=7.2s
[ultrawidescaledtail10_e750_s42] ep 494/750 train_loss=0.8926 val_raw=95.08 val_ema=96.08 best_raw=95.52@437 best_ema=96.32@481 lr=0.02641 time=7.8s
[ultrawidescaledtail10_e750_s49] ep 494/750 train_loss=0.7844 val_raw=95.16 val_ema=95.78 best_raw=95.52@491 best_ema=96.20@481 lr=0.02641 time=7.2s
[ultrawidescaledtail10_e750_s47] ep 499/750 train_loss=0.9090 val_raw=95.32 val_ema=96.08 best_raw=95.56@498 best_ema=96.28@485 lr=0.02549 time=7.7s
[ultrawidescaledtail10_e750_s46] ep 505/750 train_loss=0.8699 val_raw=95.26 val_ema=95.56 best_raw=95.56@499 best_ema=96.00@474 lr=0.02439 time=7.2s
[ultrawidescaledtail10_e750_s48] ep 509/750 train_loss=0.8866 val_raw=95.28 val_ema=96.38 best_raw=95.62@506 best_ema=96.38@509 lr=0.02367 time=7.3s
[ultrawidescaledtail10_e750_s44] ep 494/750 train_loss=0.8805 val_raw=95.18 val_ema=95.56 best_raw=95.36@482 best_ema=96.18@488 lr=0.02641 time=7.0s
[ultrawidescaledtail10_e750_s45] ep 502/750 train_loss=0.8753 val_raw=94.78 val_ema=95.96 best_raw=95.68@486 best_ema=96.28@485 lr=0.02494 time=7.3s
[ultrawidescaledtail10_e750_s43] ep 498/750 train_loss=0.9087 val_raw=95.50 val_ema=95.74 best_raw=95.56@489 best_ema=96.22@469 lr=0.02567 time=7.4s
[ultrawidescaledtail10_e750_s49] ep 495/750 train_loss=0.9007 val_raw=95.36 val_ema=95.86 best_raw=95.52@491 best_ema=96.20@481 lr=0.02623 time=7.1s
[ultrawidescaledtail10_e750_s42] ep 495/750 train_loss=0.8578 val_raw=95.06 val_ema=95.64 best_raw=95.52@437 best_ema=96.32@481 lr=0.02623 time=7.5s
[ultrawidescaledtail10_e750_s47] ep 500/750 train_loss=0.8715 val_raw=95.28 val_ema=95.96 best_raw=95.56@498 best_ema=96.28@485 lr=0.02530 time=7.8s
[ultrawidescaledtail10_e750_s46] ep 506/750 train_loss=0.8408 val_raw=95.26 val_ema=95.88 best_raw=95.56@499 best_ema=96.00@474 lr=0.02421 time=7.4s
[ultrawidescaledtail10_e750_s48] ep 510/750 train_loss=0.7847 val_raw=95.16 val_ema=95.90 best_raw=95.62@506 best_ema=96.38@509 lr=0.02349 time=7.2s
[ultrawidescaledtail10_e750_s44] ep 495/750 train_loss=0.9578 val_raw=95.42 val_ema=95.64 best_raw=95.42@495 best_ema=96.18@488 lr=0.02623 time=7.3s
[ultrawidescaledtail10_e750_s45] ep 503/750 train_loss=0.8406 val_raw=95.02 val_ema=96.06 best_raw=95.68@486 best_ema=96.28@485 lr=0.02476 time=7.1s
[ultrawidescaledtail10_e750_s43] ep 499/750 train_loss=0.8774 val_raw=95.12 val_ema=96.00 best_raw=95.56@489 best_ema=96.22@469 lr=0.02549 time=7.7s
[ultrawidescaledtail10_e750_s42] ep 496/750 train_loss=0.8530 val_raw=95.24 val_ema=95.76 best_raw=95.52@437 best_ema=96.32@481 lr=0.02604 time=7.4s
[ultrawidescaledtail10_e750_s49] ep 496/750 train_loss=0.8618 val_raw=95.28 val_ema=96.00 best_raw=95.52@491 best_ema=96.20@481 lr=0.02604 time=7.9s
[ultrawidescaledtail10_e750_s47] ep 501/750 train_loss=0.8456 val_raw=95.26 val_ema=96.30 best_raw=95.56@498 best_ema=96.30@501 lr=0.02512 time=7.3s
[ultrawidescaledtail10_e750_s46] ep 507/750 train_loss=0.8175 val_raw=94.98 val_ema=95.58 best_raw=95.56@499 best_ema=96.00@474 lr=0.02403 time=7.7s
[ultrawidescaledtail10_e750_s48] ep 511/750 train_loss=0.8943 val_raw=95.16 val_ema=96.40 best_raw=95.62@506 best_ema=96.40@511 lr=0.02332 time=7.5s
[ultrawidescaledtail10_e750_s44] ep 496/750 train_loss=0.8579 val_raw=95.10 val_ema=95.58 best_raw=95.42@495 best_ema=96.18@488 lr=0.02604 time=7.8s
[ultrawidescaledtail10_e750_s45] ep 504/750 train_loss=0.8551 val_raw=95.36 val_ema=96.18 best_raw=95.68@486 best_ema=96.28@485 lr=0.02458 time=7.2s
[ultrawidescaledtail10_e750_s43] ep 500/750 train_loss=0.8605 val_raw=94.86 val_ema=96.24 best_raw=95.56@489 best_ema=96.24@500 lr=0.02530 time=7.6s
[ultrawidescaledtail10_e750_s42] ep 497/750 train_loss=0.8281 val_raw=95.30 val_ema=96.32 best_raw=95.52@437 best_ema=96.32@481 lr=0.02586 time=7.3s
[ultrawidescaledtail10_e750_s49] ep 497/750 train_loss=0.9420 val_raw=95.22 val_ema=96.10 best_raw=95.52@491 best_ema=96.20@481 lr=0.02586 time=7.6s
[ultrawidescaledtail10_e750_s47] ep 502/750 train_loss=0.8624 val_raw=95.00 val_ema=95.92 best_raw=95.56@498 best_ema=96.30@501 lr=0.02494 time=7.5s
[ultrawidescaledtail10_e750_s48] ep 512/750 train_loss=0.9232 val_raw=95.10 val_ema=96.36 best_raw=95.62@506 best_ema=96.40@511 lr=0.02314 time=7.3s
[ultrawidescaledtail10_e750_s46] ep 508/750 train_loss=0.8348 val_raw=95.26 val_ema=95.84 best_raw=95.56@499 best_ema=96.00@474 lr=0.02385 time=7.8s
[ultrawidescaledtail10_e750_s44] ep 497/750 train_loss=0.8495 val_raw=94.98 val_ema=95.68 best_raw=95.42@495 best_ema=96.18@488 lr=0.02586 time=7.6s
[ultrawidescaledtail10_e750_s45] ep 505/750 train_loss=0.8102 val_raw=95.14 val_ema=96.02 best_raw=95.68@486 best_ema=96.28@485 lr=0.02439 time=7.6s
[ultrawidescaledtail10_e750_s43] ep 501/750 train_loss=0.8226 val_raw=95.44 val_ema=96.08 best_raw=95.56@489 best_ema=96.24@500 lr=0.02512 time=7.2s
[ultrawidescaledtail10_e750_s42] ep 498/750 train_loss=0.8796 val_raw=95.24 val_ema=96.12 best_raw=95.52@437 best_ema=96.32@481 lr=0.02567 time=7.4s
[ultrawidescaledtail10_e750_s49] ep 498/750 train_loss=0.9095 val_raw=95.26 val_ema=96.08 best_raw=95.52@491 best_ema=96.20@481 lr=0.02567 time=7.4s
[ultrawidescaledtail10_e750_s47] ep 503/750 train_loss=0.8360 val_raw=95.14 val_ema=96.20 best_raw=95.56@498 best_ema=96.30@501 lr=0.02476 time=7.2s
[ultrawidescaledtail10_e750_s48] ep 513/750 train_loss=0.8595 val_raw=95.46 val_ema=95.94 best_raw=95.62@506 best_ema=96.40@511 lr=0.02296 time=7.3s
[ultrawidescaledtail10_e750_s46] ep 509/750 train_loss=0.8710 val_raw=95.00 val_ema=95.74 best_raw=95.56@499 best_ema=96.00@474 lr=0.02367 time=7.3s
[ultrawidescaledtail10_e750_s45] ep 506/750 train_loss=0.8507 val_raw=95.12 val_ema=95.68 best_raw=95.68@486 best_ema=96.28@485 lr=0.02421 time=7.1s
[ultrawidescaledtail10_e750_s44] ep 498/750 train_loss=0.8990 val_raw=95.32 val_ema=95.46 best_raw=95.42@495 best_ema=96.18@488 lr=0.02567 time=7.6s
[ultrawidescaledtail10_e750_s43] ep 502/750 train_loss=0.8500 val_raw=95.18 val_ema=96.26 best_raw=95.56@489 best_ema=96.26@502 lr=0.02494 time=7.6s
[ultrawidescaledtail10_e750_s42] ep 499/750 train_loss=0.8265 val_raw=95.40 val_ema=96.20 best_raw=95.52@437 best_ema=96.32@481 lr=0.02549 time=7.6s
[ultrawidescaledtail10_e750_s49] ep 499/750 train_loss=0.8291 val_raw=95.40 val_ema=96.20 best_raw=95.52@491 best_ema=96.20@481 lr=0.02549 time=7.6s
[ultrawidescaledtail10_e750_s47] ep 504/750 train_loss=0.8804 val_raw=95.40 val_ema=96.24 best_raw=95.56@498 best_ema=96.30@501 lr=0.02458 time=7.4s
[ultrawidescaledtail10_e750_s48] ep 514/750 train_loss=0.9388 val_raw=95.14 val_ema=96.18 best_raw=95.62@506 best_ema=96.40@511 lr=0.02278 time=7.1s
[ultrawidescaledtail10_e750_s46] ep 510/750 train_loss=0.9111 val_raw=94.90 val_ema=95.78 best_raw=95.56@499 best_ema=96.00@474 lr=0.02349 time=7.3s
[ultrawidescaledtail10_e750_s45] ep 507/750 train_loss=0.9111 val_raw=95.28 val_ema=96.14 best_raw=95.68@486 best_ema=96.28@485 lr=0.02403 time=7.5s
[ultrawidescaledtail10_e750_s44] ep 499/750 train_loss=0.8844 val_raw=95.14 val_ema=96.04 best_raw=95.42@495 best_ema=96.18@488 lr=0.02549 time=7.6s
[ultrawidescaledtail10_e750_s43] ep 503/750 train_loss=0.7927 val_raw=95.06 val_ema=95.96 best_raw=95.56@489 best_ema=96.26@502 lr=0.02476 time=7.2s
[ultrawidescaledtail10_e750_s42] ep 500/750 train_loss=0.8361 val_raw=95.50 val_ema=95.90 best_raw=95.52@437 best_ema=96.32@481 lr=0.02530 time=7.5s
[ultrawidescaledtail10_e750_s49] ep 500/750 train_loss=0.8580 val_raw=95.34 val_ema=96.24 best_raw=95.52@491 best_ema=96.24@500 lr=0.02530 time=7.3s
[ultrawidescaledtail10_e750_s48] ep 515/750 train_loss=0.8034 val_raw=95.40 val_ema=95.90 best_raw=95.62@506 best_ema=96.40@511 lr=0.02261 time=7.3s
[ultrawidescaledtail10_e750_s47] ep 505/750 train_loss=0.8898 val_raw=95.06 val_ema=96.00 best_raw=95.56@498 best_ema=96.30@501 lr=0.02439 time=7.6s
[ultrawidescaledtail10_e750_s46] ep 511/750 train_loss=0.8530 val_raw=95.02 val_ema=95.74 best_raw=95.56@499 best_ema=96.00@474 lr=0.02332 time=7.1s
[ultrawidescaledtail10_e750_s45] ep 508/750 train_loss=0.8888 val_raw=95.14 val_ema=96.06 best_raw=95.68@486 best_ema=96.28@485 lr=0.02385 time=7.1s
[ultrawidescaledtail10_e750_s44] ep 500/750 train_loss=0.8882 val_raw=94.88 val_ema=95.96 best_raw=95.42@495 best_ema=96.18@488 lr=0.02530 time=7.5s
[ultrawidescaledtail10_e750_s43] ep 504/750 train_loss=0.8438 val_raw=95.60 val_ema=95.86 best_raw=95.60@504 best_ema=96.26@502 lr=0.02458 time=7.5s
[ultrawidescaledtail10_e750_s42] ep 501/750 train_loss=0.9241 val_raw=95.24 val_ema=96.22 best_raw=95.52@437 best_ema=96.32@481 lr=0.02512 time=7.1s
[ultrawidescaledtail10_e750_s49] ep 501/750 train_loss=0.8327 val_raw=95.04 val_ema=95.84 best_raw=95.52@491 best_ema=96.24@500 lr=0.02512 time=7.2s
[ultrawidescaledtail10_e750_s47] ep 506/750 train_loss=0.8764 val_raw=95.20 val_ema=95.88 best_raw=95.56@498 best_ema=96.30@501 lr=0.02421 time=7.0s
[ultrawidescaledtail10_e750_s48] ep 516/750 train_loss=0.9093 val_raw=95.06 val_ema=96.02 best_raw=95.62@506 best_ema=96.40@511 lr=0.02243 time=7.5s
[ultrawidescaledtail10_e750_s46] ep 512/750 train_loss=0.8591 val_raw=95.22 val_ema=95.68 best_raw=95.56@499 best_ema=96.00@474 lr=0.02314 time=7.0s
[ultrawidescaledtail10_e750_s45] ep 509/750 train_loss=0.8869 val_raw=95.08 val_ema=96.06 best_raw=95.68@486 best_ema=96.28@485 lr=0.02367 time=7.1s
[ultrawidescaledtail10_e750_s44] ep 501/750 train_loss=0.9082 val_raw=94.92 val_ema=95.90 best_raw=95.42@495 best_ema=96.18@488 lr=0.02512 time=7.2s
[ultrawidescaledtail10_e750_s43] ep 505/750 train_loss=0.8892 val_raw=95.32 val_ema=95.80 best_raw=95.60@504 best_ema=96.26@502 lr=0.02439 time=7.5s
[ultrawidescaledtail10_e750_s42] ep 502/750 train_loss=0.8178 val_raw=95.58 val_ema=96.18 best_raw=95.58@502 best_ema=96.32@481 lr=0.02494 time=7.1s
[ultrawidescaledtail10_e750_s49] ep 502/750 train_loss=0.8679 val_raw=95.30 val_ema=96.44 best_raw=95.52@491 best_ema=96.44@502 lr=0.02494 time=7.1s
[ultrawidescaledtail10_e750_s48] ep 517/750 train_loss=0.8415 val_raw=95.34 val_ema=96.34 best_raw=95.62@506 best_ema=96.40@511 lr=0.02225 time=7.1s
[ultrawidescaledtail10_e750_s46] ep 513/750 train_loss=0.8676 val_raw=95.56 val_ema=95.62 best_raw=95.56@499 best_ema=96.00@474 lr=0.02296 time=7.0s
[ultrawidescaledtail10_e750_s47] ep 507/750 train_loss=0.8756 val_raw=94.96 val_ema=96.36 best_raw=95.56@498 best_ema=96.36@507 lr=0.02403 time=7.6s
[ultrawidescaledtail10_e750_s45] ep 510/750 train_loss=0.9260 val_raw=95.16 val_ema=95.98 best_raw=95.68@486 best_ema=96.28@485 lr=0.02349 time=7.7s
[ultrawidescaledtail10_e750_s44] ep 502/750 train_loss=0.8725 val_raw=94.98 val_ema=95.94 best_raw=95.42@495 best_ema=96.18@488 lr=0.02494 time=7.5s
[ultrawidescaledtail10_e750_s43] ep 506/750 train_loss=0.9014 val_raw=95.22 val_ema=95.78 best_raw=95.60@504 best_ema=96.26@502 lr=0.02421 time=7.4s
[ultrawidescaledtail10_e750_s42] ep 503/750 train_loss=0.8338 val_raw=95.20 val_ema=95.94 best_raw=95.58@502 best_ema=96.32@481 lr=0.02476 time=7.6s
[ultrawidescaledtail10_e750_s49] ep 503/750 train_loss=0.8743 val_raw=95.40 val_ema=96.34 best_raw=95.52@491 best_ema=96.44@502 lr=0.02476 time=7.7s
[ultrawidescaledtail10_e750_s46] ep 514/750 train_loss=0.8407 val_raw=95.10 val_ema=95.92 best_raw=95.56@499 best_ema=96.00@474 lr=0.02278 time=7.1s
[ultrawidescaledtail10_e750_s47] ep 508/750 train_loss=0.8833 val_raw=95.36 val_ema=95.94 best_raw=95.56@498 best_ema=96.36@507 lr=0.02385 time=7.1s
[ultrawidescaledtail10_e750_s48] ep 518/750 train_loss=0.8982 val_raw=95.42 val_ema=95.96 best_raw=95.62@506 best_ema=96.40@511 lr=0.02208 time=7.4s
[ultrawidescaledtail10_e750_s45] ep 511/750 train_loss=0.8572 val_raw=95.26 val_ema=96.12 best_raw=95.68@486 best_ema=96.28@485 lr=0.02332 time=7.1s
[ultrawidescaledtail10_e750_s44] ep 503/750 train_loss=0.8903 val_raw=95.08 val_ema=95.92 best_raw=95.42@495 best_ema=96.18@488 lr=0.02476 time=7.4s
[ultrawidescaledtail10_e750_s43] ep 507/750 train_loss=0.8238 val_raw=94.94 val_ema=96.00 best_raw=95.60@504 best_ema=96.26@502 lr=0.02403 time=7.5s
[ultrawidescaledtail10_e750_s42] ep 504/750 train_loss=0.8523 val_raw=95.26 val_ema=96.14 best_raw=95.58@502 best_ema=96.32@481 lr=0.02458 time=7.2s
[ultrawidescaledtail10_e750_s49] ep 504/750 train_loss=0.8503 val_raw=95.60 val_ema=96.12 best_raw=95.60@504 best_ema=96.44@502 lr=0.02458 time=7.5s
[ultrawidescaledtail10_e750_s48] ep 519/750 train_loss=0.8877 val_raw=94.92 val_ema=96.16 best_raw=95.62@506 best_ema=96.40@511 lr=0.02190 time=7.1s
[ultrawidescaledtail10_e750_s46] ep 515/750 train_loss=0.9134 val_raw=95.02 val_ema=95.82 best_raw=95.56@499 best_ema=96.00@474 lr=0.02261 time=7.3s
[ultrawidescaledtail10_e750_s47] ep 509/750 train_loss=0.8919 val_raw=95.44 val_ema=96.20 best_raw=95.56@498 best_ema=96.36@507 lr=0.02367 time=7.2s
[ultrawidescaledtail10_e750_s45] ep 512/750 train_loss=0.7955 val_raw=95.28 val_ema=95.84 best_raw=95.68@486 best_ema=96.28@485 lr=0.02314 time=7.0s
[ultrawidescaledtail10_e750_s44] ep 504/750 train_loss=0.7964 val_raw=95.04 val_ema=96.14 best_raw=95.42@495 best_ema=96.18@488 lr=0.02458 time=7.3s
[ultrawidescaledtail10_e750_s43] ep 508/750 train_loss=0.9098 val_raw=95.16 val_ema=95.94 best_raw=95.60@504 best_ema=96.26@502 lr=0.02385 time=7.7s
[ultrawidescaledtail10_e750_s42] ep 505/750 train_loss=0.8747 val_raw=95.66 val_ema=96.42 best_raw=95.66@505 best_ema=96.42@505 lr=0.02439 time=7.2s
[ultrawidescaledtail10_e750_s49] ep 505/750 train_loss=0.8804 val_raw=95.34 val_ema=96.06 best_raw=95.60@504 best_ema=96.44@502 lr=0.02439 time=7.2s
[ultrawidescaledtail10_e750_s46] ep 516/750 train_loss=0.9369 val_raw=95.36 val_ema=95.52 best_raw=95.56@499 best_ema=96.00@474 lr=0.02243 time=7.1s
[ultrawidescaledtail10_e750_s48] ep 520/750 train_loss=0.8062 val_raw=95.46 val_ema=96.16 best_raw=95.62@506 best_ema=96.40@511 lr=0.02173 time=7.5s
[ultrawidescaledtail10_e750_s47] ep 510/750 train_loss=0.8681 val_raw=95.06 val_ema=95.88 best_raw=95.56@498 best_ema=96.36@507 lr=0.02349 time=7.8s
[ultrawidescaledtail10_e750_s45] ep 513/750 train_loss=0.9331 val_raw=95.30 val_ema=96.08 best_raw=95.68@486 best_ema=96.28@485 lr=0.02296 time=7.3s
[ultrawidescaledtail10_e750_s44] ep 505/750 train_loss=0.8205 val_raw=95.36 val_ema=96.08 best_raw=95.42@495 best_ema=96.18@488 lr=0.02439 time=7.3s
[ultrawidescaledtail10_e750_s43] ep 509/750 train_loss=0.9004 val_raw=94.92 val_ema=95.76 best_raw=95.60@504 best_ema=96.26@502 lr=0.02367 time=7.2s
[ultrawidescaledtail10_e750_s42] ep 506/750 train_loss=0.9309 val_raw=95.24 val_ema=95.96 best_raw=95.66@505 best_ema=96.42@505 lr=0.02421 time=7.2s
[ultrawidescaledtail10_e750_s49] ep 506/750 train_loss=0.8626 val_raw=95.70 val_ema=95.66 best_raw=95.70@506 best_ema=96.44@502 lr=0.02421 time=7.1s
[ultrawidescaledtail10_e750_s46] ep 517/750 train_loss=0.9093 val_raw=95.04 val_ema=95.70 best_raw=95.56@499 best_ema=96.00@474 lr=0.02225 time=7.0s
[ultrawidescaledtail10_e750_s48] ep 521/750 train_loss=0.8921 val_raw=95.12 val_ema=96.24 best_raw=95.62@506 best_ema=96.40@511 lr=0.02156 time=7.2s
[ultrawidescaledtail10_e750_s47] ep 511/750 train_loss=0.9263 val_raw=95.38 val_ema=95.92 best_raw=95.56@498 best_ema=96.36@507 lr=0.02332 time=7.3s
[ultrawidescaledtail10_e750_s45] ep 514/750 train_loss=0.8676 val_raw=95.18 val_ema=96.00 best_raw=95.68@486 best_ema=96.28@485 lr=0.02278 time=7.1s
[ultrawidescaledtail10_e750_s44] ep 506/750 train_loss=0.8327 val_raw=95.14 val_ema=96.10 best_raw=95.42@495 best_ema=96.18@488 lr=0.02421 time=7.4s
[ultrawidescaledtail10_e750_s42] ep 507/750 train_loss=0.9162 val_raw=95.56 val_ema=95.70 best_raw=95.66@505 best_ema=96.42@505 lr=0.02403 time=7.0s
[ultrawidescaledtail10_e750_s43] ep 510/750 train_loss=0.9233 val_raw=95.56 val_ema=95.46 best_raw=95.60@504 best_ema=96.26@502 lr=0.02349 time=7.3s
[ultrawidescaledtail10_e750_s49] ep 507/750 train_loss=0.9110 val_raw=95.80 val_ema=96.36 best_raw=95.80@507 best_ema=96.44@502 lr=0.02403 time=7.4s
[ultrawidescaledtail10_e750_s46] ep 518/750 train_loss=0.8724 val_raw=94.96 val_ema=95.68 best_raw=95.56@499 best_ema=96.00@474 lr=0.02208 time=7.0s
[ultrawidescaledtail10_e750_s48] ep 522/750 train_loss=0.9117 val_raw=94.92 val_ema=96.08 best_raw=95.62@506 best_ema=96.40@511 lr=0.02138 time=7.2s
[ultrawidescaledtail10_e750_s47] ep 512/750 train_loss=0.8440 val_raw=95.52 val_ema=95.88 best_raw=95.56@498 best_ema=96.36@507 lr=0.02314 time=7.2s
[ultrawidescaledtail10_e750_s45] ep 515/750 train_loss=0.9178 val_raw=95.20 val_ema=95.84 best_raw=95.68@486 best_ema=96.28@485 lr=0.02261 time=7.3s
[ultrawidescaledtail10_e750_s44] ep 507/750 train_loss=0.8784 val_raw=95.28 val_ema=96.04 best_raw=95.42@495 best_ema=96.18@488 lr=0.02403 time=7.2s
[ultrawidescaledtail10_e750_s43] ep 511/750 train_loss=0.8191 val_raw=95.06 val_ema=96.00 best_raw=95.60@504 best_ema=96.26@502 lr=0.02332 time=7.2s
[ultrawidescaledtail10_e750_s42] ep 508/750 train_loss=0.8900 val_raw=95.14 val_ema=96.20 best_raw=95.66@505 best_ema=96.42@505 lr=0.02385 time=7.7s
[ultrawidescaledtail10_e750_s49] ep 508/750 train_loss=0.8395 val_raw=95.36 val_ema=96.00 best_raw=95.80@507 best_ema=96.44@502 lr=0.02385 time=7.1s
[ultrawidescaledtail10_e750_s46] ep 519/750 train_loss=0.8411 val_raw=94.94 val_ema=95.92 best_raw=95.56@499 best_ema=96.00@474 lr=0.02190 time=7.2s
[ultrawidescaledtail10_e750_s48] ep 523/750 train_loss=0.8369 val_raw=95.34 val_ema=96.14 best_raw=95.62@506 best_ema=96.40@511 lr=0.02121 time=7.1s
[ultrawidescaledtail10_e750_s47] ep 513/750 train_loss=0.8386 val_raw=95.52 val_ema=95.82 best_raw=95.56@498 best_ema=96.36@507 lr=0.02296 time=7.4s
[ultrawidescaledtail10_e750_s45] ep 516/750 train_loss=0.8857 val_raw=95.26 val_ema=96.12 best_raw=95.68@486 best_ema=96.28@485 lr=0.02243 time=7.1s
[ultrawidescaledtail10_e750_s44] ep 508/750 train_loss=0.8554 val_raw=95.12 val_ema=95.88 best_raw=95.42@495 best_ema=96.18@488 lr=0.02385 time=7.6s
[ultrawidescaledtail10_e750_s43] ep 512/750 train_loss=0.8413 val_raw=95.46 val_ema=96.00 best_raw=95.60@504 best_ema=96.26@502 lr=0.02314 time=7.5s
[ultrawidescaledtail10_e750_s42] ep 509/750 train_loss=0.8337 val_raw=95.30 val_ema=96.06 best_raw=95.66@505 best_ema=96.42@505 lr=0.02367 time=7.5s
[ultrawidescaledtail10_e750_s49] ep 509/750 train_loss=0.8675 val_raw=95.42 val_ema=96.00 best_raw=95.80@507 best_ema=96.44@502 lr=0.02367 time=7.1s
[ultrawidescaledtail10_e750_s46] ep 520/750 train_loss=0.8412 val_raw=95.02 val_ema=95.80 best_raw=95.56@499 best_ema=96.00@474 lr=0.02173 time=7.1s
[ultrawidescaledtail10_e750_s48] ep 524/750 train_loss=0.8201 val_raw=95.58 val_ema=95.94 best_raw=95.62@506 best_ema=96.40@511 lr=0.02104 time=7.0s
[ultrawidescaledtail10_e750_s47] ep 514/750 train_loss=0.8901 val_raw=95.48 val_ema=96.06 best_raw=95.56@498 best_ema=96.36@507 lr=0.02278 time=7.6s
[ultrawidescaledtail10_e750_s45] ep 517/750 train_loss=0.9235 val_raw=95.12 val_ema=96.10 best_raw=95.68@486 best_ema=96.28@485 lr=0.02225 time=7.1s
[ultrawidescaledtail10_e750_s44] ep 509/750 train_loss=0.8219 val_raw=95.24 val_ema=95.84 best_raw=95.42@495 best_ema=96.18@488 lr=0.02367 time=7.2s
[ultrawidescaledtail10_e750_s43] ep 513/750 train_loss=0.8714 val_raw=95.28 val_ema=95.70 best_raw=95.60@504 best_ema=96.26@502 lr=0.02296 time=7.6s
[ultrawidescaledtail10_e750_s49] ep 510/750 train_loss=0.8295 val_raw=95.32 val_ema=96.24 best_raw=95.80@507 best_ema=96.44@502 lr=0.02349 time=7.1s
[ultrawidescaledtail10_e750_s42] ep 510/750 train_loss=0.8674 val_raw=95.18 val_ema=96.20 best_raw=95.66@505 best_ema=96.42@505 lr=0.02349 time=7.6s
[ultrawidescaledtail10_e750_s46] ep 521/750 train_loss=0.8212 val_raw=94.76 val_ema=95.84 best_raw=95.56@499 best_ema=96.00@474 lr=0.02156 time=7.2s
[ultrawidescaledtail10_e750_s48] ep 525/750 train_loss=0.8599 val_raw=95.10 val_ema=95.70 best_raw=95.62@506 best_ema=96.40@511 lr=0.02087 time=7.0s
[ultrawidescaledtail10_e750_s45] ep 518/750 train_loss=0.9035 val_raw=95.40 val_ema=96.04 best_raw=95.68@486 best_ema=96.28@485 lr=0.02208 time=7.2s
[ultrawidescaledtail10_e750_s47] ep 515/750 train_loss=0.8275 val_raw=95.68 val_ema=95.76 best_raw=95.68@515 best_ema=96.36@507 lr=0.02261 time=7.6s
[ultrawidescaledtail10_e750_s44] ep 510/750 train_loss=0.9006 val_raw=95.46 val_ema=95.90 best_raw=95.46@510 best_ema=96.18@488 lr=0.02349 time=7.3s
[ultrawidescaledtail10_e750_s43] ep 514/750 train_loss=0.8683 val_raw=94.88 val_ema=95.80 best_raw=95.60@504 best_ema=96.26@502 lr=0.02278 time=7.1s
[ultrawidescaledtail10_e750_s42] ep 511/750 train_loss=0.8631 val_raw=95.48 val_ema=96.26 best_raw=95.66@505 best_ema=96.42@505 lr=0.02332 time=7.0s
[ultrawidescaledtail10_e750_s49] ep 511/750 train_loss=0.8516 val_raw=95.38 val_ema=96.30 best_raw=95.80@507 best_ema=96.44@502 lr=0.02332 time=7.5s
[ultrawidescaledtail10_e750_s46] ep 522/750 train_loss=0.8711 val_raw=95.22 val_ema=95.80 best_raw=95.56@499 best_ema=96.00@474 lr=0.02138 time=7.3s
[ultrawidescaledtail10_e750_s48] ep 526/750 train_loss=0.8379 val_raw=95.24 val_ema=95.92 best_raw=95.62@506 best_ema=96.40@511 lr=0.02070 time=7.1s
[ultrawidescaledtail10_e750_s45] ep 519/750 train_loss=0.8695 val_raw=95.22 val_ema=96.22 best_raw=95.68@486 best_ema=96.28@485 lr=0.02190 time=7.1s
[ultrawidescaledtail10_e750_s47] ep 516/750 train_loss=0.9452 val_raw=95.48 val_ema=95.82 best_raw=95.68@515 best_ema=96.36@507 lr=0.02243 time=7.6s
[ultrawidescaledtail10_e750_s44] ep 511/750 train_loss=0.8711 val_raw=95.16 val_ema=95.84 best_raw=95.46@510 best_ema=96.18@488 lr=0.02332 time=7.3s
[ultrawidescaledtail10_e750_s43] ep 515/750 train_loss=0.8245 val_raw=94.82 val_ema=95.80 best_raw=95.60@504 best_ema=96.26@502 lr=0.02261 time=7.0s
[ultrawidescaledtail10_e750_s42] ep 512/750 train_loss=0.8357 val_raw=95.32 val_ema=95.92 best_raw=95.66@505 best_ema=96.42@505 lr=0.02314 time=7.3s
[ultrawidescaledtail10_e750_s49] ep 512/750 train_loss=0.8620 val_raw=95.60 val_ema=96.30 best_raw=95.80@507 best_ema=96.44@502 lr=0.02314 time=7.3s
[ultrawidescaledtail10_e750_s46] ep 523/750 train_loss=0.8599 val_raw=95.02 val_ema=95.38 best_raw=95.56@499 best_ema=96.00@474 lr=0.02121 time=7.0s
[ultrawidescaledtail10_e750_s48] ep 527/750 train_loss=0.8080 val_raw=94.92 val_ema=96.22 best_raw=95.62@506 best_ema=96.40@511 lr=0.02053 time=7.1s
[ultrawidescaledtail10_e750_s45] ep 520/750 train_loss=0.8228 val_raw=95.30 val_ema=95.92 best_raw=95.68@486 best_ema=96.28@485 lr=0.02173 time=7.4s
[ultrawidescaledtail10_e750_s47] ep 517/750 train_loss=0.8699 val_raw=95.48 val_ema=96.48 best_raw=95.68@515 best_ema=96.48@517 lr=0.02225 time=7.2s
[ultrawidescaledtail10_e750_s44] ep 512/750 train_loss=0.8484 val_raw=95.64 val_ema=95.74 best_raw=95.64@512 best_ema=96.18@488 lr=0.02314 time=7.4s
[ultrawidescaledtail10_e750_s43] ep 516/750 train_loss=0.8862 val_raw=95.00 val_ema=95.94 best_raw=95.60@504 best_ema=96.26@502 lr=0.02243 time=7.2s
[ultrawidescaledtail10_e750_s42] ep 513/750 train_loss=0.8327 val_raw=95.36 val_ema=95.88 best_raw=95.66@505 best_ema=96.42@505 lr=0.02296 time=7.0s
[ultrawidescaledtail10_e750_s49] ep 513/750 train_loss=0.8715 val_raw=95.66 val_ema=96.24 best_raw=95.80@507 best_ema=96.44@502 lr=0.02296 time=7.1s
[ultrawidescaledtail10_e750_s46] ep 524/750 train_loss=0.9368 val_raw=95.44 val_ema=95.54 best_raw=95.56@499 best_ema=96.00@474 lr=0.02104 time=7.3s
[ultrawidescaledtail10_e750_s48] ep 528/750 train_loss=0.8235 val_raw=95.38 val_ema=95.96 best_raw=95.62@506 best_ema=96.40@511 lr=0.02036 time=7.4s
[ultrawidescaledtail10_e750_s45] ep 521/750 train_loss=0.8354 val_raw=95.22 val_ema=96.06 best_raw=95.68@486 best_ema=96.28@485 lr=0.02156 time=7.5s
[ultrawidescaledtail10_e750_s47] ep 518/750 train_loss=0.8699 val_raw=95.52 val_ema=96.34 best_raw=95.68@515 best_ema=96.48@517 lr=0.02208 time=7.5s
[ultrawidescaledtail10_e750_s44] ep 513/750 train_loss=0.8567 val_raw=95.12 val_ema=95.70 best_raw=95.64@512 best_ema=96.18@488 lr=0.02296 time=7.4s
[ultrawidescaledtail10_e750_s43] ep 517/750 train_loss=0.8504 val_raw=95.04 val_ema=95.84 best_raw=95.60@504 best_ema=96.26@502 lr=0.02225 time=7.3s
[ultrawidescaledtail10_e750_s42] ep 514/750 train_loss=0.8608 val_raw=95.32 val_ema=95.76 best_raw=95.66@505 best_ema=96.42@505 lr=0.02278 time=7.3s
[ultrawidescaledtail10_e750_s49] ep 514/750 train_loss=0.8281 val_raw=95.32 val_ema=96.34 best_raw=95.80@507 best_ema=96.44@502 lr=0.02278 time=7.5s
[ultrawidescaledtail10_e750_s46] ep 525/750 train_loss=0.8536 val_raw=95.20 val_ema=95.84 best_raw=95.56@499 best_ema=96.00@474 lr=0.02087 time=7.1s
[ultrawidescaledtail10_e750_s48] ep 529/750 train_loss=0.8544 val_raw=95.58 val_ema=96.18 best_raw=95.62@506 best_ema=96.40@511 lr=0.02019 time=7.3s
[ultrawidescaledtail10_e750_s45] ep 522/750 train_loss=0.8068 val_raw=94.78 val_ema=96.44 best_raw=95.68@486 best_ema=96.44@522 lr=0.02138 time=7.5s
[ultrawidescaledtail10_e750_s47] ep 519/750 train_loss=0.9019 val_raw=95.18 val_ema=96.42 best_raw=95.68@515 best_ema=96.48@517 lr=0.02190 time=7.4s
[ultrawidescaledtail10_e750_s44] ep 514/750 train_loss=0.8349 val_raw=95.14 val_ema=95.80 best_raw=95.64@512 best_ema=96.18@488 lr=0.02278 time=7.0s
[ultrawidescaledtail10_e750_s43] ep 518/750 train_loss=0.9165 val_raw=95.38 val_ema=95.38 best_raw=95.60@504 best_ema=96.26@502 lr=0.02208 time=7.7s
[ultrawidescaledtail10_e750_s42] ep 515/750 train_loss=0.8142 val_raw=95.44 val_ema=95.88 best_raw=95.66@505 best_ema=96.42@505 lr=0.02261 time=7.6s
[ultrawidescaledtail10_e750_s49] ep 515/750 train_loss=0.9316 val_raw=95.14 val_ema=96.24 best_raw=95.80@507 best_ema=96.44@502 lr=0.02261 time=7.1s
[ultrawidescaledtail10_e750_s46] ep 526/750 train_loss=0.7742 val_raw=95.32 val_ema=96.22 best_raw=95.56@499 best_ema=96.22@526 lr=0.02070 time=7.1s
[ultrawidescaledtail10_e750_s48] ep 530/750 train_loss=0.8774 val_raw=95.38 val_ema=96.06 best_raw=95.62@506 best_ema=96.40@511 lr=0.02002 time=7.5s
[ultrawidescaledtail10_e750_s45] ep 523/750 train_loss=0.8777 val_raw=95.22 val_ema=95.94 best_raw=95.68@486 best_ema=96.44@522 lr=0.02121 time=7.1s
[ultrawidescaledtail10_e750_s47] ep 520/750 train_loss=0.8293 val_raw=95.44 val_ema=96.12 best_raw=95.68@515 best_ema=96.48@517 lr=0.02173 time=7.6s
[ultrawidescaledtail10_e750_s44] ep 515/750 train_loss=0.8553 val_raw=95.00 val_ema=95.58 best_raw=95.64@512 best_ema=96.18@488 lr=0.02261 time=7.3s
[ultrawidescaledtail10_e750_s43] ep 519/750 train_loss=0.8199 val_raw=95.14 val_ema=95.86 best_raw=95.60@504 best_ema=96.26@502 lr=0.02190 time=7.4s
[ultrawidescaledtail10_e750_s42] ep 516/750 train_loss=0.7796 val_raw=95.06 val_ema=96.24 best_raw=95.66@505 best_ema=96.42@505 lr=0.02243 time=7.3s
[ultrawidescaledtail10_e750_s49] ep 516/750 train_loss=0.8632 val_raw=95.38 val_ema=96.34 best_raw=95.80@507 best_ema=96.44@502 lr=0.02243 time=7.9s
[ultrawidescaledtail10_e750_s46] ep 527/750 train_loss=0.9602 val_raw=94.78 val_ema=95.80 best_raw=95.56@499 best_ema=96.22@526 lr=0.02053 time=7.5s
[ultrawidescaledtail10_e750_s48] ep 531/750 train_loss=0.8696 val_raw=95.20 val_ema=96.10 best_raw=95.62@506 best_ema=96.40@511 lr=0.01985 time=7.1s
[ultrawidescaledtail10_e750_s45] ep 524/750 train_loss=0.8663 val_raw=95.20 val_ema=96.16 best_raw=95.68@486 best_ema=96.44@522 lr=0.02104 time=7.4s
[ultrawidescaledtail10_e750_s47] ep 521/750 train_loss=0.8882 val_raw=95.62 val_ema=96.22 best_raw=95.68@515 best_ema=96.48@517 lr=0.02156 time=7.1s
[ultrawidescaledtail10_e750_s44] ep 516/750 train_loss=0.9816 val_raw=95.24 val_ema=95.92 best_raw=95.64@512 best_ema=96.18@488 lr=0.02243 time=7.3s
[ultrawidescaledtail10_e750_s43] ep 520/750 train_loss=0.8899 val_raw=94.86 val_ema=95.60 best_raw=95.60@504 best_ema=96.26@502 lr=0.02173 time=7.2s
[ultrawidescaledtail10_e750_s42] ep 517/750 train_loss=0.8366 val_raw=95.54 val_ema=95.90 best_raw=95.66@505 best_ema=96.42@505 lr=0.02225 time=7.4s
[ultrawidescaledtail10_e750_s49] ep 517/750 train_loss=0.8779 val_raw=94.82 val_ema=96.36 best_raw=95.80@507 best_ema=96.44@502 lr=0.02225 time=7.4s
[ultrawidescaledtail10_e750_s46] ep 528/750 train_loss=0.8905 val_raw=95.02 val_ema=95.40 best_raw=95.56@499 best_ema=96.22@526 lr=0.02036 time=7.5s
[ultrawidescaledtail10_e750_s48] ep 532/750 train_loss=0.8686 val_raw=95.26 val_ema=95.96 best_raw=95.62@506 best_ema=96.40@511 lr=0.01968 time=7.3s
[ultrawidescaledtail10_e750_s45] ep 525/750 train_loss=0.8767 val_raw=95.34 val_ema=96.18 best_raw=95.68@486 best_ema=96.44@522 lr=0.02087 time=7.2s
[ultrawidescaledtail10_e750_s47] ep 522/750 train_loss=0.8473 val_raw=95.50 val_ema=96.20 best_raw=95.68@515 best_ema=96.48@517 lr=0.02138 time=7.3s
[ultrawidescaledtail10_e750_s44] ep 517/750 train_loss=0.8735 val_raw=95.78 val_ema=96.00 best_raw=95.78@517 best_ema=96.18@488 lr=0.02225 time=7.3s
[ultrawidescaledtail10_e750_s43] ep 521/750 train_loss=0.8822 val_raw=95.24 val_ema=96.00 best_raw=95.60@504 best_ema=96.26@502 lr=0.02156 time=7.4s
[ultrawidescaledtail10_e750_s42] ep 518/750 train_loss=0.8270 val_raw=95.28 val_ema=96.16 best_raw=95.66@505 best_ema=96.42@505 lr=0.02208 time=7.4s
[ultrawidescaledtail10_e750_s49] ep 518/750 train_loss=0.8356 val_raw=95.18 val_ema=96.30 best_raw=95.80@507 best_ema=96.44@502 lr=0.02208 time=7.2s
[ultrawidescaledtail10_e750_s46] ep 529/750 train_loss=0.9260 val_raw=94.96 val_ema=95.42 best_raw=95.56@499 best_ema=96.22@526 lr=0.02019 time=7.4s
[ultrawidescaledtail10_e750_s48] ep 533/750 train_loss=0.8503 val_raw=95.28 val_ema=96.02 best_raw=95.62@506 best_ema=96.40@511 lr=0.01951 time=7.2s
[ultrawidescaledtail10_e750_s45] ep 526/750 train_loss=0.8870 val_raw=95.32 val_ema=96.22 best_raw=95.68@486 best_ema=96.44@522 lr=0.02070 time=7.2s
[ultrawidescaledtail10_e750_s47] ep 523/750 train_loss=0.8777 val_raw=95.32 val_ema=96.22 best_raw=95.68@515 best_ema=96.48@517 lr=0.02121 time=7.1s
[ultrawidescaledtail10_e750_s44] ep 518/750 train_loss=0.8839 val_raw=94.92 val_ema=96.16 best_raw=95.78@517 best_ema=96.18@488 lr=0.02208 time=7.1s
[ultrawidescaledtail10_e750_s43] ep 522/750 train_loss=0.8295 val_raw=95.96 val_ema=95.94 best_raw=95.96@522 best_ema=96.26@502 lr=0.02138 time=7.4s
[ultrawidescaledtail10_e750_s42] ep 519/750 train_loss=0.7844 val_raw=95.50 val_ema=96.30 best_raw=95.66@505 best_ema=96.42@505 lr=0.02190 time=7.6s
[ultrawidescaledtail10_e750_s49] ep 519/750 train_loss=0.9077 val_raw=95.32 val_ema=96.18 best_raw=95.80@507 best_ema=96.44@502 lr=0.02190 time=7.3s
[ultrawidescaledtail10_e750_s46] ep 530/750 train_loss=0.8037 val_raw=95.40 val_ema=96.00 best_raw=95.56@499 best_ema=96.22@526 lr=0.02002 time=7.4s
[ultrawidescaledtail10_e750_s48] ep 534/750 train_loss=0.8539 val_raw=95.30 val_ema=96.26 best_raw=95.62@506 best_ema=96.40@511 lr=0.01935 time=7.3s
[ultrawidescaledtail10_e750_s45] ep 527/750 train_loss=0.7769 val_raw=95.50 val_ema=96.14 best_raw=95.68@486 best_ema=96.44@522 lr=0.02053 time=7.5s
[ultrawidescaledtail10_e750_s47] ep 524/750 train_loss=0.8558 val_raw=95.52 val_ema=96.50 best_raw=95.68@515 best_ema=96.50@524 lr=0.02104 time=7.6s
[ultrawidescaledtail10_e750_s44] ep 519/750 train_loss=0.8758 val_raw=95.48 val_ema=95.92 best_raw=95.78@517 best_ema=96.18@488 lr=0.02190 time=7.1s
[ultrawidescaledtail10_e750_s43] ep 523/750 train_loss=0.8212 val_raw=95.50 val_ema=96.22 best_raw=95.96@522 best_ema=96.26@502 lr=0.02121 time=7.2s
[ultrawidescaledtail10_e750_s42] ep 520/750 train_loss=0.8499 val_raw=95.24 val_ema=96.28 best_raw=95.66@505 best_ema=96.42@505 lr=0.02173 time=7.4s
[ultrawidescaledtail10_e750_s49] ep 520/750 train_loss=0.8249 val_raw=95.52 val_ema=96.06 best_raw=95.80@507 best_ema=96.44@502 lr=0.02173 time=7.5s
[ultrawidescaledtail10_e750_s46] ep 531/750 train_loss=0.8601 val_raw=94.90 val_ema=95.92 best_raw=95.56@499 best_ema=96.22@526 lr=0.01985 time=7.1s
[ultrawidescaledtail10_e750_s48] ep 535/750 train_loss=0.8678 val_raw=95.58 val_ema=95.92 best_raw=95.62@506 best_ema=96.40@511 lr=0.01918 time=7.3s
[ultrawidescaledtail10_e750_s45] ep 528/750 train_loss=0.8921 val_raw=95.30 val_ema=95.96 best_raw=95.68@486 best_ema=96.44@522 lr=0.02036 time=7.1s
[ultrawidescaledtail10_e750_s47] ep 525/750 train_loss=0.8550 val_raw=95.46 val_ema=96.44 best_raw=95.68@515 best_ema=96.50@524 lr=0.02087 time=7.2s
[ultrawidescaledtail10_e750_s44] ep 520/750 train_loss=0.9565 val_raw=95.78 val_ema=95.78 best_raw=95.78@517 best_ema=96.18@488 lr=0.02173 time=7.3s
[ultrawidescaledtail10_e750_s43] ep 524/750 train_loss=0.8333 val_raw=95.26 val_ema=96.12 best_raw=95.96@522 best_ema=96.26@502 lr=0.02104 time=7.6s
[ultrawidescaledtail10_e750_s42] ep 521/750 train_loss=0.8163 val_raw=95.50 val_ema=96.20 best_raw=95.66@505 best_ema=96.42@505 lr=0.02156 time=7.7s
[ultrawidescaledtail10_e750_s46] ep 532/750 train_loss=0.8036 val_raw=95.10 val_ema=95.84 best_raw=95.56@499 best_ema=96.22@526 lr=0.01968 time=7.1s
[ultrawidescaledtail10_e750_s49] ep 521/750 train_loss=0.8862 val_raw=95.44 val_ema=96.22 best_raw=95.80@507 best_ema=96.44@502 lr=0.02156 time=7.5s
[ultrawidescaledtail10_e750_s48] ep 536/750 train_loss=0.7645 val_raw=95.00 val_ema=95.88 best_raw=95.62@506 best_ema=96.40@511 lr=0.01901 time=7.3s
[ultrawidescaledtail10_e750_s45] ep 529/750 train_loss=0.8801 val_raw=95.46 val_ema=95.76 best_raw=95.68@486 best_ema=96.44@522 lr=0.02019 time=7.4s
[ultrawidescaledtail10_e750_s47] ep 526/750 train_loss=0.9037 val_raw=95.66 val_ema=96.50 best_raw=95.68@515 best_ema=96.50@524 lr=0.02070 time=7.1s
[ultrawidescaledtail10_e750_s44] ep 521/750 train_loss=0.9422 val_raw=95.10 val_ema=96.08 best_raw=95.78@517 best_ema=96.18@488 lr=0.02156 time=7.5s
[ultrawidescaledtail10_e750_s43] ep 525/750 train_loss=0.8334 val_raw=95.52 val_ema=95.88 best_raw=95.96@522 best_ema=96.26@502 lr=0.02087 time=7.9s
[ultrawidescaledtail10_e750_s49] ep 522/750 train_loss=0.8932 val_raw=95.18 val_ema=95.90 best_raw=95.80@507 best_ema=96.44@502 lr=0.02138 time=7.4s
[ultrawidescaledtail10_e750_s42] ep 522/750 train_loss=0.7770 val_raw=95.22 val_ema=96.38 best_raw=95.66@505 best_ema=96.42@505 lr=0.02138 time=7.7s
[ultrawidescaledtail10_e750_s46] ep 533/750 train_loss=0.7794 val_raw=95.22 val_ema=96.08 best_raw=95.56@499 best_ema=96.22@526 lr=0.01951 time=7.7s
[ultrawidescaledtail10_e750_s48] ep 537/750 train_loss=0.8859 val_raw=95.48 val_ema=96.18 best_raw=95.62@506 best_ema=96.40@511 lr=0.01885 time=7.5s
[ultrawidescaledtail10_e750_s45] ep 530/750 train_loss=0.8822 val_raw=95.28 val_ema=95.98 best_raw=95.68@486 best_ema=96.44@522 lr=0.02002 time=7.2s
[ultrawidescaledtail10_e750_s47] ep 527/750 train_loss=0.8843 val_raw=95.24 val_ema=96.42 best_raw=95.68@515 best_ema=96.50@524 lr=0.02053 time=7.7s
[ultrawidescaledtail10_e750_s44] ep 522/750 train_loss=0.8945 val_raw=95.44 val_ema=95.86 best_raw=95.78@517 best_ema=96.18@488 lr=0.02138 time=7.1s
[ultrawidescaledtail10_e750_s43] ep 526/750 train_loss=0.8363 val_raw=95.48 val_ema=96.40 best_raw=95.96@522 best_ema=96.40@526 lr=0.02070 time=7.8s
[ultrawidescaledtail10_e750_s46] ep 534/750 train_loss=0.9081 val_raw=95.44 val_ema=95.84 best_raw=95.56@499 best_ema=96.22@526 lr=0.01935 time=7.2s
[ultrawidescaledtail10_e750_s42] ep 523/750 train_loss=0.8107 val_raw=95.56 val_ema=96.04 best_raw=95.66@505 best_ema=96.42@505 lr=0.02121 time=7.2s
[ultrawidescaledtail10_e750_s49] ep 523/750 train_loss=0.8266 val_raw=95.80 val_ema=96.00 best_raw=95.80@507 best_ema=96.44@502 lr=0.02121 time=7.7s
[ultrawidescaledtail10_e750_s48] ep 538/750 train_loss=0.8638 val_raw=95.06 val_ema=95.68 best_raw=95.62@506 best_ema=96.40@511 lr=0.01868 time=7.1s
[ultrawidescaledtail10_e750_s45] ep 531/750 train_loss=0.8730 val_raw=95.62 val_ema=96.10 best_raw=95.68@486 best_ema=96.44@522 lr=0.01985 time=7.3s
[ultrawidescaledtail10_e750_s47] ep 528/750 train_loss=0.8430 val_raw=95.58 val_ema=95.96 best_raw=95.68@515 best_ema=96.50@524 lr=0.02036 time=7.2s
[ultrawidescaledtail10_e750_s44] ep 523/750 train_loss=0.9006 val_raw=95.40 val_ema=96.06 best_raw=95.78@517 best_ema=96.18@488 lr=0.02121 time=7.4s
[ultrawidescaledtail10_e750_s46] ep 535/750 train_loss=0.8226 val_raw=95.32 val_ema=95.88 best_raw=95.56@499 best_ema=96.22@526 lr=0.01918 time=7.1s
[ultrawidescaledtail10_e750_s43] ep 527/750 train_loss=0.8471 val_raw=95.40 val_ema=96.36 best_raw=95.96@522 best_ema=96.40@526 lr=0.02053 time=7.7s
[ultrawidescaledtail10_e750_s49] ep 524/750 train_loss=0.8769 val_raw=95.36 val_ema=96.32 best_raw=95.80@507 best_ema=96.44@502 lr=0.02104 time=7.6s
[ultrawidescaledtail10_e750_s42] ep 524/750 train_loss=0.8155 val_raw=95.10 val_ema=96.34 best_raw=95.66@505 best_ema=96.42@505 lr=0.02104 time=7.8s
[ultrawidescaledtail10_e750_s48] ep 539/750 train_loss=0.8493 val_raw=95.48 val_ema=96.04 best_raw=95.62@506 best_ema=96.40@511 lr=0.01852 time=7.5s
[ultrawidescaledtail10_e750_s45] ep 532/750 train_loss=0.8445 val_raw=95.26 val_ema=95.82 best_raw=95.68@486 best_ema=96.44@522 lr=0.01968 time=7.7s
[ultrawidescaledtail10_e750_s47] ep 529/750 train_loss=0.8262 val_raw=95.16 val_ema=96.38 best_raw=95.68@515 best_ema=96.50@524 lr=0.02019 time=7.3s
[ultrawidescaledtail10_e750_s44] ep 524/750 train_loss=0.8568 val_raw=95.62 val_ema=96.08 best_raw=95.78@517 best_ema=96.18@488 lr=0.02104 time=7.4s
[ultrawidescaledtail10_e750_s46] ep 536/750 train_loss=0.8820 val_raw=95.66 val_ema=95.84 best_raw=95.66@536 best_ema=96.22@526 lr=0.01901 time=7.1s
[ultrawidescaledtail10_e750_s43] ep 528/750 train_loss=0.8866 val_raw=95.50 val_ema=96.24 best_raw=95.96@522 best_ema=96.40@526 lr=0.02036 time=7.5s
[ultrawidescaledtail10_e750_s42] ep 525/750 train_loss=0.8115 val_raw=95.14 val_ema=96.06 best_raw=95.66@505 best_ema=96.42@505 lr=0.02087 time=7.3s
[ultrawidescaledtail10_e750_s48] ep 540/750 train_loss=0.8971 val_raw=95.54 val_ema=96.16 best_raw=95.62@506 best_ema=96.40@511 lr=0.01836 time=7.4s
[ultrawidescaledtail10_e750_s49] ep 525/750 train_loss=0.8644 val_raw=95.56 val_ema=95.98 best_raw=95.80@507 best_ema=96.44@502 lr=0.02087 time=7.6s
[ultrawidescaledtail10_e750_s45] ep 533/750 train_loss=0.8497 val_raw=95.90 val_ema=96.04 best_raw=95.90@533 best_ema=96.44@522 lr=0.01951 time=7.9s
[ultrawidescaledtail10_e750_s47] ep 530/750 train_loss=0.8990 val_raw=95.38 val_ema=96.14 best_raw=95.68@515 best_ema=96.50@524 lr=0.02002 time=7.3s
[ultrawidescaledtail10_e750_s44] ep 525/750 train_loss=0.8233 val_raw=95.32 val_ema=95.84 best_raw=95.78@517 best_ema=96.18@488 lr=0.02087 time=7.1s
[ultrawidescaledtail10_e750_s46] ep 537/750 train_loss=0.9294 val_raw=95.40 val_ema=96.12 best_raw=95.66@536 best_ema=96.22@526 lr=0.01885 time=7.8s
[ultrawidescaledtail10_e750_s42] ep 526/750 train_loss=0.8785 val_raw=95.58 val_ema=96.14 best_raw=95.66@505 best_ema=96.42@505 lr=0.02070 time=7.3s
[ultrawidescaledtail10_e750_s48] ep 541/750 train_loss=0.8063 val_raw=95.18 val_ema=96.34 best_raw=95.62@506 best_ema=96.40@511 lr=0.01819 time=7.2s
[ultrawidescaledtail10_e750_s49] ep 526/750 train_loss=0.8519 val_raw=95.44 val_ema=96.22 best_raw=95.80@507 best_ema=96.44@502 lr=0.02070 time=7.3s
[ultrawidescaledtail10_e750_s43] ep 529/750 train_loss=0.8043 val_raw=95.26 val_ema=96.14 best_raw=95.96@522 best_ema=96.40@526 lr=0.02019 time=7.8s
[ultrawidescaledtail10_e750_s45] ep 534/750 train_loss=0.8019 val_raw=95.86 val_ema=95.90 best_raw=95.90@533 best_ema=96.44@522 lr=0.01935 time=7.4s
[ultrawidescaledtail10_e750_s47] ep 531/750 train_loss=0.8173 val_raw=95.50 val_ema=96.38 best_raw=95.68@515 best_ema=96.50@524 lr=0.01985 time=7.7s
[ultrawidescaledtail10_e750_s44] ep 526/750 train_loss=0.8907 val_raw=95.26 val_ema=96.14 best_raw=95.78@517 best_ema=96.18@488 lr=0.02070 time=7.3s
[ultrawidescaledtail10_e750_s46] ep 538/750 train_loss=0.8441 val_raw=95.36 val_ema=95.68 best_raw=95.66@536 best_ema=96.22@526 lr=0.01868 time=7.1s
[ultrawidescaledtail10_e750_s48] ep 542/750 train_loss=0.8309 val_raw=95.34 val_ema=95.86 best_raw=95.62@506 best_ema=96.40@511 lr=0.01803 time=7.1s
[ultrawidescaledtail10_e750_s42] ep 527/750 train_loss=0.8407 val_raw=95.06 val_ema=95.92 best_raw=95.66@505 best_ema=96.42@505 lr=0.02053 time=7.4s
[ultrawidescaledtail10_e750_s49] ep 527/750 train_loss=0.8148 val_raw=95.62 val_ema=96.04 best_raw=95.80@507 best_ema=96.44@502 lr=0.02053 time=7.1s
[ultrawidescaledtail10_e750_s43] ep 530/750 train_loss=0.8111 val_raw=95.24 val_ema=96.06 best_raw=95.96@522 best_ema=96.40@526 lr=0.02002 time=7.6s
[ultrawidescaledtail10_e750_s45] ep 535/750 train_loss=0.8712 val_raw=95.42 val_ema=96.10 best_raw=95.90@533 best_ema=96.44@522 lr=0.01918 time=7.4s
[ultrawidescaledtail10_e750_s47] ep 532/750 train_loss=0.8842 val_raw=95.74 val_ema=96.38 best_raw=95.74@532 best_ema=96.50@524 lr=0.01968 time=7.1s
[ultrawidescaledtail10_e750_s44] ep 527/750 train_loss=0.9454 val_raw=95.22 val_ema=96.18 best_raw=95.78@517 best_ema=96.18@488 lr=0.02053 time=7.3s
[ultrawidescaledtail10_e750_s46] ep 539/750 train_loss=0.8357 val_raw=94.84 val_ema=95.84 best_raw=95.66@536 best_ema=96.22@526 lr=0.01852 time=7.3s
[ultrawidescaledtail10_e750_s48] ep 543/750 train_loss=0.9226 val_raw=95.42 val_ema=96.14 best_raw=95.62@506 best_ema=96.40@511 lr=0.01787 time=7.1s
[ultrawidescaledtail10_e750_s42] ep 528/750 train_loss=0.9161 val_raw=95.50 val_ema=96.34 best_raw=95.66@505 best_ema=96.42@505 lr=0.02036 time=7.4s
[ultrawidescaledtail10_e750_s49] ep 528/750 train_loss=0.8418 val_raw=95.42 val_ema=96.28 best_raw=95.80@507 best_ema=96.44@502 lr=0.02036 time=7.6s
[ultrawidescaledtail10_e750_s43] ep 531/750 train_loss=0.7887 val_raw=95.26 val_ema=96.40 best_raw=95.96@522 best_ema=96.40@526 lr=0.01985 time=7.3s
[ultrawidescaledtail10_e750_s45] ep 536/750 train_loss=0.8243 val_raw=95.62 val_ema=96.22 best_raw=95.90@533 best_ema=96.44@522 lr=0.01901 time=7.1s
[ultrawidescaledtail10_e750_s47] ep 533/750 train_loss=0.8550 val_raw=95.24 val_ema=96.32 best_raw=95.74@532 best_ema=96.50@524 lr=0.01951 time=7.0s
[ultrawidescaledtail10_e750_s44] ep 528/750 train_loss=0.9510 val_raw=95.56 val_ema=96.16 best_raw=95.78@517 best_ema=96.18@488 lr=0.02036 time=7.5s
[ultrawidescaledtail10_e750_s46] ep 540/750 train_loss=0.8329 val_raw=95.26 val_ema=95.86 best_raw=95.66@536 best_ema=96.22@526 lr=0.01836 time=7.4s
[ultrawidescaledtail10_e750_s48] ep 544/750 train_loss=0.9275 val_raw=95.52 val_ema=96.06 best_raw=95.62@506 best_ema=96.40@511 lr=0.01771 time=7.1s
[ultrawidescaledtail10_e750_s49] ep 529/750 train_loss=0.8014 val_raw=94.96 val_ema=96.04 best_raw=95.80@507 best_ema=96.44@502 lr=0.02019 time=7.1s
[ultrawidescaledtail10_e750_s42] ep 529/750 train_loss=0.8851 val_raw=95.24 val_ema=96.32 best_raw=95.66@505 best_ema=96.42@505 lr=0.02019 time=7.9s
[ultrawidescaledtail10_e750_s43] ep 532/750 train_loss=0.7990 val_raw=95.52 val_ema=95.94 best_raw=95.96@522 best_ema=96.40@526 lr=0.01968 time=7.5s
[ultrawidescaledtail10_e750_s45] ep 537/750 train_loss=0.8926 val_raw=95.40 val_ema=96.06 best_raw=95.90@533 best_ema=96.44@522 lr=0.01885 time=7.0s
[ultrawidescaledtail10_e750_s47] ep 534/750 train_loss=0.8268 val_raw=95.48 val_ema=96.26 best_raw=95.74@532 best_ema=96.50@524 lr=0.01935 time=7.0s
[ultrawidescaledtail10_e750_s44] ep 529/750 train_loss=0.8912 val_raw=95.72 val_ema=96.14 best_raw=95.78@517 best_ema=96.18@488 lr=0.02019 time=7.3s
[ultrawidescaledtail10_e750_s46] ep 541/750 train_loss=0.8046 val_raw=95.62 val_ema=96.00 best_raw=95.66@536 best_ema=96.22@526 lr=0.01819 time=7.5s
[ultrawidescaledtail10_e750_s48] ep 545/750 train_loss=0.8426 val_raw=95.72 val_ema=95.92 best_raw=95.72@545 best_ema=96.40@511 lr=0.01755 time=7.5s
[ultrawidescaledtail10_e750_s49] ep 530/750 train_loss=0.8451 val_raw=95.16 val_ema=95.96 best_raw=95.80@507 best_ema=96.44@502 lr=0.02002 time=7.1s
[ultrawidescaledtail10_e750_s42] ep 530/750 train_loss=0.9029 val_raw=95.72 val_ema=96.32 best_raw=95.72@530 best_ema=96.42@505 lr=0.02002 time=7.3s
[ultrawidescaledtail10_e750_s43] ep 533/750 train_loss=0.8370 val_raw=95.80 val_ema=96.34 best_raw=95.96@522 best_ema=96.40@526 lr=0.01951 time=7.8s
[ultrawidescaledtail10_e750_s45] ep 538/750 train_loss=0.8651 val_raw=95.62 val_ema=96.12 best_raw=95.90@533 best_ema=96.44@522 lr=0.01868 time=7.2s
[ultrawidescaledtail10_e750_s47] ep 535/750 train_loss=0.8861 val_raw=95.54 val_ema=96.22 best_raw=95.74@532 best_ema=96.50@524 lr=0.01918 time=7.1s
[ultrawidescaledtail10_e750_s44] ep 530/750 train_loss=0.8387 val_raw=95.66 val_ema=96.10 best_raw=95.78@517 best_ema=96.18@488 lr=0.02002 time=7.6s
[ultrawidescaledtail10_e750_s49] ep 531/750 train_loss=0.8450 val_raw=95.80 val_ema=96.42 best_raw=95.80@507 best_ema=96.44@502 lr=0.01985 time=7.1s
[ultrawidescaledtail10_e750_s46] ep 542/750 train_loss=0.9225 val_raw=95.60 val_ema=95.84 best_raw=95.66@536 best_ema=96.22@526 lr=0.01803 time=7.5s
[ultrawidescaledtail10_e750_s48] ep 546/750 train_loss=0.8317 val_raw=95.34 val_ema=95.80 best_raw=95.72@545 best_ema=96.40@511 lr=0.01739 time=7.6s
[ultrawidescaledtail10_e750_s42] ep 531/750 train_loss=0.8184 val_raw=95.38 val_ema=96.34 best_raw=95.72@530 best_ema=96.42@505 lr=0.01985 time=7.7s
[ultrawidescaledtail10_e750_s43] ep 534/750 train_loss=0.9118 val_raw=95.42 val_ema=96.14 best_raw=95.96@522 best_ema=96.40@526 lr=0.01935 time=7.5s
[ultrawidescaledtail10_e750_s45] ep 539/750 train_loss=0.9078 val_raw=95.50 val_ema=96.38 best_raw=95.90@533 best_ema=96.44@522 lr=0.01852 time=7.1s
[ultrawidescaledtail10_e750_s47] ep 536/750 train_loss=0.8727 val_raw=95.16 val_ema=96.40 best_raw=95.74@532 best_ema=96.50@524 lr=0.01901 time=7.3s
[ultrawidescaledtail10_e750_s44] ep 531/750 train_loss=0.8463 val_raw=95.12 val_ema=96.18 best_raw=95.78@517 best_ema=96.18@488 lr=0.01985 time=7.1s
[ultrawidescaledtail10_e750_s48] ep 547/750 train_loss=0.8224 val_raw=95.74 val_ema=96.14 best_raw=95.74@547 best_ema=96.40@511 lr=0.01723 time=7.1s
[ultrawidescaledtail10_e750_s46] ep 543/750 train_loss=0.8606 val_raw=95.46 val_ema=96.06 best_raw=95.66@536 best_ema=96.22@526 lr=0.01787 time=7.3s
[ultrawidescaledtail10_e750_s49] ep 532/750 train_loss=0.7958 val_raw=95.68 val_ema=96.18 best_raw=95.80@507 best_ema=96.44@502 lr=0.01968 time=7.6s
[ultrawidescaledtail10_e750_s43] ep 535/750 train_loss=0.8787 val_raw=95.42 val_ema=95.92 best_raw=95.96@522 best_ema=96.40@526 lr=0.01918 time=7.4s
[ultrawidescaledtail10_e750_s42] ep 532/750 train_loss=0.8159 val_raw=95.40 val_ema=96.64 best_raw=95.72@530 best_ema=96.64@532 lr=0.01968 time=8.0s
[ultrawidescaledtail10_e750_s45] ep 540/750 train_loss=0.8585 val_raw=95.46 val_ema=95.90 best_raw=95.90@533 best_ema=96.44@522 lr=0.01836 time=7.4s
[ultrawidescaledtail10_e750_s47] ep 537/750 train_loss=0.8732 val_raw=95.36 val_ema=96.10 best_raw=95.74@532 best_ema=96.50@524 lr=0.01885 time=7.5s
[ultrawidescaledtail10_e750_s44] ep 532/750 train_loss=0.8744 val_raw=95.48 val_ema=96.06 best_raw=95.78@517 best_ema=96.18@488 lr=0.01968 time=7.1s
[ultrawidescaledtail10_e750_s48] ep 548/750 train_loss=0.8175 val_raw=95.62 val_ema=96.14 best_raw=95.74@547 best_ema=96.40@511 lr=0.01707 time=7.2s
[ultrawidescaledtail10_e750_s49] ep 533/750 train_loss=0.8219 val_raw=95.96 val_ema=96.06 best_raw=95.96@533 best_ema=96.44@502 lr=0.01951 time=7.3s
[ultrawidescaledtail10_e750_s46] ep 544/750 train_loss=0.8959 val_raw=95.76 val_ema=95.84 best_raw=95.76@544 best_ema=96.22@526 lr=0.01771 time=7.6s
[ultrawidescaledtail10_e750_s45] ep 541/750 train_loss=0.8649 val_raw=95.38 val_ema=96.30 best_raw=95.90@533 best_ema=96.44@522 lr=0.01819 time=7.1s
[ultrawidescaledtail10_e750_s43] ep 536/750 train_loss=0.8239 val_raw=95.18 val_ema=96.04 best_raw=95.96@522 best_ema=96.40@526 lr=0.01901 time=7.5s
[ultrawidescaledtail10_e750_s42] ep 533/750 train_loss=0.8974 val_raw=95.68 val_ema=96.34 best_raw=95.72@530 best_ema=96.64@532 lr=0.01951 time=7.6s
[ultrawidescaledtail10_e750_s47] ep 538/750 train_loss=0.7769 val_raw=95.54 val_ema=96.54 best_raw=95.74@532 best_ema=96.54@538 lr=0.01868 time=7.6s
[ultrawidescaledtail10_e750_s44] ep 533/750 train_loss=0.8838 val_raw=95.66 val_ema=95.94 best_raw=95.78@517 best_ema=96.18@488 lr=0.01951 time=7.3s
[ultrawidescaledtail10_e750_s49] ep 534/750 train_loss=0.8014 val_raw=95.40 val_ema=96.04 best_raw=95.96@533 best_ema=96.44@502 lr=0.01935 time=7.1s
[ultrawidescaledtail10_e750_s48] ep 549/750 train_loss=0.9213 val_raw=95.44 val_ema=96.14 best_raw=95.74@547 best_ema=96.40@511 lr=0.01691 time=7.6s
[ultrawidescaledtail10_e750_s46] ep 545/750 train_loss=0.8373 val_raw=95.56 val_ema=95.94 best_raw=95.76@544 best_ema=96.22@526 lr=0.01755 time=7.5s
[ultrawidescaledtail10_e750_s45] ep 542/750 train_loss=0.8874 val_raw=95.32 val_ema=95.80 best_raw=95.90@533 best_ema=96.44@522 lr=0.01803 time=7.3s
[ultrawidescaledtail10_e750_s43] ep 537/750 train_loss=0.8647 val_raw=95.44 val_ema=95.96 best_raw=95.96@522 best_ema=96.40@526 lr=0.01885 time=7.2s
[ultrawidescaledtail10_e750_s42] ep 534/750 train_loss=0.8800 val_raw=95.32 val_ema=96.04 best_raw=95.72@530 best_ema=96.64@532 lr=0.01935 time=7.6s
[ultrawidescaledtail10_e750_s47] ep 539/750 train_loss=0.8401 val_raw=95.54 val_ema=96.44 best_raw=95.74@532 best_ema=96.54@538 lr=0.01852 time=7.6s
[ultrawidescaledtail10_e750_s44] ep 534/750 train_loss=0.8731 val_raw=95.46 val_ema=95.92 best_raw=95.78@517 best_ema=96.18@488 lr=0.01935 time=7.1s
[ultrawidescaledtail10_e750_s48] ep 550/750 train_loss=0.7526 val_raw=95.50 val_ema=96.04 best_raw=95.74@547 best_ema=96.40@511 lr=0.01675 time=7.5s
[ultrawidescaledtail10_e750_s46] ep 546/750 train_loss=0.8951 val_raw=95.46 val_ema=96.06 best_raw=95.76@544 best_ema=96.22@526 lr=0.01739 time=7.1s
[ultrawidescaledtail10_e750_s49] ep 535/750 train_loss=0.8645 val_raw=95.60 val_ema=96.30 best_raw=95.96@533 best_ema=96.44@502 lr=0.01918 time=7.7s
[ultrawidescaledtail10_e750_s45] ep 543/750 train_loss=0.8412 val_raw=95.40 val_ema=96.06 best_raw=95.90@533 best_ema=96.44@522 lr=0.01787 time=7.1s
[ultrawidescaledtail10_e750_s42] ep 535/750 train_loss=0.9201 val_raw=95.34 val_ema=96.08 best_raw=95.72@530 best_ema=96.64@532 lr=0.01918 time=7.2s
[ultrawidescaledtail10_e750_s43] ep 538/750 train_loss=0.8753 val_raw=95.44 val_ema=96.26 best_raw=95.96@522 best_ema=96.40@526 lr=0.01868 time=7.9s
[ultrawidescaledtail10_e750_s47] ep 540/750 train_loss=0.8876 val_raw=95.54 val_ema=96.34 best_raw=95.74@532 best_ema=96.54@538 lr=0.01836 time=7.5s
[ultrawidescaledtail10_e750_s44] ep 535/750 train_loss=0.8021 val_raw=95.58 val_ema=96.30 best_raw=95.78@517 best_ema=96.30@535 lr=0.01918 time=7.8s
[ultrawidescaledtail10_e750_s48] ep 551/750 train_loss=0.8830 val_raw=95.80 val_ema=96.22 best_raw=95.80@551 best_ema=96.40@511 lr=0.01660 time=7.1s
[ultrawidescaledtail10_e750_s46] ep 547/750 train_loss=0.8186 val_raw=95.62 val_ema=95.90 best_raw=95.76@544 best_ema=96.22@526 lr=0.01723 time=7.6s
[ultrawidescaledtail10_e750_s49] ep 536/750 train_loss=0.7867 val_raw=95.48 val_ema=96.30 best_raw=95.96@533 best_ema=96.44@502 lr=0.01901 time=7.7s
[ultrawidescaledtail10_e750_s45] ep 544/750 train_loss=0.8294 val_raw=95.48 val_ema=96.14 best_raw=95.90@533 best_ema=96.44@522 lr=0.01771 time=7.7s
[ultrawidescaledtail10_e750_s42] ep 536/750 train_loss=0.8154 val_raw=95.44 val_ema=96.08 best_raw=95.72@530 best_ema=96.64@532 lr=0.01901 time=7.2s
[ultrawidescaledtail10_e750_s43] ep 539/750 train_loss=0.8004 val_raw=95.44 val_ema=96.12 best_raw=95.96@522 best_ema=96.40@526 lr=0.01852 time=7.1s
[ultrawidescaledtail10_e750_s47] ep 541/750 train_loss=0.9243 val_raw=95.46 val_ema=96.30 best_raw=95.74@532 best_ema=96.54@538 lr=0.01819 time=7.6s
[ultrawidescaledtail10_e750_s44] ep 536/750 train_loss=0.8690 val_raw=95.38 val_ema=96.00 best_raw=95.78@517 best_ema=96.30@535 lr=0.01901 time=7.1s
[ultrawidescaledtail10_e750_s48] ep 552/750 train_loss=0.8409 val_raw=95.76 val_ema=96.08 best_raw=95.80@551 best_ema=96.40@511 lr=0.01644 time=7.6s
[ultrawidescaledtail10_e750_s49] ep 537/750 train_loss=0.8269 val_raw=95.46 val_ema=96.28 best_raw=95.96@533 best_ema=96.44@502 lr=0.01885 time=7.2s
[ultrawidescaledtail10_e750_s46] ep 548/750 train_loss=0.8172 val_raw=95.34 val_ema=96.00 best_raw=95.76@544 best_ema=96.22@526 lr=0.01707 time=7.7s
[ultrawidescaledtail10_e750_s45] ep 545/750 train_loss=0.9180 val_raw=95.52 val_ema=96.06 best_raw=95.90@533 best_ema=96.44@522 lr=0.01755 time=7.1s
[ultrawidescaledtail10_e750_s42] ep 537/750 train_loss=0.7992 val_raw=95.18 val_ema=96.20 best_raw=95.72@530 best_ema=96.64@532 lr=0.01885 time=7.1s
[ultrawidescaledtail10_e750_s43] ep 540/750 train_loss=0.7938 val_raw=95.52 val_ema=96.14 best_raw=95.96@522 best_ema=96.40@526 lr=0.01836 time=7.7s
[ultrawidescaledtail10_e750_s47] ep 542/750 train_loss=0.8174 val_raw=95.76 val_ema=96.52 best_raw=95.76@542 best_ema=96.54@538 lr=0.01803 time=7.3s
[ultrawidescaledtail10_e750_s44] ep 537/750 train_loss=0.8345 val_raw=95.70 val_ema=96.00 best_raw=95.78@517 best_ema=96.30@535 lr=0.01885 time=7.5s
[ultrawidescaledtail10_e750_s48] ep 553/750 train_loss=0.8625 val_raw=95.50 val_ema=95.98 best_raw=95.80@551 best_ema=96.40@511 lr=0.01628 time=7.2s
[ultrawidescaledtail10_e750_s49] ep 538/750 train_loss=0.8747 val_raw=95.28 val_ema=96.46 best_raw=95.96@533 best_ema=96.46@538 lr=0.01868 time=7.7s
[ultrawidescaledtail10_e750_s46] ep 549/750 train_loss=0.8629 val_raw=95.26 val_ema=95.78 best_raw=95.76@544 best_ema=96.22@526 lr=0.01691 time=7.4s
[ultrawidescaledtail10_e750_s42] ep 538/750 train_loss=0.8148 val_raw=95.22 val_ema=96.32 best_raw=95.72@530 best_ema=96.64@532 lr=0.01868 time=7.7s
[ultrawidescaledtail10_e750_s45] ep 546/750 train_loss=0.8651 val_raw=95.30 val_ema=96.32 best_raw=95.90@533 best_ema=96.44@522 lr=0.01739 time=7.9s
[ultrawidescaledtail10_e750_s43] ep 541/750 train_loss=0.8919 val_raw=95.44 val_ema=96.04 best_raw=95.96@522 best_ema=96.40@526 lr=0.01819 time=7.7s
[ultrawidescaledtail10_e750_s47] ep 543/750 train_loss=0.8301 val_raw=95.48 val_ema=95.94 best_raw=95.76@542 best_ema=96.54@538 lr=0.01787 time=7.6s
[ultrawidescaledtail10_e750_s44] ep 538/750 train_loss=0.8585 val_raw=95.94 val_ema=95.92 best_raw=95.94@538 best_ema=96.30@535 lr=0.01868 time=7.5s
[ultrawidescaledtail10_e750_s48] ep 554/750 train_loss=0.8863 val_raw=95.28 val_ema=96.12 best_raw=95.80@551 best_ema=96.40@511 lr=0.01613 time=7.4s
[ultrawidescaledtail10_e750_s46] ep 550/750 train_loss=0.8263 val_raw=95.34 val_ema=95.90 best_raw=95.76@544 best_ema=96.22@526 lr=0.01675 time=7.1s
[ultrawidescaledtail10_e750_s49] ep 539/750 train_loss=0.8626 val_raw=95.14 val_ema=96.10 best_raw=95.96@533 best_ema=96.46@538 lr=0.01852 time=7.4s
[ultrawidescaledtail10_e750_s42] ep 539/750 train_loss=0.8418 val_raw=95.62 val_ema=96.36 best_raw=95.72@530 best_ema=96.64@532 lr=0.01852 time=7.4s
[ultrawidescaledtail10_e750_s45] ep 547/750 train_loss=0.8855 val_raw=95.50 val_ema=96.06 best_raw=95.90@533 best_ema=96.44@522 lr=0.01723 time=7.5s
[ultrawidescaledtail10_e750_s43] ep 542/750 train_loss=0.8228 val_raw=95.38 val_ema=96.34 best_raw=95.96@522 best_ema=96.40@526 lr=0.01803 time=7.7s
[ultrawidescaledtail10_e750_s44] ep 539/750 train_loss=0.8707 val_raw=95.42 val_ema=96.14 best_raw=95.94@538 best_ema=96.30@535 lr=0.01852 time=7.2s
[ultrawidescaledtail10_e750_s47] ep 544/750 train_loss=0.8551 val_raw=95.94 val_ema=96.12 best_raw=95.94@544 best_ema=96.54@538 lr=0.01771 time=7.5s
[ultrawidescaledtail10_e750_s48] ep 555/750 train_loss=0.8503 val_raw=95.48 val_ema=96.34 best_raw=95.80@551 best_ema=96.40@511 lr=0.01597 time=7.1s
[ultrawidescaledtail10_e750_s46] ep 551/750 train_loss=0.8569 val_raw=95.36 val_ema=96.10 best_raw=95.76@544 best_ema=96.22@526 lr=0.01660 time=7.3s
[ultrawidescaledtail10_e750_s49] ep 540/750 train_loss=0.8616 val_raw=95.34 val_ema=96.22 best_raw=95.96@533 best_ema=96.46@538 lr=0.01836 time=7.3s
[ultrawidescaledtail10_e750_s42] ep 540/750 train_loss=0.8142 val_raw=95.48 val_ema=96.14 best_raw=95.72@530 best_ema=96.64@532 lr=0.01836 time=7.5s
[ultrawidescaledtail10_e750_s45] ep 548/750 train_loss=0.8267 val_raw=95.58 val_ema=96.14 best_raw=95.90@533 best_ema=96.44@522 lr=0.01707 time=7.7s
[ultrawidescaledtail10_e750_s43] ep 543/750 train_loss=0.8892 val_raw=95.64 val_ema=96.06 best_raw=95.96@522 best_ema=96.40@526 lr=0.01787 time=7.3s
[ultrawidescaledtail10_e750_s44] ep 540/750 train_loss=0.7981 val_raw=95.30 val_ema=95.92 best_raw=95.94@538 best_ema=96.30@535 lr=0.01836 time=7.0s
[ultrawidescaledtail10_e750_s47] ep 545/750 train_loss=0.8884 val_raw=95.58 val_ema=96.46 best_raw=95.94@544 best_ema=96.54@538 lr=0.01755 time=7.5s
[ultrawidescaledtail10_e750_s48] ep 556/750 train_loss=0.9061 val_raw=95.46 val_ema=96.18 best_raw=95.80@551 best_ema=96.40@511 lr=0.01582 time=7.1s
[ultrawidescaledtail10_e750_s46] ep 552/750 train_loss=0.8476 val_raw=95.50 val_ema=95.88 best_raw=95.76@544 best_ema=96.22@526 lr=0.01644 time=7.5s
[ultrawidescaledtail10_e750_s49] ep 541/750 train_loss=0.7829 val_raw=95.38 val_ema=96.34 best_raw=95.96@533 best_ema=96.46@538 lr=0.01819 time=7.5s
[ultrawidescaledtail10_e750_s45] ep 549/750 train_loss=0.8269 val_raw=95.38 val_ema=96.06 best_raw=95.90@533 best_ema=96.44@522 lr=0.01691 time=7.1s
[ultrawidescaledtail10_e750_s42] ep 541/750 train_loss=0.8759 val_raw=95.58 val_ema=96.18 best_raw=95.72@530 best_ema=96.64@532 lr=0.01819 time=7.5s
[ultrawidescaledtail10_e750_s43] ep 544/750 train_loss=0.8425 val_raw=95.60 val_ema=96.26 best_raw=95.96@522 best_ema=96.40@526 lr=0.01771 time=7.2s
[ultrawidescaledtail10_e750_s44] ep 541/750 train_loss=0.9069 val_raw=95.04 val_ema=96.28 best_raw=95.94@538 best_ema=96.30@535 lr=0.01819 time=7.5s
[ultrawidescaledtail10_e750_s47] ep 546/750 train_loss=0.8049 val_raw=95.70 val_ema=96.34 best_raw=95.94@544 best_ema=96.54@538 lr=0.01739 time=7.4s
[ultrawidescaledtail10_e750_s48] ep 557/750 train_loss=0.8783 val_raw=96.14 val_ema=96.18 best_raw=96.14@557 best_ema=96.40@511 lr=0.01567 time=7.2s
[ultrawidescaledtail10_e750_s46] ep 553/750 train_loss=0.8672 val_raw=95.80 val_ema=95.92 best_raw=95.80@553 best_ema=96.22@526 lr=0.01628 time=7.3s
[ultrawidescaledtail10_e750_s49] ep 542/750 train_loss=0.8961 val_raw=95.62 val_ema=96.34 best_raw=95.96@533 best_ema=96.46@538 lr=0.01803 time=7.5s
[ultrawidescaledtail10_e750_s45] ep 550/750 train_loss=0.8298 val_raw=95.68 val_ema=96.14 best_raw=95.90@533 best_ema=96.44@522 lr=0.01675 time=7.3s
[ultrawidescaledtail10_e750_s42] ep 542/750 train_loss=0.8384 val_raw=95.74 val_ema=96.04 best_raw=95.74@542 best_ema=96.64@532 lr=0.01803 time=7.4s
[ultrawidescaledtail10_e750_s43] ep 545/750 train_loss=0.9031 val_raw=95.20 val_ema=96.24 best_raw=95.96@522 best_ema=96.40@526 lr=0.01755 time=7.9s
[ultrawidescaledtail10_e750_s44] ep 542/750 train_loss=0.9046 val_raw=95.30 val_ema=96.12 best_raw=95.94@538 best_ema=96.30@535 lr=0.01803 time=7.6s
[ultrawidescaledtail10_e750_s47] ep 547/750 train_loss=0.8748 val_raw=95.84 val_ema=96.20 best_raw=95.94@544 best_ema=96.54@538 lr=0.01723 time=7.3s
[ultrawidescaledtail10_e750_s48] ep 558/750 train_loss=0.8941 val_raw=95.64 val_ema=96.26 best_raw=96.14@557 best_ema=96.40@511 lr=0.01551 time=7.7s
[ultrawidescaledtail10_e750_s46] ep 554/750 train_loss=0.8088 val_raw=95.66 val_ema=95.88 best_raw=95.80@553 best_ema=96.22@526 lr=0.01613 time=7.1s
[ultrawidescaledtail10_e750_s49] ep 543/750 train_loss=0.7918 val_raw=95.66 val_ema=96.20 best_raw=95.96@533 best_ema=96.46@538 lr=0.01787 time=7.8s
[ultrawidescaledtail10_e750_s45] ep 551/750 train_loss=0.8335 val_raw=95.54 val_ema=96.10 best_raw=95.90@533 best_ema=96.44@522 lr=0.01660 time=7.5s
[ultrawidescaledtail10_e750_s42] ep 543/750 train_loss=0.8572 val_raw=95.40 val_ema=95.88 best_raw=95.74@542 best_ema=96.64@532 lr=0.01787 time=7.5s
[ultrawidescaledtail10_e750_s43] ep 546/750 train_loss=0.8951 val_raw=95.56 val_ema=96.38 best_raw=95.96@522 best_ema=96.40@526 lr=0.01739 time=7.6s
[ultrawidescaledtail10_e750_s47] ep 548/750 train_loss=0.8540 val_raw=95.62 val_ema=96.12 best_raw=95.94@544 best_ema=96.54@538 lr=0.01707 time=7.4s
[ultrawidescaledtail10_e750_s44] ep 543/750 train_loss=0.8816 val_raw=95.72 val_ema=96.48 best_raw=95.94@538 best_ema=96.48@543 lr=0.01787 time=7.6s
[ultrawidescaledtail10_e750_s48] ep 559/750 train_loss=0.7732 val_raw=95.72 val_ema=96.14 best_raw=96.14@557 best_ema=96.40@511 lr=0.01536 time=7.5s
[ultrawidescaledtail10_e750_s46] ep 555/750 train_loss=0.8272 val_raw=95.58 val_ema=96.12 best_raw=95.80@553 best_ema=96.22@526 lr=0.01597 time=7.6s
[ultrawidescaledtail10_e750_s49] ep 544/750 train_loss=0.8161 val_raw=95.70 val_ema=96.40 best_raw=95.96@533 best_ema=96.46@538 lr=0.01771 time=7.4s
[ultrawidescaledtail10_e750_s45] ep 552/750 train_loss=0.8749 val_raw=95.88 val_ema=95.86 best_raw=95.90@533 best_ema=96.44@522 lr=0.01644 time=7.2s
[ultrawidescaledtail10_e750_s42] ep 544/750 train_loss=0.8801 val_raw=95.32 val_ema=95.92 best_raw=95.74@542 best_ema=96.64@532 lr=0.01771 time=7.9s
[ultrawidescaledtail10_e750_s43] ep 547/750 train_loss=0.8368 val_raw=95.62 val_ema=96.12 best_raw=95.96@522 best_ema=96.40@526 lr=0.01723 time=7.3s
[ultrawidescaledtail10_e750_s44] ep 544/750 train_loss=0.8670 val_raw=95.64 val_ema=96.08 best_raw=95.94@538 best_ema=96.48@543 lr=0.01771 time=7.0s
[ultrawidescaledtail10_e750_s47] ep 549/750 train_loss=0.8645 val_raw=95.16 val_ema=96.18 best_raw=95.94@544 best_ema=96.54@538 lr=0.01691 time=7.7s
[ultrawidescaledtail10_e750_s48] ep 560/750 train_loss=0.8500 val_raw=95.84 val_ema=96.32 best_raw=96.14@557 best_ema=96.40@511 lr=0.01521 time=7.5s
[ultrawidescaledtail10_e750_s46] ep 556/750 train_loss=0.8656 val_raw=95.34 val_ema=95.92 best_raw=95.80@553 best_ema=96.22@526 lr=0.01582 time=7.8s
[ultrawidescaledtail10_e750_s49] ep 545/750 train_loss=0.8700 val_raw=95.62 val_ema=96.26 best_raw=95.96@533 best_ema=96.46@538 lr=0.01755 time=7.8s
[ultrawidescaledtail10_e750_s45] ep 553/750 train_loss=0.8345 val_raw=95.38 val_ema=96.38 best_raw=95.90@533 best_ema=96.44@522 lr=0.01628 time=7.0s
[ultrawidescaledtail10_e750_s42] ep 545/750 train_loss=0.7840 val_raw=95.30 val_ema=95.94 best_raw=95.74@542 best_ema=96.64@532 lr=0.01755 time=7.5s
[ultrawidescaledtail10_e750_s43] ep 548/750 train_loss=0.8641 val_raw=95.70 val_ema=96.34 best_raw=95.96@522 best_ema=96.40@526 lr=0.01707 time=7.7s
[ultrawidescaledtail10_e750_s44] ep 545/750 train_loss=0.8398 val_raw=95.20 val_ema=96.14 best_raw=95.94@538 best_ema=96.48@543 lr=0.01755 time=7.6s
[ultrawidescaledtail10_e750_s47] ep 550/750 train_loss=0.8725 val_raw=95.30 val_ema=96.34 best_raw=95.94@544 best_ema=96.54@538 lr=0.01675 time=7.5s
[ultrawidescaledtail10_e750_s48] ep 561/750 train_loss=0.8617 val_raw=95.78 val_ema=96.24 best_raw=96.14@557 best_ema=96.40@511 lr=0.01506 time=7.4s
[ultrawidescaledtail10_e750_s46] ep 557/750 train_loss=0.8641 val_raw=95.76 val_ema=95.94 best_raw=95.80@553 best_ema=96.22@526 lr=0.01567 time=7.6s
[ultrawidescaledtail10_e750_s45] ep 554/750 train_loss=0.7732 val_raw=95.44 val_ema=96.26 best_raw=95.90@533 best_ema=96.44@522 lr=0.01613 time=7.4s
[ultrawidescaledtail10_e750_s49] ep 546/750 train_loss=0.7916 val_raw=95.16 val_ema=96.66 best_raw=95.96@533 best_ema=96.66@546 lr=0.01739 time=7.9s
[ultrawidescaledtail10_e750_s42] ep 546/750 train_loss=0.8718 val_raw=95.14 val_ema=95.92 best_raw=95.74@542 best_ema=96.64@532 lr=0.01739 time=7.2s
[ultrawidescaledtail10_e750_s43] ep 549/750 train_loss=0.8085 val_raw=95.66 val_ema=96.28 best_raw=95.96@522 best_ema=96.40@526 lr=0.01691 time=7.2s
[ultrawidescaledtail10_e750_s44] ep 546/750 train_loss=0.7982 val_raw=95.58 val_ema=96.28 best_raw=95.94@538 best_ema=96.48@543 lr=0.01739 time=7.5s
[ultrawidescaledtail10_e750_s47] ep 551/750 train_loss=0.8467 val_raw=95.38 val_ema=96.26 best_raw=95.94@544 best_ema=96.54@538 lr=0.01660 time=7.4s
[ultrawidescaledtail10_e750_s48] ep 562/750 train_loss=0.8371 val_raw=95.96 val_ema=96.26 best_raw=96.14@557 best_ema=96.40@511 lr=0.01491 time=7.3s
[ultrawidescaledtail10_e750_s46] ep 558/750 train_loss=0.8278 val_raw=95.48 val_ema=96.02 best_raw=95.80@553 best_ema=96.22@526 lr=0.01551 time=7.3s
[ultrawidescaledtail10_e750_s49] ep 547/750 train_loss=0.7826 val_raw=95.36 val_ema=96.62 best_raw=95.96@533 best_ema=96.66@546 lr=0.01723 time=7.3s
[ultrawidescaledtail10_e750_s45] ep 555/750 train_loss=0.8088 val_raw=95.92 val_ema=96.08 best_raw=95.92@555 best_ema=96.44@522 lr=0.01597 time=7.9s
[ultrawidescaledtail10_e750_s42] ep 547/750 train_loss=0.8936 val_raw=95.40 val_ema=95.86 best_raw=95.74@542 best_ema=96.64@532 lr=0.01723 time=7.2s
[ultrawidescaledtail10_e750_s43] ep 550/750 train_loss=0.8208 val_raw=95.68 val_ema=96.28 best_raw=95.96@522 best_ema=96.40@526 lr=0.01675 time=7.7s
[ultrawidescaledtail10_e750_s44] ep 547/750 train_loss=0.8156 val_raw=95.48 val_ema=96.04 best_raw=95.94@538 best_ema=96.48@543 lr=0.01723 time=7.6s
[ultrawidescaledtail10_e750_s47] ep 552/750 train_loss=0.9009 val_raw=95.54 val_ema=96.48 best_raw=95.94@544 best_ema=96.54@538 lr=0.01644 time=7.5s
[ultrawidescaledtail10_e750_s48] ep 563/750 train_loss=0.8042 val_raw=95.74 val_ema=96.24 best_raw=96.14@557 best_ema=96.40@511 lr=0.01476 time=7.1s
[ultrawidescaledtail10_e750_s46] ep 559/750 train_loss=0.8776 val_raw=95.36 val_ema=96.30 best_raw=95.80@553 best_ema=96.30@559 lr=0.01536 time=7.1s
[ultrawidescaledtail10_e750_s45] ep 556/750 train_loss=0.8204 val_raw=95.72 val_ema=96.10 best_raw=95.92@555 best_ema=96.44@522 lr=0.01582 time=7.2s
[ultrawidescaledtail10_e750_s42] ep 548/750 train_loss=0.9109 val_raw=95.50 val_ema=96.48 best_raw=95.74@542 best_ema=96.64@532 lr=0.01707 time=7.1s
[ultrawidescaledtail10_e750_s49] ep 548/750 train_loss=0.8726 val_raw=95.84 val_ema=96.40 best_raw=95.96@533 best_ema=96.66@546 lr=0.01707 time=7.9s
[ultrawidescaledtail10_e750_s43] ep 551/750 train_loss=0.8574 val_raw=95.44 val_ema=95.94 best_raw=95.96@522 best_ema=96.40@526 lr=0.01660 time=7.3s
[ultrawidescaledtail10_e750_s47] ep 553/750 train_loss=0.8463 val_raw=95.54 val_ema=96.42 best_raw=95.94@544 best_ema=96.54@538 lr=0.01628 time=7.4s
[ultrawidescaledtail10_e750_s44] ep 548/750 train_loss=0.9078 val_raw=95.66 val_ema=96.16 best_raw=95.94@538 best_ema=96.48@543 lr=0.01707 time=8.0s
[ultrawidescaledtail10_e750_s48] ep 564/750 train_loss=0.8299 val_raw=96.00 val_ema=96.46 best_raw=96.14@557 best_ema=96.46@564 lr=0.01461 time=7.2s
[ultrawidescaledtail10_e750_s46] ep 560/750 train_loss=0.8114 val_raw=95.82 val_ema=96.12 best_raw=95.82@560 best_ema=96.30@559 lr=0.01521 time=7.2s
[ultrawidescaledtail10_e750_s42] ep 549/750 train_loss=0.7731 val_raw=95.46 val_ema=96.12 best_raw=95.74@542 best_ema=96.64@532 lr=0.01691 time=7.2s
[ultrawidescaledtail10_e750_s45] ep 557/750 train_loss=0.8222 val_raw=95.40 val_ema=96.22 best_raw=95.92@555 best_ema=96.44@522 lr=0.01567 time=7.7s
[ultrawidescaledtail10_e750_s49] ep 549/750 train_loss=0.8021 val_raw=95.62 val_ema=96.12 best_raw=95.96@533 best_ema=96.66@546 lr=0.01691 time=7.6s
[ultrawidescaledtail10_e750_s43] ep 552/750 train_loss=0.8297 val_raw=95.32 val_ema=96.00 best_raw=95.96@522 best_ema=96.40@526 lr=0.01644 time=7.5s
[ultrawidescaledtail10_e750_s47] ep 554/750 train_loss=0.8331 val_raw=95.70 val_ema=96.42 best_raw=95.94@544 best_ema=96.54@538 lr=0.01613 time=7.4s
[ultrawidescaledtail10_e750_s44] ep 549/750 train_loss=0.8076 val_raw=95.40 val_ema=96.06 best_raw=95.94@538 best_ema=96.48@543 lr=0.01691 time=7.3s
[ultrawidescaledtail10_e750_s48] ep 565/750 train_loss=0.8212 val_raw=95.66 val_ema=96.34 best_raw=96.14@557 best_ema=96.46@564 lr=0.01446 time=7.7s
[ultrawidescaledtail10_e750_s46] ep 561/750 train_loss=0.8451 val_raw=95.78 val_ema=96.22 best_raw=95.82@560 best_ema=96.30@559 lr=0.01506 time=7.2s
[ultrawidescaledtail10_e750_s42] ep 550/750 train_loss=0.8540 val_raw=95.40 val_ema=96.24 best_raw=95.74@542 best_ema=96.64@532 lr=0.01675 time=7.5s
[ultrawidescaledtail10_e750_s45] ep 558/750 train_loss=0.8926 val_raw=95.24 val_ema=96.26 best_raw=95.92@555 best_ema=96.44@522 lr=0.01551 time=7.8s
[ultrawidescaledtail10_e750_s49] ep 550/750 train_loss=0.8319 val_raw=95.66 val_ema=96.34 best_raw=95.96@533 best_ema=96.66@546 lr=0.01675 time=7.7s
[ultrawidescaledtail10_e750_s43] ep 553/750 train_loss=0.8897 val_raw=95.60 val_ema=96.30 best_raw=95.96@522 best_ema=96.40@526 lr=0.01628 time=7.1s
[ultrawidescaledtail10_e750_s47] ep 555/750 train_loss=0.8471 val_raw=95.40 val_ema=96.10 best_raw=95.94@544 best_ema=96.54@538 lr=0.01597 time=7.1s
[ultrawidescaledtail10_e750_s44] ep 550/750 train_loss=0.7676 val_raw=95.50 val_ema=96.02 best_raw=95.94@538 best_ema=96.48@543 lr=0.01675 time=7.5s
[ultrawidescaledtail10_e750_s48] ep 566/750 train_loss=0.8020 val_raw=95.84 val_ema=96.36 best_raw=96.14@557 best_ema=96.46@564 lr=0.01431 time=7.1s
[ultrawidescaledtail10_e750_s46] ep 562/750 train_loss=0.8192 val_raw=95.48 val_ema=96.08 best_raw=95.82@560 best_ema=96.30@559 lr=0.01491 time=7.4s
[ultrawidescaledtail10_e750_s42] ep 551/750 train_loss=0.7929 val_raw=95.52 val_ema=96.12 best_raw=95.74@542 best_ema=96.64@532 lr=0.01660 time=7.4s
[ultrawidescaledtail10_e750_s49] ep 551/750 train_loss=0.8041 val_raw=95.56 val_ema=96.08 best_raw=95.96@533 best_ema=96.66@546 lr=0.01660 time=7.2s
[ultrawidescaledtail10_e750_s45] ep 559/750 train_loss=0.7988 val_raw=95.50 val_ema=96.22 best_raw=95.92@555 best_ema=96.44@522 lr=0.01536 time=7.7s
[ultrawidescaledtail10_e750_s43] ep 554/750 train_loss=0.8544 val_raw=95.60 val_ema=96.28 best_raw=95.96@522 best_ema=96.40@526 lr=0.01613 time=7.1s
[ultrawidescaledtail10_e750_s47] ep 556/750 train_loss=0.8612 val_raw=95.28 val_ema=96.32 best_raw=95.94@544 best_ema=96.54@538 lr=0.01582 time=7.6s
[ultrawidescaledtail10_e750_s44] ep 551/750 train_loss=0.8587 val_raw=96.06 val_ema=95.78 best_raw=96.06@551 best_ema=96.48@543 lr=0.01660 time=7.3s
[ultrawidescaledtail10_e750_s48] ep 567/750 train_loss=0.9211 val_raw=95.12 val_ema=96.40 best_raw=96.14@557 best_ema=96.46@564 lr=0.01416 time=7.3s
[ultrawidescaledtail10_e750_s46] ep 563/750 train_loss=0.8598 val_raw=95.56 val_ema=96.16 best_raw=95.82@560 best_ema=96.30@559 lr=0.01476 time=7.1s
[ultrawidescaledtail10_e750_s42] ep 552/750 train_loss=0.8228 val_raw=95.40 val_ema=96.06 best_raw=95.74@542 best_ema=96.64@532 lr=0.01644 time=7.6s
[ultrawidescaledtail10_e750_s49] ep 552/750 train_loss=0.8622 val_raw=95.50 val_ema=96.14 best_raw=95.96@533 best_ema=96.66@546 lr=0.01644 time=7.3s
[ultrawidescaledtail10_e750_s45] ep 560/750 train_loss=0.8711 val_raw=95.52 val_ema=96.10 best_raw=95.92@555 best_ema=96.44@522 lr=0.01521 time=7.4s
[ultrawidescaledtail10_e750_s43] ep 555/750 train_loss=0.7903 val_raw=95.56 val_ema=96.10 best_raw=95.96@522 best_ema=96.40@526 lr=0.01597 time=7.5s
[ultrawidescaledtail10_e750_s47] ep 557/750 train_loss=0.8778 val_raw=95.44 val_ema=96.30 best_raw=95.94@544 best_ema=96.54@538 lr=0.01567 time=7.2s
[ultrawidescaledtail10_e750_s44] ep 552/750 train_loss=0.8265 val_raw=95.78 val_ema=96.24 best_raw=96.06@551 best_ema=96.48@543 lr=0.01644 time=7.5s
[ultrawidescaledtail10_e750_s48] ep 568/750 train_loss=0.8949 val_raw=95.86 val_ema=96.48 best_raw=96.14@557 best_ema=96.48@568 lr=0.01402 time=7.6s
[ultrawidescaledtail10_e750_s46] ep 564/750 train_loss=0.9183 val_raw=95.68 val_ema=96.14 best_raw=95.82@560 best_ema=96.30@559 lr=0.01461 time=7.4s
[ultrawidescaledtail10_e750_s45] ep 561/750 train_loss=0.8372 val_raw=95.76 val_ema=95.96 best_raw=95.92@555 best_ema=96.44@522 lr=0.01506 time=7.1s
[ultrawidescaledtail10_e750_s49] ep 553/750 train_loss=0.8498 val_raw=95.66 val_ema=96.42 best_raw=95.96@533 best_ema=96.66@546 lr=0.01628 time=7.4s
[ultrawidescaledtail10_e750_s42] ep 553/750 train_loss=0.8516 val_raw=95.20 val_ema=96.12 best_raw=95.74@542 best_ema=96.64@532 lr=0.01628 time=7.8s
[ultrawidescaledtail10_e750_s43] ep 556/750 train_loss=0.8443 val_raw=95.22 val_ema=96.26 best_raw=95.96@522 best_ema=96.40@526 lr=0.01582 time=7.7s
[ultrawidescaledtail10_e750_s47] ep 558/750 train_loss=0.8316 val_raw=95.34 val_ema=96.44 best_raw=95.94@544 best_ema=96.54@538 lr=0.01551 time=7.4s
[ultrawidescaledtail10_e750_s44] ep 553/750 train_loss=0.8455 val_raw=95.36 val_ema=96.28 best_raw=96.06@551 best_ema=96.48@543 lr=0.01628 time=7.3s
[ultrawidescaledtail10_e750_s48] ep 569/750 train_loss=0.9038 val_raw=95.78 val_ema=96.26 best_raw=96.14@557 best_ema=96.48@568 lr=0.01387 time=7.2s
[ultrawidescaledtail10_e750_s46] ep 565/750 train_loss=0.8660 val_raw=95.48 val_ema=96.02 best_raw=95.82@560 best_ema=96.30@559 lr=0.01446 time=8.1s
[ultrawidescaledtail10_e750_s45] ep 562/750 train_loss=0.8167 val_raw=95.56 val_ema=96.16 best_raw=95.92@555 best_ema=96.44@522 lr=0.01491 time=7.2s
[ultrawidescaledtail10_e750_s49] ep 554/750 train_loss=0.8902 val_raw=95.86 val_ema=96.42 best_raw=95.96@533 best_ema=96.66@546 lr=0.01613 time=7.5s
[ultrawidescaledtail10_e750_s42] ep 554/750 train_loss=0.8353 val_raw=95.14 val_ema=96.22 best_raw=95.74@542 best_ema=96.64@532 lr=0.01613 time=7.4s
[ultrawidescaledtail10_e750_s43] ep 557/750 train_loss=0.8823 val_raw=95.54 val_ema=96.22 best_raw=95.96@522 best_ema=96.40@526 lr=0.01567 time=7.1s
[ultrawidescaledtail10_e750_s47] ep 559/750 train_loss=0.7475 val_raw=95.62 val_ema=96.48 best_raw=95.94@544 best_ema=96.54@538 lr=0.01536 time=7.2s
[ultrawidescaledtail10_e750_s44] ep 554/750 train_loss=0.8412 val_raw=95.62 val_ema=96.24 best_raw=96.06@551 best_ema=96.48@543 lr=0.01613 time=8.1s
[ultrawidescaledtail10_e750_s48] ep 570/750 train_loss=0.8287 val_raw=95.56 val_ema=96.44 best_raw=96.14@557 best_ema=96.48@568 lr=0.01373 time=7.4s
[ultrawidescaledtail10_e750_s46] ep 566/750 train_loss=0.8289 val_raw=95.76 val_ema=96.22 best_raw=95.82@560 best_ema=96.30@559 lr=0.01431 time=7.4s
[ultrawidescaledtail10_e750_s45] ep 563/750 train_loss=0.8707 val_raw=95.40 val_ema=95.88 best_raw=95.92@555 best_ema=96.44@522 lr=0.01476 time=7.5s
[ultrawidescaledtail10_e750_s42] ep 555/750 train_loss=0.8739 val_raw=95.66 val_ema=96.28 best_raw=95.74@542 best_ema=96.64@532 lr=0.01597 time=7.1s
[ultrawidescaledtail10_e750_s49] ep 555/750 train_loss=0.8114 val_raw=96.02 val_ema=96.54 best_raw=96.02@555 best_ema=96.66@546 lr=0.01597 time=7.4s
[ultrawidescaledtail10_e750_s43] ep 558/750 train_loss=0.8386 val_raw=95.50 val_ema=96.00 best_raw=95.96@522 best_ema=96.40@526 lr=0.01551 time=7.7s
[ultrawidescaledtail10_e750_s47] ep 560/750 train_loss=0.8962 val_raw=95.98 val_ema=96.30 best_raw=95.98@560 best_ema=96.54@538 lr=0.01521 time=7.5s
[ultrawidescaledtail10_e750_s44] ep 555/750 train_loss=0.8565 val_raw=95.64 val_ema=96.14 best_raw=96.06@551 best_ema=96.48@543 lr=0.01597 time=7.8s
[ultrawidescaledtail10_e750_s48] ep 571/750 train_loss=0.7602 val_raw=95.96 val_ema=96.22 best_raw=96.14@557 best_ema=96.48@568 lr=0.01358 time=7.1s
[ultrawidescaledtail10_e750_s46] ep 567/750 train_loss=0.8688 val_raw=95.50 val_ema=96.12 best_raw=95.82@560 best_ema=96.30@559 lr=0.01416 time=7.3s
[ultrawidescaledtail10_e750_s45] ep 564/750 train_loss=0.7753 val_raw=95.72 val_ema=95.94 best_raw=95.92@555 best_ema=96.44@522 lr=0.01461 time=7.2s
[ultrawidescaledtail10_e750_s49] ep 556/750 train_loss=0.8160 val_raw=95.78 val_ema=96.06 best_raw=96.02@555 best_ema=96.66@546 lr=0.01582 time=7.3s
[ultrawidescaledtail10_e750_s42] ep 556/750 train_loss=0.8403 val_raw=95.46 val_ema=95.86 best_raw=95.74@542 best_ema=96.64@532 lr=0.01582 time=7.6s
[ultrawidescaledtail10_e750_s43] ep 559/750 train_loss=0.8708 val_raw=95.50 val_ema=96.08 best_raw=95.96@522 best_ema=96.40@526 lr=0.01536 time=7.8s
[ultrawidescaledtail10_e750_s47] ep 561/750 train_loss=0.8502 val_raw=95.76 val_ema=96.30 best_raw=95.98@560 best_ema=96.54@538 lr=0.01506 time=7.5s
[ultrawidescaledtail10_e750_s44] ep 556/750 train_loss=0.8027 val_raw=95.66 val_ema=96.08 best_raw=96.06@551 best_ema=96.48@543 lr=0.01582 time=7.5s
[ultrawidescaledtail10_e750_s48] ep 572/750 train_loss=0.8073 val_raw=95.58 val_ema=96.26 best_raw=96.14@557 best_ema=96.48@568 lr=0.01344 time=7.5s
[ultrawidescaledtail10_e750_s46] ep 568/750 train_loss=0.7421 val_raw=95.56 val_ema=95.96 best_raw=95.82@560 best_ema=96.30@559 lr=0.01402 time=7.2s
[ultrawidescaledtail10_e750_s45] ep 565/750 train_loss=0.8580 val_raw=95.92 val_ema=96.38 best_raw=95.92@555 best_ema=96.44@522 lr=0.01446 time=7.1s
[ultrawidescaledtail10_e750_s49] ep 557/750 train_loss=0.9476 val_raw=95.48 val_ema=96.34 best_raw=96.02@555 best_ema=96.66@546 lr=0.01567 time=7.9s
[ultrawidescaledtail10_e750_s42] ep 557/750 train_loss=0.8623 val_raw=95.34 val_ema=96.42 best_raw=95.74@542 best_ema=96.64@532 lr=0.01567 time=7.9s
[ultrawidescaledtail10_e750_s47] ep 562/750 train_loss=0.9035 val_raw=95.68 val_ema=96.24 best_raw=95.98@560 best_ema=96.54@538 lr=0.01491 time=7.2s
[ultrawidescaledtail10_e750_s43] ep 560/750 train_loss=0.8863 val_raw=95.48 val_ema=96.42 best_raw=95.96@522 best_ema=96.42@560 lr=0.01521 time=7.9s
[ultrawidescaledtail10_e750_s44] ep 557/750 train_loss=0.8323 val_raw=95.08 val_ema=96.00 best_raw=96.06@551 best_ema=96.48@543 lr=0.01567 time=7.4s
[ultrawidescaledtail10_e750_s48] ep 573/750 train_loss=0.8185 val_raw=95.40 val_ema=96.46 best_raw=96.14@557 best_ema=96.48@568 lr=0.01329 time=7.5s
[ultrawidescaledtail10_e750_s46] ep 569/750 train_loss=0.8345 val_raw=95.64 val_ema=96.12 best_raw=95.82@560 best_ema=96.30@559 lr=0.01387 time=7.1s
[ultrawidescaledtail10_e750_s45] ep 566/750 train_loss=0.8412 val_raw=95.38 val_ema=96.30 best_raw=95.92@555 best_ema=96.44@522 lr=0.01431 time=7.2s
[ultrawidescaledtail10_e750_s49] ep 558/750 train_loss=0.8201 val_raw=95.78 val_ema=96.10 best_raw=96.02@555 best_ema=96.66@546 lr=0.01551 time=7.2s
[ultrawidescaledtail10_e750_s42] ep 558/750 train_loss=0.8471 val_raw=95.74 val_ema=95.82 best_raw=95.74@542 best_ema=96.64@532 lr=0.01551 time=7.5s
[ultrawidescaledtail10_e750_s47] ep 563/750 train_loss=0.7880 val_raw=95.68 val_ema=95.90 best_raw=95.98@560 best_ema=96.54@538 lr=0.01476 time=7.9s
[ultrawidescaledtail10_e750_s43] ep 561/750 train_loss=0.8813 val_raw=95.70 val_ema=96.26 best_raw=95.96@522 best_ema=96.42@560 lr=0.01506 time=7.5s
[ultrawidescaledtail10_e750_s44] ep 558/750 train_loss=0.8556 val_raw=95.44 val_ema=96.16 best_raw=96.06@551 best_ema=96.48@543 lr=0.01551 time=7.2s
[ultrawidescaledtail10_e750_s48] ep 574/750 train_loss=0.7997 val_raw=95.22 val_ema=96.36 best_raw=96.14@557 best_ema=96.48@568 lr=0.01315 time=7.2s
[ultrawidescaledtail10_e750_s46] ep 570/750 train_loss=0.7998 val_raw=95.52 val_ema=96.04 best_raw=95.82@560 best_ema=96.30@559 lr=0.01373 time=7.4s
[ultrawidescaledtail10_e750_s45] ep 567/750 train_loss=0.9028 val_raw=95.64 val_ema=96.02 best_raw=95.92@555 best_ema=96.44@522 lr=0.01416 time=7.1s
[ultrawidescaledtail10_e750_s49] ep 559/750 train_loss=0.8756 val_raw=95.84 val_ema=96.04 best_raw=96.02@555 best_ema=96.66@546 lr=0.01536 time=7.6s
[ultrawidescaledtail10_e750_s42] ep 559/750 train_loss=0.8440 val_raw=95.82 val_ema=95.52 best_raw=95.82@559 best_ema=96.64@532 lr=0.01536 time=7.6s
[ultrawidescaledtail10_e750_s47] ep 564/750 train_loss=0.8685 val_raw=95.46 val_ema=96.06 best_raw=95.98@560 best_ema=96.54@538 lr=0.01461 time=7.4s
[ultrawidescaledtail10_e750_s43] ep 562/750 train_loss=0.8647 val_raw=95.34 val_ema=96.22 best_raw=95.96@522 best_ema=96.42@560 lr=0.01491 time=7.4s
[ultrawidescaledtail10_e750_s48] ep 575/750 train_loss=0.7778 val_raw=95.50 val_ema=96.28 best_raw=96.14@557 best_ema=96.48@568 lr=0.01301 time=7.1s
[ultrawidescaledtail10_e750_s44] ep 559/750 train_loss=0.9014 val_raw=95.40 val_ema=95.98 best_raw=96.06@551 best_ema=96.48@543 lr=0.01536 time=7.5s
[ultrawidescaledtail10_e750_s46] ep 571/750 train_loss=0.8801 val_raw=95.54 val_ema=96.08 best_raw=95.82@560 best_ema=96.30@559 lr=0.01358 time=7.0s
[ultrawidescaledtail10_e750_s45] ep 568/750 train_loss=0.8018 val_raw=95.52 val_ema=96.18 best_raw=95.92@555 best_ema=96.44@522 lr=0.01402 time=7.0s
[ultrawidescaledtail10_e750_s42] ep 560/750 train_loss=0.8517 val_raw=95.52 val_ema=96.14 best_raw=95.82@559 best_ema=96.64@532 lr=0.01521 time=7.3s
[ultrawidescaledtail10_e750_s49] ep 560/750 train_loss=0.8008 val_raw=95.82 val_ema=96.08 best_raw=96.02@555 best_ema=96.66@546 lr=0.01521 time=7.8s
[ultrawidescaledtail10_e750_s43] ep 563/750 train_loss=0.9150 val_raw=95.50 val_ema=96.06 best_raw=95.96@522 best_ema=96.42@560 lr=0.01476 time=7.1s
[ultrawidescaledtail10_e750_s47] ep 565/750 train_loss=0.8787 val_raw=95.58 val_ema=96.26 best_raw=95.98@560 best_ema=96.54@538 lr=0.01446 time=7.6s
[ultrawidescaledtail10_e750_s48] ep 576/750 train_loss=0.8191 val_raw=95.38 val_ema=96.30 best_raw=96.14@557 best_ema=96.48@568 lr=0.01287 time=7.3s
[ultrawidescaledtail10_e750_s44] ep 560/750 train_loss=0.9037 val_raw=95.58 val_ema=95.96 best_raw=96.06@551 best_ema=96.48@543 lr=0.01521 time=7.3s
[ultrawidescaledtail10_e750_s46] ep 572/750 train_loss=0.8431 val_raw=95.48 val_ema=96.28 best_raw=95.82@560 best_ema=96.30@559 lr=0.01344 time=7.5s
[ultrawidescaledtail10_e750_s45] ep 569/750 train_loss=0.8352 val_raw=95.44 val_ema=96.02 best_raw=95.92@555 best_ema=96.44@522 lr=0.01387 time=7.2s
[ultrawidescaledtail10_e750_s42] ep 561/750 train_loss=0.8627 val_raw=95.48 val_ema=96.10 best_raw=95.82@559 best_ema=96.64@532 lr=0.01506 time=7.4s
[ultrawidescaledtail10_e750_s49] ep 561/750 train_loss=0.8986 val_raw=95.34 val_ema=95.94 best_raw=96.02@555 best_ema=96.66@546 lr=0.01506 time=7.6s
[ultrawidescaledtail10_e750_s43] ep 564/750 train_loss=0.8185 val_raw=95.70 val_ema=96.28 best_raw=95.96@522 best_ema=96.42@560 lr=0.01461 time=7.5s
[ultrawidescaledtail10_e750_s47] ep 566/750 train_loss=0.8166 val_raw=95.26 val_ema=96.10 best_raw=95.98@560 best_ema=96.54@538 lr=0.01431 time=7.2s
[ultrawidescaledtail10_e750_s48] ep 577/750 train_loss=0.7712 val_raw=95.36 val_ema=96.06 best_raw=96.14@557 best_ema=96.48@568 lr=0.01273 time=7.3s
[ultrawidescaledtail10_e750_s44] ep 561/750 train_loss=0.8229 val_raw=95.56 val_ema=96.20 best_raw=96.06@551 best_ema=96.48@543 lr=0.01506 time=7.6s
[ultrawidescaledtail10_e750_s46] ep 573/750 train_loss=0.8276 val_raw=95.76 val_ema=96.08 best_raw=95.82@560 best_ema=96.30@559 lr=0.01329 time=7.5s
[ultrawidescaledtail10_e750_s45] ep 570/750 train_loss=0.7774 val_raw=95.82 val_ema=96.16 best_raw=95.92@555 best_ema=96.44@522 lr=0.01373 time=7.2s
[ultrawidescaledtail10_e750_s42] ep 562/750 train_loss=0.8462 val_raw=95.42 val_ema=96.02 best_raw=95.82@559 best_ema=96.64@532 lr=0.01491 time=7.3s
[ultrawidescaledtail10_e750_s43] ep 565/750 train_loss=0.8194 val_raw=95.40 val_ema=96.26 best_raw=95.96@522 best_ema=96.42@560 lr=0.01446 time=7.0s
[ultrawidescaledtail10_e750_s49] ep 562/750 train_loss=0.8709 val_raw=95.60 val_ema=96.22 best_raw=96.02@555 best_ema=96.66@546 lr=0.01491 time=7.6s
[ultrawidescaledtail10_e750_s47] ep 567/750 train_loss=0.8390 val_raw=95.40 val_ema=96.36 best_raw=95.98@560 best_ema=96.54@538 lr=0.01416 time=7.6s
[ultrawidescaledtail10_e750_s48] ep 578/750 train_loss=0.8293 val_raw=95.42 val_ema=96.30 best_raw=96.14@557 best_ema=96.48@568 lr=0.01259 time=7.1s
[ultrawidescaledtail10_e750_s44] ep 562/750 train_loss=0.8720 val_raw=95.54 val_ema=96.46 best_raw=96.06@551 best_ema=96.48@543 lr=0.01491 time=7.3s
[ultrawidescaledtail10_e750_s46] ep 574/750 train_loss=0.8802 val_raw=95.52 val_ema=96.14 best_raw=95.82@560 best_ema=96.30@559 lr=0.01315 time=7.3s
[ultrawidescaledtail10_e750_s45] ep 571/750 train_loss=0.8493 val_raw=95.70 val_ema=96.08 best_raw=95.92@555 best_ema=96.44@522 lr=0.01358 time=7.2s
[ultrawidescaledtail10_e750_s42] ep 563/750 train_loss=0.9164 val_raw=95.44 val_ema=96.26 best_raw=95.82@559 best_ema=96.64@532 lr=0.01476 time=7.5s
[ultrawidescaledtail10_e750_s49] ep 563/750 train_loss=0.8047 val_raw=95.66 val_ema=96.48 best_raw=96.02@555 best_ema=96.66@546 lr=0.01476 time=7.1s
[ultrawidescaledtail10_e750_s43] ep 566/750 train_loss=0.8594 val_raw=95.64 val_ema=96.28 best_raw=95.96@522 best_ema=96.42@560 lr=0.01431 time=7.2s
[ultrawidescaledtail10_e750_s47] ep 568/750 train_loss=0.8240 val_raw=95.32 val_ema=96.46 best_raw=95.98@560 best_ema=96.54@538 lr=0.01402 time=7.5s
[ultrawidescaledtail10_e750_s48] ep 579/750 train_loss=0.8744 val_raw=95.64 val_ema=96.18 best_raw=96.14@557 best_ema=96.48@568 lr=0.01245 time=7.5s
[ultrawidescaledtail10_e750_s44] ep 563/750 train_loss=0.7959 val_raw=95.78 val_ema=96.16 best_raw=96.06@551 best_ema=96.48@543 lr=0.01476 time=7.4s
[ultrawidescaledtail10_e750_s46] ep 575/750 train_loss=0.8082 val_raw=95.74 val_ema=96.08 best_raw=95.82@560 best_ema=96.30@559 lr=0.01301 time=7.5s
[ultrawidescaledtail10_e750_s45] ep 572/750 train_loss=0.8266 val_raw=95.54 val_ema=96.26 best_raw=95.92@555 best_ema=96.44@522 lr=0.01344 time=7.5s
[ultrawidescaledtail10_e750_s43] ep 567/750 train_loss=0.8010 val_raw=95.20 val_ema=96.22 best_raw=95.96@522 best_ema=96.42@560 lr=0.01416 time=7.1s
[ultrawidescaledtail10_e750_s42] ep 564/750 train_loss=0.8930 val_raw=95.46 val_ema=95.80 best_raw=95.82@559 best_ema=96.64@532 lr=0.01461 time=7.4s
[ultrawidescaledtail10_e750_s49] ep 564/750 train_loss=0.8158 val_raw=95.66 val_ema=96.18 best_raw=96.02@555 best_ema=96.66@546 lr=0.01461 time=7.3s
[ultrawidescaledtail10_e750_s48] ep 580/750 train_loss=0.8972 val_raw=95.54 val_ema=96.22 best_raw=96.14@557 best_ema=96.48@568 lr=0.01231 time=7.1s
[ultrawidescaledtail10_e750_s47] ep 569/750 train_loss=0.8255 val_raw=95.60 val_ema=96.34 best_raw=95.98@560 best_ema=96.54@538 lr=0.01387 time=7.7s
[ultrawidescaledtail10_e750_s44] ep 564/750 train_loss=0.7688 val_raw=95.36 val_ema=95.96 best_raw=96.06@551 best_ema=96.48@543 lr=0.01461 time=7.5s
[ultrawidescaledtail10_e750_s46] ep 576/750 train_loss=0.8657 val_raw=95.68 val_ema=96.14 best_raw=95.82@560 best_ema=96.30@559 lr=0.01287 time=7.5s
[ultrawidescaledtail10_e750_s45] ep 573/750 train_loss=0.7931 val_raw=95.52 val_ema=95.98 best_raw=95.92@555 best_ema=96.44@522 lr=0.01329 time=7.4s
[ultrawidescaledtail10_e750_s49] ep 565/750 train_loss=0.7998 val_raw=95.82 val_ema=96.26 best_raw=96.02@555 best_ema=96.66@546 lr=0.01446 time=7.2s
[ultrawidescaledtail10_e750_s42] ep 565/750 train_loss=0.8690 val_raw=95.62 val_ema=96.16 best_raw=95.82@559 best_ema=96.64@532 lr=0.01446 time=7.3s
[ultrawidescaledtail10_e750_s43] ep 568/750 train_loss=0.7996 val_raw=95.20 val_ema=96.26 best_raw=95.96@522 best_ema=96.42@560 lr=0.01402 time=7.7s
[ultrawidescaledtail10_e750_s47] ep 570/750 train_loss=0.7948 val_raw=95.88 val_ema=96.26 best_raw=95.98@560 best_ema=96.54@538 lr=0.01373 time=7.0s
[ultrawidescaledtail10_e750_s48] ep 581/750 train_loss=0.8154 val_raw=95.34 val_ema=96.24 best_raw=96.14@557 best_ema=96.48@568 lr=0.01217 time=7.5s
[ultrawidescaledtail10_e750_s44] ep 565/750 train_loss=0.8073 val_raw=95.50 val_ema=96.06 best_raw=96.06@551 best_ema=96.48@543 lr=0.01446 time=7.1s
[ultrawidescaledtail10_e750_s46] ep 577/750 train_loss=0.8927 val_raw=95.80 val_ema=96.14 best_raw=95.82@560 best_ema=96.30@559 lr=0.01273 time=7.0s
[ultrawidescaledtail10_e750_s45] ep 574/750 train_loss=0.7559 val_raw=95.70 val_ema=96.24 best_raw=95.92@555 best_ema=96.44@522 lr=0.01315 time=7.2s
[ultrawidescaledtail10_e750_s42] ep 566/750 train_loss=0.8464 val_raw=95.46 val_ema=95.90 best_raw=95.82@559 best_ema=96.64@532 lr=0.01431 time=7.1s
[ultrawidescaledtail10_e750_s49] ep 566/750 train_loss=0.8520 val_raw=95.60 val_ema=96.46 best_raw=96.02@555 best_ema=96.66@546 lr=0.01431 time=7.5s
[ultrawidescaledtail10_e750_s43] ep 569/750 train_loss=0.8441 val_raw=95.62 val_ema=96.14 best_raw=95.96@522 best_ema=96.42@560 lr=0.01387 time=7.6s
[ultrawidescaledtail10_e750_s47] ep 571/750 train_loss=0.8622 val_raw=95.54 val_ema=96.34 best_raw=95.98@560 best_ema=96.54@538 lr=0.01358 time=7.3s
[ultrawidescaledtail10_e750_s48] ep 582/750 train_loss=0.8381 val_raw=95.86 val_ema=95.98 best_raw=96.14@557 best_ema=96.48@568 lr=0.01203 time=7.1s
[ultrawidescaledtail10_e750_s44] ep 566/750 train_loss=0.8910 val_raw=95.66 val_ema=96.22 best_raw=96.06@551 best_ema=96.48@543 lr=0.01431 time=7.3s
[ultrawidescaledtail10_e750_s46] ep 578/750 train_loss=0.8343 val_raw=95.64 val_ema=95.86 best_raw=95.82@560 best_ema=96.30@559 lr=0.01259 time=7.2s
[ultrawidescaledtail10_e750_s45] ep 575/750 train_loss=0.8517 val_raw=95.58 val_ema=96.30 best_raw=95.92@555 best_ema=96.44@522 lr=0.01301 time=7.7s
[ultrawidescaledtail10_e750_s42] ep 567/750 train_loss=0.8934 val_raw=95.52 val_ema=96.04 best_raw=95.82@559 best_ema=96.64@532 lr=0.01416 time=7.0s
[ultrawidescaledtail10_e750_s49] ep 567/750 train_loss=0.8148 val_raw=95.94 val_ema=96.44 best_raw=96.02@555 best_ema=96.66@546 lr=0.01416 time=7.5s
[ultrawidescaledtail10_e750_s43] ep 570/750 train_loss=0.8875 val_raw=95.78 val_ema=95.96 best_raw=95.96@522 best_ema=96.42@560 lr=0.01373 time=7.6s
[ultrawidescaledtail10_e750_s47] ep 572/750 train_loss=0.8239 val_raw=95.90 val_ema=96.20 best_raw=95.98@560 best_ema=96.54@538 lr=0.01344 time=7.0s
[ultrawidescaledtail10_e750_s48] ep 583/750 train_loss=0.9021 val_raw=95.44 val_ema=96.12 best_raw=96.14@557 best_ema=96.48@568 lr=0.01189 time=7.1s
[ultrawidescaledtail10_e750_s44] ep 567/750 train_loss=0.7911 val_raw=95.82 val_ema=96.14 best_raw=96.06@551 best_ema=96.48@543 lr=0.01416 time=7.1s
[ultrawidescaledtail10_e750_s46] ep 579/750 train_loss=0.8462 val_raw=95.90 val_ema=96.40 best_raw=95.90@579 best_ema=96.40@579 lr=0.01245 time=7.3s
[ultrawidescaledtail10_e750_s45] ep 576/750 train_loss=0.8079 val_raw=95.66 val_ema=96.02 best_raw=95.92@555 best_ema=96.44@522 lr=0.01287 time=7.1s
[ultrawidescaledtail10_e750_s42] ep 568/750 train_loss=0.8391 val_raw=95.52 val_ema=96.26 best_raw=95.82@559 best_ema=96.64@532 lr=0.01402 time=7.7s
[ultrawidescaledtail10_e750_s49] ep 568/750 train_loss=0.8008 val_raw=95.02 val_ema=96.36 best_raw=96.02@555 best_ema=96.66@546 lr=0.01402 time=7.7s
[ultrawidescaledtail10_e750_s43] ep 571/750 train_loss=0.8774 val_raw=95.70 val_ema=96.34 best_raw=95.96@522 best_ema=96.42@560 lr=0.01358 time=7.3s
[ultrawidescaledtail10_e750_s48] ep 584/750 train_loss=0.8627 val_raw=95.34 val_ema=95.94 best_raw=96.14@557 best_ema=96.48@568 lr=0.01176 time=7.1s
[ultrawidescaledtail10_e750_s47] ep 573/750 train_loss=0.8356 val_raw=95.86 val_ema=96.26 best_raw=95.98@560 best_ema=96.54@538 lr=0.01329 time=7.8s
[ultrawidescaledtail10_e750_s44] ep 568/750 train_loss=0.8297 val_raw=95.28 val_ema=96.10 best_raw=96.06@551 best_ema=96.48@543 lr=0.01402 time=7.2s
[ultrawidescaledtail10_e750_s46] ep 580/750 train_loss=0.7990 val_raw=95.82 val_ema=95.98 best_raw=95.90@579 best_ema=96.40@579 lr=0.01231 time=7.1s
[ultrawidescaledtail10_e750_s45] ep 577/750 train_loss=0.8246 val_raw=95.66 val_ema=96.22 best_raw=95.92@555 best_ema=96.44@522 lr=0.01273 time=7.1s
[ultrawidescaledtail10_e750_s42] ep 569/750 train_loss=0.7848 val_raw=95.80 val_ema=96.14 best_raw=95.82@559 best_ema=96.64@532 lr=0.01387 time=7.3s
[ultrawidescaledtail10_e750_s49] ep 569/750 train_loss=0.8648 val_raw=95.90 val_ema=96.40 best_raw=96.02@555 best_ema=96.66@546 lr=0.01387 time=7.2s
[ultrawidescaledtail10_e750_s48] ep 585/750 train_loss=0.7827 val_raw=96.00 val_ema=96.14 best_raw=96.14@557 best_ema=96.48@568 lr=0.01162 time=7.1s
[ultrawidescaledtail10_e750_s43] ep 572/750 train_loss=0.8013 val_raw=95.34 val_ema=96.18 best_raw=95.96@522 best_ema=96.42@560 lr=0.01344 time=7.6s
[ultrawidescaledtail10_e750_s47] ep 574/750 train_loss=0.8247 val_raw=95.64 val_ema=96.10 best_raw=95.98@560 best_ema=96.54@538 lr=0.01315 time=7.5s
[ultrawidescaledtail10_e750_s44] ep 569/750 train_loss=0.8344 val_raw=95.76 val_ema=96.14 best_raw=96.06@551 best_ema=96.48@543 lr=0.01387 time=7.3s
[ultrawidescaledtail10_e750_s46] ep 581/750 train_loss=0.8588 val_raw=95.52 val_ema=96.06 best_raw=95.90@579 best_ema=96.40@579 lr=0.01217 time=7.2s
[ultrawidescaledtail10_e750_s45] ep 578/750 train_loss=0.7969 val_raw=95.46 val_ema=95.98 best_raw=95.92@555 best_ema=96.44@522 lr=0.01259 time=7.5s
[ultrawidescaledtail10_e750_s42] ep 570/750 train_loss=0.8763 val_raw=95.90 val_ema=96.04 best_raw=95.90@570 best_ema=96.64@532 lr=0.01373 time=7.2s
[ultrawidescaledtail10_e750_s49] ep 570/750 train_loss=0.7768 val_raw=95.64 val_ema=96.28 best_raw=96.02@555 best_ema=96.66@546 lr=0.01373 time=7.3s
[ultrawidescaledtail10_e750_s48] ep 586/750 train_loss=0.8392 val_raw=95.70 val_ema=96.34 best_raw=96.14@557 best_ema=96.48@568 lr=0.01149 time=7.2s
[ultrawidescaledtail10_e750_s43] ep 573/750 train_loss=0.8575 val_raw=95.40 val_ema=95.86 best_raw=95.96@522 best_ema=96.42@560 lr=0.01329 time=7.4s
[ultrawidescaledtail10_e750_s47] ep 575/750 train_loss=0.8397 val_raw=95.96 val_ema=95.88 best_raw=95.98@560 best_ema=96.54@538 lr=0.01301 time=7.2s
[ultrawidescaledtail10_e750_s44] ep 570/750 train_loss=0.8733 val_raw=95.72 val_ema=96.04 best_raw=96.06@551 best_ema=96.48@543 lr=0.01373 time=7.2s
[ultrawidescaledtail10_e750_s46] ep 582/750 train_loss=0.7739 val_raw=95.76 val_ema=96.12 best_raw=95.90@579 best_ema=96.40@579 lr=0.01203 time=7.4s
[ultrawidescaledtail10_e750_s45] ep 579/750 train_loss=0.8043 val_raw=95.84 val_ema=96.10 best_raw=95.92@555 best_ema=96.44@522 lr=0.01245 time=7.1s
[ultrawidescaledtail10_e750_s42] ep 571/750 train_loss=0.8289 val_raw=95.72 val_ema=95.98 best_raw=95.90@570 best_ema=96.64@532 lr=0.01358 time=7.6s
[ultrawidescaledtail10_e750_s48] ep 587/750 train_loss=0.7948 val_raw=95.92 val_ema=96.14 best_raw=96.14@557 best_ema=96.48@568 lr=0.01135 time=7.2s
[ultrawidescaledtail10_e750_s49] ep 571/750 train_loss=0.8520 val_raw=95.66 val_ema=96.32 best_raw=96.02@555 best_ema=96.66@546 lr=0.01358 time=7.4s
[ultrawidescaledtail10_e750_s44] ep 571/750 train_loss=0.8540 val_raw=95.64 val_ema=96.14 best_raw=96.06@551 best_ema=96.48@543 lr=0.01358 time=7.1s
[ultrawidescaledtail10_e750_s43] ep 574/750 train_loss=0.8347 val_raw=95.72 val_ema=96.20 best_raw=95.96@522 best_ema=96.42@560 lr=0.01315 time=7.5s
[ultrawidescaledtail10_e750_s47] ep 576/750 train_loss=0.8029 val_raw=95.76 val_ema=95.90 best_raw=95.98@560 best_ema=96.54@538 lr=0.01287 time=7.3s
[ultrawidescaledtail10_e750_s46] ep 583/750 train_loss=0.8452 val_raw=95.74 val_ema=96.30 best_raw=95.90@579 best_ema=96.40@579 lr=0.01189 time=7.7s
[ultrawidescaledtail10_e750_s45] ep 580/750 train_loss=0.8376 val_raw=95.76 val_ema=96.26 best_raw=95.92@555 best_ema=96.44@522 lr=0.01231 time=7.5s
[ultrawidescaledtail10_e750_s42] ep 572/750 train_loss=0.8145 val_raw=95.70 val_ema=96.02 best_raw=95.90@570 best_ema=96.64@532 lr=0.01344 time=7.4s
[ultrawidescaledtail10_e750_s48] ep 588/750 train_loss=0.8395 val_raw=95.26 val_ema=96.22 best_raw=96.14@557 best_ema=96.48@568 lr=0.01122 time=7.0s
[ultrawidescaledtail10_e750_s49] ep 572/750 train_loss=0.7826 val_raw=95.68 val_ema=96.00 best_raw=96.02@555 best_ema=96.66@546 lr=0.01344 time=7.2s
[ultrawidescaledtail10_e750_s47] ep 577/750 train_loss=0.8626 val_raw=95.62 val_ema=96.04 best_raw=95.98@560 best_ema=96.54@538 lr=0.01273 time=7.1s
[ultrawidescaledtail10_e750_s43] ep 575/750 train_loss=0.8115 val_raw=95.78 val_ema=96.18 best_raw=95.96@522 best_ema=96.42@560 lr=0.01301 time=7.4s
[ultrawidescaledtail10_e750_s44] ep 572/750 train_loss=0.8193 val_raw=95.50 val_ema=96.02 best_raw=96.06@551 best_ema=96.48@543 lr=0.01344 time=7.6s
[ultrawidescaledtail10_e750_s46] ep 584/750 train_loss=0.8368 val_raw=95.76 val_ema=96.26 best_raw=95.90@579 best_ema=96.40@579 lr=0.01176 time=7.3s
[ultrawidescaledtail10_e750_s45] ep 581/750 train_loss=0.7993 val_raw=95.52 val_ema=96.14 best_raw=95.92@555 best_ema=96.44@522 lr=0.01217 time=7.4s
[ultrawidescaledtail10_e750_s42] ep 573/750 train_loss=0.8506 val_raw=95.94 val_ema=96.20 best_raw=95.94@573 best_ema=96.64@532 lr=0.01329 time=7.1s
[ultrawidescaledtail10_e750_s48] ep 589/750 train_loss=0.8338 val_raw=95.30 val_ema=96.08 best_raw=96.14@557 best_ema=96.48@568 lr=0.01109 time=7.1s
[ultrawidescaledtail10_e750_s49] ep 573/750 train_loss=0.8864 val_raw=95.72 val_ema=96.26 best_raw=96.02@555 best_ema=96.66@546 lr=0.01329 time=7.5s
[ultrawidescaledtail10_e750_s47] ep 578/750 train_loss=0.8738 val_raw=95.54 val_ema=96.28 best_raw=95.98@560 best_ema=96.54@538 lr=0.01259 time=7.1s
[ultrawidescaledtail10_e750_s43] ep 576/750 train_loss=0.8499 val_raw=95.54 val_ema=96.30 best_raw=95.96@522 best_ema=96.42@560 lr=0.01287 time=7.1s
[ultrawidescaledtail10_e750_s44] ep 573/750 train_loss=0.7882 val_raw=95.46 val_ema=96.04 best_raw=96.06@551 best_ema=96.48@543 lr=0.01329 time=7.5s
[ultrawidescaledtail10_e750_s46] ep 585/750 train_loss=0.8129 val_raw=95.78 val_ema=96.22 best_raw=95.90@579 best_ema=96.40@579 lr=0.01162 time=7.1s
[ultrawidescaledtail10_e750_s45] ep 582/750 train_loss=0.8203 val_raw=95.68 val_ema=96.40 best_raw=95.92@555 best_ema=96.44@522 lr=0.01203 time=7.1s
[ultrawidescaledtail10_e750_s48] ep 590/750 train_loss=0.8920 val_raw=95.38 val_ema=96.16 best_raw=96.14@557 best_ema=96.48@568 lr=0.01096 time=7.3s
[ultrawidescaledtail10_e750_s42] ep 574/750 train_loss=0.8984 val_raw=95.38 val_ema=95.92 best_raw=95.94@573 best_ema=96.64@532 lr=0.01315 time=7.3s
[ultrawidescaledtail10_e750_s47] ep 579/750 train_loss=0.8455 val_raw=95.90 val_ema=96.16 best_raw=95.98@560 best_ema=96.54@538 lr=0.01245 time=7.1s
[ultrawidescaledtail10_e750_s49] ep 574/750 train_loss=0.8941 val_raw=95.68 val_ema=96.16 best_raw=96.02@555 best_ema=96.66@546 lr=0.01315 time=7.6s
[ultrawidescaledtail10_e750_s43] ep 577/750 train_loss=0.8530 val_raw=95.64 val_ema=96.30 best_raw=95.96@522 best_ema=96.42@560 lr=0.01273 time=7.4s
[ultrawidescaledtail10_e750_s44] ep 574/750 train_loss=0.8664 val_raw=95.56 val_ema=96.10 best_raw=96.06@551 best_ema=96.48@543 lr=0.01315 time=7.5s
[ultrawidescaledtail10_e750_s46] ep 586/750 train_loss=0.8234 val_raw=95.74 val_ema=95.98 best_raw=95.90@579 best_ema=96.40@579 lr=0.01149 time=7.1s
[ultrawidescaledtail10_e750_s45] ep 583/750 train_loss=0.8437 val_raw=95.92 val_ema=96.30 best_raw=95.92@555 best_ema=96.44@522 lr=0.01189 time=7.0s
[ultrawidescaledtail10_e750_s42] ep 575/750 train_loss=0.7854 val_raw=95.64 val_ema=95.98 best_raw=95.94@573 best_ema=96.64@532 lr=0.01301 time=7.0s
[ultrawidescaledtail10_e750_s48] ep 591/750 train_loss=0.8248 val_raw=95.58 val_ema=96.02 best_raw=96.14@557 best_ema=96.48@568 lr=0.01082 time=7.1s
[ultrawidescaledtail10_e750_s47] ep 580/750 train_loss=0.9021 val_raw=95.64 val_ema=96.38 best_raw=95.98@560 best_ema=96.54@538 lr=0.01231 time=7.5s
[ultrawidescaledtail10_e750_s43] ep 578/750 train_loss=0.8688 val_raw=95.62 val_ema=96.18 best_raw=95.96@522 best_ema=96.42@560 lr=0.01259 time=7.1s
[ultrawidescaledtail10_e750_s49] ep 575/750 train_loss=0.8383 val_raw=95.72 val_ema=96.12 best_raw=96.02@555 best_ema=96.66@546 lr=0.01301 time=7.7s
[ultrawidescaledtail10_e750_s44] ep 575/750 train_loss=0.8406 val_raw=95.70 val_ema=95.96 best_raw=96.06@551 best_ema=96.48@543 lr=0.01301 time=7.1s
[ultrawidescaledtail10_e750_s46] ep 587/750 train_loss=0.7877 val_raw=95.60 val_ema=96.44 best_raw=95.90@579 best_ema=96.44@587 lr=0.01135 time=7.4s
[ultrawidescaledtail10_e750_s45] ep 584/750 train_loss=0.8520 val_raw=95.72 val_ema=96.28 best_raw=95.92@555 best_ema=96.44@522 lr=0.01176 time=7.1s
[ultrawidescaledtail10_e750_s48] ep 592/750 train_loss=0.8273 val_raw=95.68 val_ema=96.06 best_raw=96.14@557 best_ema=96.48@568 lr=0.01069 time=7.1s
[ultrawidescaledtail10_e750_s42] ep 576/750 train_loss=0.8212 val_raw=95.70 val_ema=96.02 best_raw=95.94@573 best_ema=96.64@532 lr=0.01287 time=7.2s
[ultrawidescaledtail10_e750_s43] ep 579/750 train_loss=0.8090 val_raw=95.52 val_ema=96.12 best_raw=95.96@522 best_ema=96.42@560 lr=0.01245 time=7.2s
[ultrawidescaledtail10_e750_s47] ep 581/750 train_loss=0.8399 val_raw=95.92 val_ema=96.36 best_raw=95.98@560 best_ema=96.54@538 lr=0.01217 time=7.6s
[ultrawidescaledtail10_e750_s49] ep 576/750 train_loss=0.7838 val_raw=95.80 val_ema=96.10 best_raw=96.02@555 best_ema=96.66@546 lr=0.01287 time=7.3s
[ultrawidescaledtail10_e750_s44] ep 576/750 train_loss=0.7982 val_raw=95.56 val_ema=95.68 best_raw=96.06@551 best_ema=96.48@543 lr=0.01287 time=7.4s
[ultrawidescaledtail10_e750_s46] ep 588/750 train_loss=0.7971 val_raw=95.72 val_ema=96.32 best_raw=95.90@579 best_ema=96.44@587 lr=0.01122 time=7.3s
[ultrawidescaledtail10_e750_s45] ep 585/750 train_loss=0.8065 val_raw=95.72 val_ema=96.08 best_raw=95.92@555 best_ema=96.44@522 lr=0.01162 time=7.3s
[ultrawidescaledtail10_e750_s42] ep 577/750 train_loss=0.8518 val_raw=95.74 val_ema=95.82 best_raw=95.94@573 best_ema=96.64@532 lr=0.01273 time=7.1s
[ultrawidescaledtail10_e750_s48] ep 593/750 train_loss=0.8084 val_raw=95.88 val_ema=96.14 best_raw=96.14@557 best_ema=96.48@568 lr=0.01056 time=7.3s
[ultrawidescaledtail10_e750_s43] ep 580/750 train_loss=0.7940 val_raw=95.50 val_ema=96.16 best_raw=95.96@522 best_ema=96.42@560 lr=0.01231 time=7.5s
[ultrawidescaledtail10_e750_s47] ep 582/750 train_loss=0.8397 val_raw=95.70 val_ema=96.36 best_raw=95.98@560 best_ema=96.54@538 lr=0.01203 time=7.5s
[ultrawidescaledtail10_e750_s44] ep 577/750 train_loss=0.8304 val_raw=95.84 val_ema=96.14 best_raw=96.06@551 best_ema=96.48@543 lr=0.01273 time=7.2s
[ultrawidescaledtail10_e750_s49] ep 577/750 train_loss=0.8751 val_raw=95.80 val_ema=96.04 best_raw=96.02@555 best_ema=96.66@546 lr=0.01273 time=8.0s
[ultrawidescaledtail10_e750_s46] ep 589/750 train_loss=0.8446 val_raw=95.80 val_ema=96.32 best_raw=95.90@579 best_ema=96.44@587 lr=0.01109 time=7.4s
[ultrawidescaledtail10_e750_s45] ep 586/750 train_loss=0.8817 val_raw=95.82 val_ema=96.18 best_raw=95.92@555 best_ema=96.44@522 lr=0.01149 time=7.4s
[ultrawidescaledtail10_e750_s48] ep 594/750 train_loss=0.9051 val_raw=95.90 val_ema=95.88 best_raw=96.14@557 best_ema=96.48@568 lr=0.01043 time=7.1s
[ultrawidescaledtail10_e750_s42] ep 578/750 train_loss=0.8252 val_raw=95.86 val_ema=96.04 best_raw=95.94@573 best_ema=96.64@532 lr=0.01259 time=7.4s
[ultrawidescaledtail10_e750_s47] ep 583/750 train_loss=0.8689 val_raw=96.16 val_ema=96.44 best_raw=96.16@583 best_ema=96.54@538 lr=0.01189 time=7.2s
[ultrawidescaledtail10_e750_s43] ep 581/750 train_loss=0.7815 val_raw=95.50 val_ema=96.26 best_raw=95.96@522 best_ema=96.42@560 lr=0.01217 time=7.5s
[ultrawidescaledtail10_e750_s44] ep 578/750 train_loss=0.7971 val_raw=96.06 val_ema=96.02 best_raw=96.06@551 best_ema=96.48@543 lr=0.01259 time=7.6s
[ultrawidescaledtail10_e750_s49] ep 578/750 train_loss=0.8846 val_raw=95.90 val_ema=96.26 best_raw=96.02@555 best_ema=96.66@546 lr=0.01259 time=7.3s
[ultrawidescaledtail10_e750_s46] ep 590/750 train_loss=0.8018 val_raw=96.18 val_ema=95.98 best_raw=96.18@590 best_ema=96.44@587 lr=0.01096 time=7.7s
[ultrawidescaledtail10_e750_s45] ep 587/750 train_loss=0.9250 val_raw=95.80 val_ema=95.98 best_raw=95.92@555 best_ema=96.44@522 lr=0.01135 time=7.1s
[ultrawidescaledtail10_e750_s48] ep 595/750 train_loss=0.7096 val_raw=95.64 val_ema=96.12 best_raw=96.14@557 best_ema=96.48@568 lr=0.01031 time=7.1s
[ultrawidescaledtail10_e750_s42] ep 579/750 train_loss=0.8618 val_raw=95.90 val_ema=96.06 best_raw=95.94@573 best_ema=96.64@532 lr=0.01245 time=8.1s
[ultrawidescaledtail10_e750_s43] ep 582/750 train_loss=0.7999 val_raw=95.50 val_ema=95.88 best_raw=95.96@522 best_ema=96.42@560 lr=0.01203 time=7.3s
[ultrawidescaledtail10_e750_s47] ep 584/750 train_loss=0.8576 val_raw=95.90 val_ema=96.32 best_raw=96.16@583 best_ema=96.54@538 lr=0.01176 time=7.5s
[ultrawidescaledtail10_e750_s49] ep 579/750 train_loss=0.8536 val_raw=95.80 val_ema=96.36 best_raw=96.02@555 best_ema=96.66@546 lr=0.01245 time=7.1s
[ultrawidescaledtail10_e750_s44] ep 579/750 train_loss=0.7905 val_raw=96.14 val_ema=95.94 best_raw=96.14@579 best_ema=96.48@543 lr=0.01245 time=7.5s
[ultrawidescaledtail10_e750_s46] ep 591/750 train_loss=0.8263 val_raw=95.80 val_ema=96.10 best_raw=96.18@590 best_ema=96.44@587 lr=0.01082 time=7.4s
[ultrawidescaledtail10_e750_s45] ep 588/750 train_loss=0.8407 val_raw=95.58 val_ema=96.22 best_raw=95.92@555 best_ema=96.44@522 lr=0.01122 time=7.1s
[ultrawidescaledtail10_e750_s48] ep 596/750 train_loss=0.8285 val_raw=95.76 val_ema=95.92 best_raw=96.14@557 best_ema=96.48@568 lr=0.01018 time=7.0s
[ultrawidescaledtail10_e750_s42] ep 580/750 train_loss=0.8318 val_raw=95.52 val_ema=96.26 best_raw=95.94@573 best_ema=96.64@532 lr=0.01231 time=7.7s
[ultrawidescaledtail10_e750_s43] ep 583/750 train_loss=0.8142 val_raw=95.94 val_ema=96.06 best_raw=95.96@522 best_ema=96.42@560 lr=0.01189 time=7.1s
[ultrawidescaledtail10_e750_s47] ep 585/750 train_loss=0.8563 val_raw=96.00 val_ema=96.30 best_raw=96.16@583 best_ema=96.54@538 lr=0.01162 time=7.1s
[ultrawidescaledtail10_e750_s49] ep 580/750 train_loss=0.8222 val_raw=95.52 val_ema=96.18 best_raw=96.02@555 best_ema=96.66@546 lr=0.01231 time=7.5s
[ultrawidescaledtail10_e750_s44] ep 580/750 train_loss=0.8331 val_raw=95.76 val_ema=96.04 best_raw=96.14@579 best_ema=96.48@543 lr=0.01231 time=7.2s
[ultrawidescaledtail10_e750_s46] ep 592/750 train_loss=0.9276 val_raw=95.70 val_ema=95.96 best_raw=96.18@590 best_ema=96.44@587 lr=0.01069 time=7.0s
[ultrawidescaledtail10_e750_s45] ep 589/750 train_loss=0.7950 val_raw=95.78 val_ema=96.28 best_raw=95.92@555 best_ema=96.44@522 lr=0.01109 time=7.7s
[ultrawidescaledtail10_e750_s48] ep 597/750 train_loss=0.8589 val_raw=95.76 val_ema=95.96 best_raw=96.14@557 best_ema=96.48@568 lr=0.01005 time=7.2s
[ultrawidescaledtail10_e750_s42] ep 581/750 train_loss=0.8279 val_raw=95.60 val_ema=96.04 best_raw=95.94@573 best_ema=96.64@532 lr=0.01217 time=7.4s
[ultrawidescaledtail10_e750_s47] ep 586/750 train_loss=0.8090 val_raw=95.70 val_ema=96.20 best_raw=96.16@583 best_ema=96.54@538 lr=0.01149 time=7.1s
[ultrawidescaledtail10_e750_s43] ep 584/750 train_loss=0.7964 val_raw=95.78 val_ema=96.30 best_raw=95.96@522 best_ema=96.42@560 lr=0.01176 time=7.5s
[ultrawidescaledtail10_e750_s44] ep 581/750 train_loss=0.7790 val_raw=96.28 val_ema=96.52 best_raw=96.28@581 best_ema=96.52@581 lr=0.01217 time=7.1s
[ultrawidescaledtail10_e750_s49] ep 581/750 train_loss=0.8782 val_raw=95.92 val_ema=96.44 best_raw=96.02@555 best_ema=96.66@546 lr=0.01217 time=7.5s
[ultrawidescaledtail10_e750_s46] ep 593/750 train_loss=0.8071 val_raw=95.84 val_ema=96.26 best_raw=96.18@590 best_ema=96.44@587 lr=0.01056 time=7.5s
[ultrawidescaledtail10_e750_s45] ep 590/750 train_loss=0.8383 val_raw=95.46 val_ema=96.38 best_raw=95.92@555 best_ema=96.44@522 lr=0.01096 time=7.2s
[ultrawidescaledtail10_e750_s48] ep 598/750 train_loss=0.8762 val_raw=96.12 val_ema=96.04 best_raw=96.14@557 best_ema=96.48@568 lr=0.00992 time=7.5s
[ultrawidescaledtail10_e750_s42] ep 582/750 train_loss=0.7814 val_raw=95.70 val_ema=96.10 best_raw=95.94@573 best_ema=96.64@532 lr=0.01203 time=7.4s
[ultrawidescaledtail10_e750_s47] ep 587/750 train_loss=0.9064 val_raw=95.88 val_ema=95.98 best_raw=96.16@583 best_ema=96.54@538 lr=0.01135 time=7.1s
[ultrawidescaledtail10_e750_s43] ep 585/750 train_loss=0.7871 val_raw=95.74 val_ema=96.26 best_raw=95.96@522 best_ema=96.42@560 lr=0.01162 time=7.3s
[ultrawidescaledtail10_e750_s44] ep 582/750 train_loss=0.8132 val_raw=95.80 val_ema=96.38 best_raw=96.28@581 best_ema=96.52@581 lr=0.01203 time=7.2s
[ultrawidescaledtail10_e750_s49] ep 582/750 train_loss=0.9117 val_raw=95.70 val_ema=96.58 best_raw=96.02@555 best_ema=96.66@546 lr=0.01203 time=7.2s
[ultrawidescaledtail10_e750_s46] ep 594/750 train_loss=0.7962 val_raw=95.72 val_ema=95.90 best_raw=96.18@590 best_ema=96.44@587 lr=0.01043 time=7.3s
[ultrawidescaledtail10_e750_s45] ep 591/750 train_loss=0.8144 val_raw=96.06 val_ema=96.36 best_raw=96.06@591 best_ema=96.44@522 lr=0.01082 time=7.1s
[ultrawidescaledtail10_e750_s48] ep 599/750 train_loss=0.8672 val_raw=96.04 val_ema=96.06 best_raw=96.14@557 best_ema=96.48@568 lr=0.00980 time=7.1s
[ultrawidescaledtail10_e750_s42] ep 583/750 train_loss=0.8517 val_raw=95.58 val_ema=96.24 best_raw=95.94@573 best_ema=96.64@532 lr=0.01189 time=7.0s
[ultrawidescaledtail10_e750_s47] ep 588/750 train_loss=0.8513 val_raw=95.46 val_ema=96.32 best_raw=96.16@583 best_ema=96.54@538 lr=0.01122 time=7.4s
[ultrawidescaledtail10_e750_s43] ep 586/750 train_loss=0.7550 val_raw=95.80 val_ema=96.06 best_raw=95.96@522 best_ema=96.42@560 lr=0.01149 time=7.4s
[ultrawidescaledtail10_e750_s44] ep 583/750 train_loss=0.8200 val_raw=95.80 val_ema=96.00 best_raw=96.28@581 best_ema=96.52@581 lr=0.01189 time=7.4s
[ultrawidescaledtail10_e750_s49] ep 583/750 train_loss=0.8265 val_raw=95.82 val_ema=96.36 best_raw=96.02@555 best_ema=96.66@546 lr=0.01189 time=7.1s
[ultrawidescaledtail10_e750_s46] ep 595/750 train_loss=0.8001 val_raw=95.66 val_ema=96.16 best_raw=96.18@590 best_ema=96.44@587 lr=0.01031 time=7.0s
[ultrawidescaledtail10_e750_s45] ep 592/750 train_loss=0.8539 val_raw=95.74 val_ema=96.10 best_raw=96.06@591 best_ema=96.44@522 lr=0.01069 time=7.0s
[ultrawidescaledtail10_e750_s48] ep 600/750 train_loss=0.8368 val_raw=95.62 val_ema=96.22 best_raw=96.14@557 best_ema=96.48@568 lr=0.00967 time=7.1s
[ultrawidescaledtail10_e750_s42] ep 584/750 train_loss=0.8297 val_raw=95.72 val_ema=96.14 best_raw=95.94@573 best_ema=96.64@532 lr=0.01176 time=7.6s
[ultrawidescaledtail10_e750_s47] ep 589/750 train_loss=0.8060 val_raw=95.72 val_ema=96.52 best_raw=96.16@583 best_ema=96.54@538 lr=0.01109 time=7.0s
[ultrawidescaledtail10_e750_s43] ep 587/750 train_loss=0.8467 val_raw=95.64 val_ema=96.12 best_raw=95.96@522 best_ema=96.42@560 lr=0.01135 time=7.1s
[ultrawidescaledtail10_e750_s44] ep 584/750 train_loss=0.8852 val_raw=95.70 val_ema=96.24 best_raw=96.28@581 best_ema=96.52@581 lr=0.01176 time=7.1s
[ultrawidescaledtail10_e750_s49] ep 584/750 train_loss=0.8168 val_raw=96.10 val_ema=96.48 best_raw=96.10@584 best_ema=96.66@546 lr=0.01176 time=7.4s
[ultrawidescaledtail10_e750_s46] ep 596/750 train_loss=0.8643 val_raw=95.80 val_ema=96.14 best_raw=96.18@590 best_ema=96.44@587 lr=0.01018 time=7.1s
[ultrawidescaledtail10_e750_s45] ep 593/750 train_loss=0.7828 val_raw=95.90 val_ema=95.96 best_raw=96.06@591 best_ema=96.44@522 lr=0.01056 time=7.6s
[ultrawidescaledtail10_e750_s48] ep 601/750 train_loss=0.7989 val_raw=95.64 val_ema=96.20 best_raw=96.14@557 best_ema=96.48@568 lr=0.00955 time=7.3s
[ultrawidescaledtail10_e750_s47] ep 590/750 train_loss=0.7690 val_raw=95.58 val_ema=96.14 best_raw=96.16@583 best_ema=96.54@538 lr=0.01096 time=7.0s
[ultrawidescaledtail10_e750_s43] ep 588/750 train_loss=0.7909 val_raw=96.02 val_ema=96.48 best_raw=96.02@588 best_ema=96.48@588 lr=0.01122 time=7.1s
[ultrawidescaledtail10_e750_s42] ep 585/750 train_loss=0.8335 val_raw=95.76 val_ema=96.04 best_raw=95.94@573 best_ema=96.64@532 lr=0.01162 time=7.7s
[ultrawidescaledtail10_e750_s44] ep 585/750 train_loss=0.8624 val_raw=95.84 val_ema=95.76 best_raw=96.28@581 best_ema=96.52@581 lr=0.01162 time=7.4s
[ultrawidescaledtail10_e750_s49] ep 585/750 train_loss=0.8652 val_raw=96.24 val_ema=96.24 best_raw=96.24@585 best_ema=96.66@546 lr=0.01162 time=7.3s
[ultrawidescaledtail10_e750_s46] ep 597/750 train_loss=0.7984 val_raw=95.88 val_ema=96.36 best_raw=96.18@590 best_ema=96.44@587 lr=0.01005 time=7.1s
[ultrawidescaledtail10_e750_s45] ep 594/750 train_loss=0.8917 val_raw=95.68 val_ema=96.14 best_raw=96.06@591 best_ema=96.44@522 lr=0.01043 time=7.6s
[ultrawidescaledtail10_e750_s48] ep 602/750 train_loss=0.7933 val_raw=95.96 val_ema=96.20 best_raw=96.14@557 best_ema=96.48@568 lr=0.00943 time=7.5s
[ultrawidescaledtail10_e750_s47] ep 591/750 train_loss=0.8320 val_raw=95.92 val_ema=96.48 best_raw=96.16@583 best_ema=96.54@538 lr=0.01082 time=7.4s
[ultrawidescaledtail10_e750_s43] ep 589/750 train_loss=0.7528 val_raw=95.92 val_ema=96.46 best_raw=96.02@588 best_ema=96.48@588 lr=0.01109 time=7.1s
[ultrawidescaledtail10_e750_s42] ep 586/750 train_loss=0.7624 val_raw=95.82 val_ema=96.16 best_raw=95.94@573 best_ema=96.64@532 lr=0.01149 time=7.6s
[ultrawidescaledtail10_e750_s44] ep 586/750 train_loss=0.8553 val_raw=95.46 val_ema=96.02 best_raw=96.28@581 best_ema=96.52@581 lr=0.01149 time=7.6s
[ultrawidescaledtail10_e750_s49] ep 586/750 train_loss=0.8445 val_raw=95.88 val_ema=96.32 best_raw=96.24@585 best_ema=96.66@546 lr=0.01149 time=7.4s
[ultrawidescaledtail10_e750_s46] ep 598/750 train_loss=0.7678 val_raw=95.66 val_ema=96.28 best_raw=96.18@590 best_ema=96.44@587 lr=0.00992 time=7.1s
[ultrawidescaledtail10_e750_s45] ep 595/750 train_loss=0.7931 val_raw=96.08 val_ema=96.26 best_raw=96.08@595 best_ema=96.44@522 lr=0.01031 time=7.5s
[ultrawidescaledtail10_e750_s48] ep 603/750 train_loss=0.8077 val_raw=95.70 val_ema=96.34 best_raw=96.14@557 best_ema=96.48@568 lr=0.00930 time=7.6s
[ultrawidescaledtail10_e750_s47] ep 592/750 train_loss=0.8531 val_raw=95.54 val_ema=96.62 best_raw=96.16@583 best_ema=96.62@592 lr=0.01069 time=7.2s
[ultrawidescaledtail10_e750_s43] ep 590/750 train_loss=0.8374 val_raw=95.60 val_ema=96.26 best_raw=96.02@588 best_ema=96.48@588 lr=0.01096 time=7.1s
[ultrawidescaledtail10_e750_s42] ep 587/750 train_loss=0.8863 val_raw=95.80 val_ema=96.42 best_raw=95.94@573 best_ema=96.64@532 lr=0.01135 time=7.3s
[ultrawidescaledtail10_e750_s44] ep 587/750 train_loss=0.7937 val_raw=95.76 val_ema=96.10 best_raw=96.28@581 best_ema=96.52@581 lr=0.01135 time=7.2s
[ultrawidescaledtail10_e750_s46] ep 599/750 train_loss=0.8025 val_raw=95.96 val_ema=96.08 best_raw=96.18@590 best_ema=96.44@587 lr=0.00980 time=7.1s
[ultrawidescaledtail10_e750_s49] ep 587/750 train_loss=0.8321 val_raw=96.12 val_ema=96.42 best_raw=96.24@585 best_ema=96.66@546 lr=0.01135 time=8.0s
[ultrawidescaledtail10_e750_s45] ep 596/750 train_loss=0.8521 val_raw=95.90 val_ema=96.16 best_raw=96.08@595 best_ema=96.44@522 lr=0.01018 time=7.1s
[ultrawidescaledtail10_e750_s48] ep 604/750 train_loss=0.8160 val_raw=95.98 val_ema=96.18 best_raw=96.14@557 best_ema=96.48@568 lr=0.00918 time=7.1s
[ultrawidescaledtail10_e750_s47] ep 593/750 train_loss=0.8034 val_raw=95.84 val_ema=96.46 best_raw=96.16@583 best_ema=96.62@592 lr=0.01056 time=7.2s
[ultrawidescaledtail10_e750_s43] ep 591/750 train_loss=0.7881 val_raw=95.50 val_ema=96.42 best_raw=96.02@588 best_ema=96.48@588 lr=0.01082 time=7.2s
[ultrawidescaledtail10_e750_s44] ep 588/750 train_loss=0.8230 val_raw=96.00 val_ema=95.94 best_raw=96.28@581 best_ema=96.52@581 lr=0.01122 time=7.1s
[ultrawidescaledtail10_e750_s42] ep 588/750 train_loss=0.8116 val_raw=95.96 val_ema=96.22 best_raw=95.96@588 best_ema=96.64@532 lr=0.01122 time=7.9s
[ultrawidescaledtail10_e750_s46] ep 600/750 train_loss=0.7741 val_raw=95.84 val_ema=96.26 best_raw=96.18@590 best_ema=96.44@587 lr=0.00967 time=7.3s
[ultrawidescaledtail10_e750_s49] ep 588/750 train_loss=0.8290 val_raw=95.98 val_ema=96.34 best_raw=96.24@585 best_ema=96.66@546 lr=0.01122 time=7.8s
[ultrawidescaledtail10_e750_s45] ep 597/750 train_loss=0.8714 val_raw=95.98 val_ema=96.64 best_raw=96.08@595 best_ema=96.64@597 lr=0.01005 time=7.1s
[ultrawidescaledtail10_e750_s48] ep 605/750 train_loss=0.8399 val_raw=95.78 val_ema=96.02 best_raw=96.14@557 best_ema=96.48@568 lr=0.00906 time=7.3s
[ultrawidescaledtail10_e750_s47] ep 594/750 train_loss=0.8830 val_raw=95.88 val_ema=96.60 best_raw=96.16@583 best_ema=96.62@592 lr=0.01043 time=7.3s
[ultrawidescaledtail10_e750_s43] ep 592/750 train_loss=0.8579 val_raw=96.06 val_ema=96.36 best_raw=96.06@592 best_ema=96.48@588 lr=0.01069 time=7.5s
[ultrawidescaledtail10_e750_s46] ep 601/750 train_loss=0.7814 val_raw=95.96 val_ema=96.22 best_raw=96.18@590 best_ema=96.44@587 lr=0.00955 time=7.5s
[ultrawidescaledtail10_e750_s44] ep 589/750 train_loss=0.8415 val_raw=95.88 val_ema=95.94 best_raw=96.28@581 best_ema=96.52@581 lr=0.01109 time=7.7s
[ultrawidescaledtail10_e750_s42] ep 589/750 train_loss=0.7768 val_raw=95.76 val_ema=96.34 best_raw=95.96@588 best_ema=96.64@532 lr=0.01109 time=7.6s
[ultrawidescaledtail10_e750_s45] ep 598/750 train_loss=0.8547 val_raw=96.02 val_ema=96.46 best_raw=96.08@595 best_ema=96.64@597 lr=0.00992 time=7.0s
[ultrawidescaledtail10_e750_s49] ep 589/750 train_loss=0.8555 val_raw=96.26 val_ema=96.26 best_raw=96.26@589 best_ema=96.66@546 lr=0.01109 time=7.6s
[ultrawidescaledtail10_e750_s48] ep 606/750 train_loss=0.7711 val_raw=95.68 val_ema=96.28 best_raw=96.14@557 best_ema=96.48@568 lr=0.00894 time=7.4s
[ultrawidescaledtail10_e750_s47] ep 595/750 train_loss=0.8720 val_raw=95.76 val_ema=96.40 best_raw=96.16@583 best_ema=96.62@592 lr=0.01031 time=7.1s
[ultrawidescaledtail10_e750_s43] ep 593/750 train_loss=0.8655 val_raw=95.90 val_ema=96.32 best_raw=96.06@592 best_ema=96.48@588 lr=0.01056 time=7.4s
[ultrawidescaledtail10_e750_s44] ep 590/750 train_loss=0.8109 val_raw=95.58 val_ema=96.00 best_raw=96.28@581 best_ema=96.52@581 lr=0.01096 time=7.4s
[ultrawidescaledtail10_e750_s42] ep 590/750 train_loss=0.8795 val_raw=95.56 val_ema=96.22 best_raw=95.96@588 best_ema=96.64@532 lr=0.01096 time=7.4s
[ultrawidescaledtail10_e750_s46] ep 602/750 train_loss=0.8038 val_raw=95.98 val_ema=96.16 best_raw=96.18@590 best_ema=96.44@587 lr=0.00943 time=7.6s
[ultrawidescaledtail10_e750_s45] ep 599/750 train_loss=0.8684 val_raw=95.96 val_ema=96.46 best_raw=96.08@595 best_ema=96.64@597 lr=0.00980 time=7.3s
[ultrawidescaledtail10_e750_s49] ep 590/750 train_loss=0.8439 val_raw=96.08 val_ema=96.54 best_raw=96.26@589 best_ema=96.66@546 lr=0.01096 time=8.0s
[ultrawidescaledtail10_e750_s48] ep 607/750 train_loss=0.8821 val_raw=95.84 val_ema=96.20 best_raw=96.14@557 best_ema=96.48@568 lr=0.00882 time=7.1s
[ultrawidescaledtail10_e750_s47] ep 596/750 train_loss=0.8578 val_raw=95.98 val_ema=96.42 best_raw=96.16@583 best_ema=96.62@592 lr=0.01018 time=7.0s
[ultrawidescaledtail10_e750_s43] ep 594/750 train_loss=0.8029 val_raw=95.84 val_ema=96.24 best_raw=96.06@592 best_ema=96.48@588 lr=0.01043 time=7.5s
[ultrawidescaledtail10_e750_s44] ep 591/750 train_loss=0.8284 val_raw=95.84 val_ema=96.18 best_raw=96.28@581 best_ema=96.52@581 lr=0.01082 time=7.3s
[ultrawidescaledtail10_e750_s46] ep 603/750 train_loss=0.8291 val_raw=95.78 val_ema=96.24 best_raw=96.18@590 best_ema=96.44@587 lr=0.00930 time=7.3s
[ultrawidescaledtail10_e750_s42] ep 591/750 train_loss=0.8338 val_raw=95.96 val_ema=95.96 best_raw=95.96@588 best_ema=96.64@532 lr=0.01082 time=7.5s
[ultrawidescaledtail10_e750_s45] ep 600/750 train_loss=0.8693 val_raw=95.58 val_ema=96.06 best_raw=96.08@595 best_ema=96.64@597 lr=0.00967 time=7.2s
[ultrawidescaledtail10_e750_s49] ep 591/750 train_loss=0.8592 val_raw=96.04 val_ema=96.42 best_raw=96.26@589 best_ema=96.66@546 lr=0.01082 time=7.7s
[ultrawidescaledtail10_e750_s48] ep 608/750 train_loss=0.8113 val_raw=95.96 val_ema=96.22 best_raw=96.14@557 best_ema=96.48@568 lr=0.00870 time=7.4s
[ultrawidescaledtail10_e750_s47] ep 597/750 train_loss=0.7952 val_raw=96.20 val_ema=96.62 best_raw=96.20@597 best_ema=96.62@592 lr=0.01005 time=7.3s
[ultrawidescaledtail10_e750_s43] ep 595/750 train_loss=0.8143 val_raw=96.02 val_ema=96.46 best_raw=96.06@592 best_ema=96.48@588 lr=0.01031 time=7.8s
[ultrawidescaledtail10_e750_s46] ep 604/750 train_loss=0.8209 val_raw=95.88 val_ema=96.20 best_raw=96.18@590 best_ema=96.44@587 lr=0.00918 time=7.1s
[ultrawidescaledtail10_e750_s42] ep 592/750 train_loss=0.8057 val_raw=96.04 val_ema=95.84 best_raw=96.04@592 best_ema=96.64@532 lr=0.01069 time=7.2s
[ultrawidescaledtail10_e750_s44] ep 592/750 train_loss=0.8059 val_raw=96.14 val_ema=96.12 best_raw=96.28@581 best_ema=96.52@581 lr=0.01069 time=7.5s
[ultrawidescaledtail10_e750_s45] ep 601/750 train_loss=0.8753 val_raw=96.16 val_ema=96.60 best_raw=96.16@601 best_ema=96.64@597 lr=0.00955 time=7.1s
[ultrawidescaledtail10_e750_s49] ep 592/750 train_loss=0.8484 val_raw=95.90 val_ema=96.48 best_raw=96.26@589 best_ema=96.66@546 lr=0.01069 time=7.4s
[ultrawidescaledtail10_e750_s48] ep 609/750 train_loss=0.8503 val_raw=95.54 val_ema=96.32 best_raw=96.14@557 best_ema=96.48@568 lr=0.00858 time=7.2s
[ultrawidescaledtail10_e750_s47] ep 598/750 train_loss=0.8380 val_raw=95.88 val_ema=96.46 best_raw=96.20@597 best_ema=96.62@592 lr=0.00992 time=7.4s
[ultrawidescaledtail10_e750_s43] ep 596/750 train_loss=0.8594 val_raw=96.00 val_ema=96.50 best_raw=96.06@592 best_ema=96.50@596 lr=0.01018 time=7.4s
[ultrawidescaledtail10_e750_s44] ep 593/750 train_loss=0.8213 val_raw=95.70 val_ema=95.88 best_raw=96.28@581 best_ema=96.52@581 lr=0.01056 time=7.1s
[ultrawidescaledtail10_e750_s46] ep 605/750 train_loss=0.8466 val_raw=95.72 val_ema=96.44 best_raw=96.18@590 best_ema=96.44@587 lr=0.00906 time=7.6s
[ultrawidescaledtail10_e750_s42] ep 593/750 train_loss=0.8753 val_raw=95.84 val_ema=96.34 best_raw=96.04@592 best_ema=96.64@532 lr=0.01056 time=7.8s
[ultrawidescaledtail10_e750_s45] ep 602/750 train_loss=0.7928 val_raw=96.06 val_ema=96.40 best_raw=96.16@601 best_ema=96.64@597 lr=0.00943 time=7.6s
[ultrawidescaledtail10_e750_s49] ep 593/750 train_loss=0.8472 val_raw=96.30 val_ema=96.52 best_raw=96.30@593 best_ema=96.66@546 lr=0.01056 time=7.1s
[ultrawidescaledtail10_e750_s48] ep 610/750 train_loss=0.8281 val_raw=95.36 val_ema=96.22 best_raw=96.14@557 best_ema=96.48@568 lr=0.00846 time=7.3s
[ultrawidescaledtail10_e750_s47] ep 599/750 train_loss=0.8311 val_raw=95.92 val_ema=96.40 best_raw=96.20@597 best_ema=96.62@592 lr=0.00980 time=7.4s
[ultrawidescaledtail10_e750_s43] ep 597/750 train_loss=0.8517 val_raw=95.96 val_ema=96.26 best_raw=96.06@592 best_ema=96.50@596 lr=0.01005 time=7.1s
[ultrawidescaledtail10_e750_s44] ep 594/750 train_loss=0.8309 val_raw=95.80 val_ema=95.88 best_raw=96.28@581 best_ema=96.52@581 lr=0.01043 time=7.1s
[ultrawidescaledtail10_e750_s46] ep 606/750 train_loss=0.8309 val_raw=96.08 val_ema=96.36 best_raw=96.18@590 best_ema=96.44@587 lr=0.00894 time=7.2s
[ultrawidescaledtail10_e750_s42] ep 594/750 train_loss=0.8650 val_raw=95.82 val_ema=96.52 best_raw=96.04@592 best_ema=96.64@532 lr=0.01043 time=7.6s
[ultrawidescaledtail10_e750_s45] ep 603/750 train_loss=0.8199 val_raw=96.08 val_ema=96.10 best_raw=96.16@601 best_ema=96.64@597 lr=0.00930 time=7.6s
[ultrawidescaledtail10_e750_s49] ep 594/750 train_loss=0.8732 val_raw=96.06 val_ema=96.30 best_raw=96.30@593 best_ema=96.66@546 lr=0.01043 time=7.1s
[ultrawidescaledtail10_e750_s48] ep 611/750 train_loss=0.7925 val_raw=95.80 val_ema=96.20 best_raw=96.14@557 best_ema=96.48@568 lr=0.00835 time=7.3s
[ultrawidescaledtail10_e750_s47] ep 600/750 train_loss=0.8577 val_raw=96.02 val_ema=96.52 best_raw=96.20@597 best_ema=96.62@592 lr=0.00967 time=7.2s
[ultrawidescaledtail10_e750_s43] ep 598/750 train_loss=0.7957 val_raw=95.94 val_ema=96.40 best_raw=96.06@592 best_ema=96.50@596 lr=0.00992 time=7.3s
[ultrawidescaledtail10_e750_s44] ep 595/750 train_loss=0.8170 val_raw=95.88 val_ema=96.28 best_raw=96.28@581 best_ema=96.52@581 lr=0.01031 time=7.3s
[ultrawidescaledtail10_e750_s46] ep 607/750 train_loss=0.8537 val_raw=95.66 val_ema=96.20 best_raw=96.18@590 best_ema=96.44@587 lr=0.00882 time=7.5s
[ultrawidescaledtail10_e750_s42] ep 595/750 train_loss=0.8009 val_raw=95.76 val_ema=96.22 best_raw=96.04@592 best_ema=96.64@532 lr=0.01031 time=7.1s
[ultrawidescaledtail10_e750_s45] ep 604/750 train_loss=0.7931 val_raw=96.08 val_ema=96.42 best_raw=96.16@601 best_ema=96.64@597 lr=0.00918 time=7.1s
[ultrawidescaledtail10_e750_s49] ep 595/750 train_loss=0.8507 val_raw=96.08 val_ema=96.62 best_raw=96.30@593 best_ema=96.66@546 lr=0.01031 time=7.6s
[ultrawidescaledtail10_e750_s48] ep 612/750 train_loss=0.8507 val_raw=95.88 val_ema=96.12 best_raw=96.14@557 best_ema=96.48@568 lr=0.00823 time=7.3s
[ultrawidescaledtail10_e750_s47] ep 601/750 train_loss=0.8201 val_raw=96.00 val_ema=96.28 best_raw=96.20@597 best_ema=96.62@592 lr=0.00955 time=7.5s
[ultrawidescaledtail10_e750_s43] ep 599/750 train_loss=0.7733 val_raw=96.16 val_ema=96.58 best_raw=96.16@599 best_ema=96.58@599 lr=0.00980 time=7.5s
[ultrawidescaledtail10_e750_s44] ep 596/750 train_loss=0.7911 val_raw=95.80 val_ema=96.22 best_raw=96.28@581 best_ema=96.52@581 lr=0.01018 time=7.1s
[ultrawidescaledtail10_e750_s46] ep 608/750 train_loss=0.7572 val_raw=95.82 val_ema=95.96 best_raw=96.18@590 best_ema=96.44@587 lr=0.00870 time=7.5s
[ultrawidescaledtail10_e750_s42] ep 596/750 train_loss=0.7724 val_raw=96.06 val_ema=96.26 best_raw=96.06@596 best_ema=96.64@532 lr=0.01018 time=7.5s
[ultrawidescaledtail10_e750_s45] ep 605/750 train_loss=0.8852 val_raw=95.86 val_ema=96.46 best_raw=96.16@601 best_ema=96.64@597 lr=0.00906 time=7.6s
[ultrawidescaledtail10_e750_s49] ep 596/750 train_loss=0.8127 val_raw=95.82 val_ema=96.46 best_raw=96.30@593 best_ema=96.66@546 lr=0.01018 time=7.7s
[ultrawidescaledtail10_e750_s48] ep 613/750 train_loss=0.8363 val_raw=95.70 val_ema=96.16 best_raw=96.14@557 best_ema=96.48@568 lr=0.00811 time=7.1s
[ultrawidescaledtail10_e750_s47] ep 602/750 train_loss=0.8218 val_raw=95.90 val_ema=96.54 best_raw=96.20@597 best_ema=96.62@592 lr=0.00943 time=7.3s
[ultrawidescaledtail10_e750_s43] ep 600/750 train_loss=0.9159 val_raw=96.12 val_ema=96.24 best_raw=96.16@599 best_ema=96.58@599 lr=0.00967 time=7.6s
[ultrawidescaledtail10_e750_s44] ep 597/750 train_loss=0.8040 val_raw=95.96 val_ema=96.46 best_raw=96.28@581 best_ema=96.52@581 lr=0.01005 time=7.5s
[ultrawidescaledtail10_e750_s46] ep 609/750 train_loss=0.8278 val_raw=95.76 val_ema=96.10 best_raw=96.18@590 best_ema=96.44@587 lr=0.00858 time=7.1s
[ultrawidescaledtail10_e750_s42] ep 597/750 train_loss=0.7964 val_raw=95.84 val_ema=96.44 best_raw=96.06@596 best_ema=96.64@532 lr=0.01005 time=7.1s
[ultrawidescaledtail10_e750_s45] ep 606/750 train_loss=0.8605 val_raw=95.88 val_ema=95.86 best_raw=96.16@601 best_ema=96.64@597 lr=0.00894 time=7.3s
[ultrawidescaledtail10_e750_s49] ep 597/750 train_loss=0.8267 val_raw=95.70 val_ema=96.42 best_raw=96.30@593 best_ema=96.66@546 lr=0.01005 time=7.3s
[ultrawidescaledtail10_e750_s48] ep 614/750 train_loss=0.8895 val_raw=95.66 val_ema=95.98 best_raw=96.14@557 best_ema=96.48@568 lr=0.00800 time=7.2s
[ultrawidescaledtail10_e750_s47] ep 603/750 train_loss=0.8753 val_raw=95.60 val_ema=96.28 best_raw=96.20@597 best_ema=96.62@592 lr=0.00930 time=7.5s
[ultrawidescaledtail10_e750_s43] ep 601/750 train_loss=0.7557 val_raw=95.80 val_ema=96.10 best_raw=96.16@599 best_ema=96.58@599 lr=0.00955 time=7.3s
[ultrawidescaledtail10_e750_s44] ep 598/750 train_loss=0.8082 val_raw=96.36 val_ema=96.18 best_raw=96.36@598 best_ema=96.52@581 lr=0.00992 time=7.8s
[ultrawidescaledtail10_e750_s46] ep 610/750 train_loss=0.8369 val_raw=96.00 val_ema=96.14 best_raw=96.18@590 best_ema=96.44@587 lr=0.00846 time=7.4s
[ultrawidescaledtail10_e750_s42] ep 598/750 train_loss=0.8022 val_raw=95.80 val_ema=96.36 best_raw=96.06@596 best_ema=96.64@532 lr=0.00992 time=7.1s
[ultrawidescaledtail10_e750_s45] ep 607/750 train_loss=0.8108 val_raw=95.90 val_ema=96.24 best_raw=96.16@601 best_ema=96.64@597 lr=0.00882 time=7.2s
[ultrawidescaledtail10_e750_s48] ep 615/750 train_loss=0.8488 val_raw=95.84 val_ema=95.82 best_raw=96.14@557 best_ema=96.48@568 lr=0.00789 time=7.1s
[ultrawidescaledtail10_e750_s49] ep 598/750 train_loss=0.8603 val_raw=95.88 val_ema=96.54 best_raw=96.30@593 best_ema=96.66@546 lr=0.00992 time=7.6s
[ultrawidescaledtail10_e750_s47] ep 604/750 train_loss=0.8197 val_raw=96.16 val_ema=96.62 best_raw=96.20@597 best_ema=96.62@592 lr=0.00918 time=7.2s
[ultrawidescaledtail10_e750_s43] ep 602/750 train_loss=0.8253 val_raw=95.80 val_ema=96.14 best_raw=96.16@599 best_ema=96.58@599 lr=0.00943 time=7.1s
[ultrawidescaledtail10_e750_s46] ep 611/750 train_loss=0.8562 val_raw=96.20 val_ema=96.08 best_raw=96.20@611 best_ema=96.44@587 lr=0.00835 time=7.1s
[ultrawidescaledtail10_e750_s44] ep 599/750 train_loss=0.7691 val_raw=95.80 val_ema=96.26 best_raw=96.36@598 best_ema=96.52@581 lr=0.00980 time=7.5s
[ultrawidescaledtail10_e750_s42] ep 599/750 train_loss=0.8058 val_raw=95.88 val_ema=96.18 best_raw=96.06@596 best_ema=96.64@532 lr=0.00980 time=7.5s
[ultrawidescaledtail10_e750_s45] ep 608/750 train_loss=0.7727 val_raw=96.10 val_ema=96.46 best_raw=96.16@601 best_ema=96.64@597 lr=0.00870 time=7.1s
[ultrawidescaledtail10_e750_s48] ep 616/750 train_loss=0.8107 val_raw=95.76 val_ema=96.02 best_raw=96.14@557 best_ema=96.48@568 lr=0.00777 time=7.4s
[ultrawidescaledtail10_e750_s49] ep 599/750 train_loss=0.8140 val_raw=95.96 val_ema=96.44 best_raw=96.30@593 best_ema=96.66@546 lr=0.00980 time=7.5s
[ultrawidescaledtail10_e750_s47] ep 605/750 train_loss=0.8677 val_raw=96.06 val_ema=96.52 best_raw=96.20@597 best_ema=96.62@592 lr=0.00906 time=7.0s
[ultrawidescaledtail10_e750_s43] ep 603/750 train_loss=0.8207 val_raw=95.78 val_ema=96.16 best_raw=96.16@599 best_ema=96.58@599 lr=0.00930 time=7.6s
[ultrawidescaledtail10_e750_s46] ep 612/750 train_loss=0.7529 val_raw=95.94 val_ema=96.26 best_raw=96.20@611 best_ema=96.44@587 lr=0.00823 time=7.2s
[ultrawidescaledtail10_e750_s42] ep 600/750 train_loss=0.8622 val_raw=95.78 val_ema=96.42 best_raw=96.06@596 best_ema=96.64@532 lr=0.00967 time=7.2s
[ultrawidescaledtail10_e750_s44] ep 600/750 train_loss=0.7997 val_raw=96.02 val_ema=96.36 best_raw=96.36@598 best_ema=96.52@581 lr=0.00967 time=7.5s
[ultrawidescaledtail10_e750_s45] ep 609/750 train_loss=0.7193 val_raw=96.04 val_ema=96.38 best_raw=96.16@601 best_ema=96.64@597 lr=0.00858 time=7.2s
[ultrawidescaledtail10_e750_s48] ep 617/750 train_loss=0.8217 val_raw=96.08 val_ema=96.22 best_raw=96.14@557 best_ema=96.48@568 lr=0.00766 time=7.2s
[ultrawidescaledtail10_e750_s49] ep 600/750 train_loss=0.8422 val_raw=96.28 val_ema=96.34 best_raw=96.30@593 best_ema=96.66@546 lr=0.00967 time=7.6s
[ultrawidescaledtail10_e750_s47] ep 606/750 train_loss=0.8081 val_raw=95.76 val_ema=96.22 best_raw=96.20@597 best_ema=96.62@592 lr=0.00894 time=7.7s
[ultrawidescaledtail10_e750_s43] ep 604/750 train_loss=0.8012 val_raw=96.00 val_ema=96.14 best_raw=96.16@599 best_ema=96.58@599 lr=0.00918 time=7.2s
[ultrawidescaledtail10_e750_s46] ep 613/750 train_loss=0.8519 val_raw=95.82 val_ema=96.18 best_raw=96.20@611 best_ema=96.44@587 lr=0.00811 time=7.8s
[ultrawidescaledtail10_e750_s42] ep 601/750 train_loss=0.8056 val_raw=95.64 val_ema=96.52 best_raw=96.06@596 best_ema=96.64@532 lr=0.00955 time=7.5s
[ultrawidescaledtail10_e750_s45] ep 610/750 train_loss=0.8557 val_raw=96.16 val_ema=96.02 best_raw=96.16@601 best_ema=96.64@597 lr=0.00846 time=7.1s
[ultrawidescaledtail10_e750_s44] ep 601/750 train_loss=0.8009 val_raw=95.92 val_ema=96.08 best_raw=96.36@598 best_ema=96.52@581 lr=0.00955 time=7.5s
[ultrawidescaledtail10_e750_s48] ep 618/750 train_loss=0.8263 val_raw=96.12 val_ema=96.18 best_raw=96.14@557 best_ema=96.48@568 lr=0.00755 time=7.1s
[ultrawidescaledtail10_e750_s49] ep 601/750 train_loss=0.8188 val_raw=95.90 val_ema=96.34 best_raw=96.30@593 best_ema=96.66@546 lr=0.00955 time=8.0s
[ultrawidescaledtail10_e750_s47] ep 607/750 train_loss=0.7522 val_raw=95.96 val_ema=96.40 best_raw=96.20@597 best_ema=96.62@592 lr=0.00882 time=7.9s
[ultrawidescaledtail10_e750_s43] ep 605/750 train_loss=0.7867 val_raw=95.98 val_ema=96.22 best_raw=96.16@599 best_ema=96.58@599 lr=0.00906 time=7.2s
[ultrawidescaledtail10_e750_s46] ep 614/750 train_loss=0.8151 val_raw=95.72 val_ema=96.16 best_raw=96.20@611 best_ema=96.44@587 lr=0.00800 time=7.1s
[ultrawidescaledtail10_e750_s42] ep 602/750 train_loss=0.8315 val_raw=95.92 val_ema=96.36 best_raw=96.06@596 best_ema=96.64@532 lr=0.00943 time=7.6s
[ultrawidescaledtail10_e750_s45] ep 611/750 train_loss=0.8137 val_raw=95.84 val_ema=96.00 best_raw=96.16@601 best_ema=96.64@597 lr=0.00835 time=7.5s
[ultrawidescaledtail10_e750_s44] ep 602/750 train_loss=0.7962 val_raw=95.40 val_ema=96.02 best_raw=96.36@598 best_ema=96.52@581 lr=0.00943 time=7.7s
[ultrawidescaledtail10_e750_s48] ep 619/750 train_loss=0.8699 val_raw=96.02 val_ema=96.08 best_raw=96.14@557 best_ema=96.48@568 lr=0.00744 time=7.6s
[ultrawidescaledtail10_e750_s49] ep 602/750 train_loss=0.8060 val_raw=96.28 val_ema=96.46 best_raw=96.30@593 best_ema=96.66@546 lr=0.00943 time=7.5s
[ultrawidescaledtail10_e750_s47] ep 608/750 train_loss=0.8238 val_raw=96.06 val_ema=96.14 best_raw=96.20@597 best_ema=96.62@592 lr=0.00870 time=7.6s
[ultrawidescaledtail10_e750_s43] ep 606/750 train_loss=0.7939 val_raw=95.98 val_ema=96.40 best_raw=96.16@599 best_ema=96.58@599 lr=0.00894 time=7.4s
[ultrawidescaledtail10_e750_s46] ep 615/750 train_loss=0.7908 val_raw=95.98 val_ema=96.18 best_raw=96.20@611 best_ema=96.44@587 lr=0.00789 time=7.3s
[ultrawidescaledtail10_e750_s42] ep 603/750 train_loss=0.8441 val_raw=96.18 val_ema=96.28 best_raw=96.18@603 best_ema=96.64@532 lr=0.00930 time=7.5s
[ultrawidescaledtail10_e750_s45] ep 612/750 train_loss=0.7898 val_raw=95.64 val_ema=96.22 best_raw=96.16@601 best_ema=96.64@597 lr=0.00823 time=7.6s
[ultrawidescaledtail10_e750_s44] ep 603/750 train_loss=0.8265 val_raw=95.66 val_ema=96.30 best_raw=96.36@598 best_ema=96.52@581 lr=0.00930 time=7.5s
[ultrawidescaledtail10_e750_s48] ep 620/750 train_loss=0.8365 val_raw=95.78 val_ema=96.34 best_raw=96.14@557 best_ema=96.48@568 lr=0.00733 time=7.2s
[ultrawidescaledtail10_e750_s49] ep 603/750 train_loss=0.8223 val_raw=96.36 val_ema=96.56 best_raw=96.36@603 best_ema=96.66@546 lr=0.00930 time=8.1s
[ultrawidescaledtail10_e750_s47] ep 609/750 train_loss=0.8589 val_raw=95.74 val_ema=96.34 best_raw=96.20@597 best_ema=96.62@592 lr=0.00858 time=7.0s
[ultrawidescaledtail10_e750_s43] ep 607/750 train_loss=0.8520 val_raw=96.14 val_ema=96.40 best_raw=96.16@599 best_ema=96.58@599 lr=0.00882 time=7.3s
[ultrawidescaledtail10_e750_s46] ep 616/750 train_loss=0.8021 val_raw=95.94 val_ema=96.04 best_raw=96.20@611 best_ema=96.44@587 lr=0.00777 time=7.3s
[ultrawidescaledtail10_e750_s42] ep 604/750 train_loss=0.8490 val_raw=95.98 val_ema=96.26 best_raw=96.18@603 best_ema=96.64@532 lr=0.00918 time=7.2s
[ultrawidescaledtail10_e750_s45] ep 613/750 train_loss=0.8869 val_raw=96.00 val_ema=96.18 best_raw=96.16@601 best_ema=96.64@597 lr=0.00811 time=7.1s
[ultrawidescaledtail10_e750_s44] ep 604/750 train_loss=0.8290 val_raw=95.68 val_ema=96.08 best_raw=96.36@598 best_ema=96.52@581 lr=0.00918 time=7.9s
[ultrawidescaledtail10_e750_s48] ep 621/750 train_loss=0.7581 val_raw=95.90 val_ema=96.04 best_raw=96.14@557 best_ema=96.48@568 lr=0.00722 time=7.2s
[ultrawidescaledtail10_e750_s49] ep 604/750 train_loss=0.8175 val_raw=95.84 val_ema=96.76 best_raw=96.36@603 best_ema=96.76@604 lr=0.00918 time=7.5s
[ultrawidescaledtail10_e750_s47] ep 610/750 train_loss=0.8608 val_raw=95.96 val_ema=96.22 best_raw=96.20@597 best_ema=96.62@592 lr=0.00846 time=7.3s
[ultrawidescaledtail10_e750_s43] ep 608/750 train_loss=0.8751 val_raw=95.60 val_ema=96.46 best_raw=96.16@599 best_ema=96.58@599 lr=0.00870 time=7.1s
[ultrawidescaledtail10_e750_s46] ep 617/750 train_loss=0.8319 val_raw=96.10 val_ema=96.24 best_raw=96.20@611 best_ema=96.44@587 lr=0.00766 time=7.7s
[ultrawidescaledtail10_e750_s45] ep 614/750 train_loss=0.8319 val_raw=96.24 val_ema=96.36 best_raw=96.24@614 best_ema=96.64@597 lr=0.00800 time=7.3s
[ultrawidescaledtail10_e750_s42] ep 605/750 train_loss=0.8473 val_raw=95.86 val_ema=96.38 best_raw=96.18@603 best_ema=96.64@532 lr=0.00906 time=7.3s
[ultrawidescaledtail10_e750_s44] ep 605/750 train_loss=0.8519 val_raw=95.74 val_ema=96.18 best_raw=96.36@598 best_ema=96.52@581 lr=0.00906 time=7.9s
[ultrawidescaledtail10_e750_s48] ep 622/750 train_loss=0.7863 val_raw=95.78 val_ema=96.00 best_raw=96.14@557 best_ema=96.48@568 lr=0.00711 time=7.5s
[ultrawidescaledtail10_e750_s49] ep 605/750 train_loss=0.7817 val_raw=96.14 val_ema=96.58 best_raw=96.36@603 best_ema=96.76@604 lr=0.00906 time=7.5s
[ultrawidescaledtail10_e750_s47] ep 611/750 train_loss=0.8521 val_raw=95.84 val_ema=95.82 best_raw=96.20@597 best_ema=96.62@592 lr=0.00835 time=7.6s
[ultrawidescaledtail10_e750_s43] ep 609/750 train_loss=0.7761 val_raw=95.88 val_ema=96.42 best_raw=96.16@599 best_ema=96.58@599 lr=0.00858 time=7.4s
[ultrawidescaledtail10_e750_s45] ep 615/750 train_loss=0.8785 val_raw=95.88 val_ema=96.40 best_raw=96.24@614 best_ema=96.64@597 lr=0.00789 time=7.1s
[ultrawidescaledtail10_e750_s46] ep 618/750 train_loss=0.8526 val_raw=95.82 val_ema=96.20 best_raw=96.20@611 best_ema=96.44@587 lr=0.00755 time=7.6s
[ultrawidescaledtail10_e750_s42] ep 606/750 train_loss=0.8299 val_raw=95.98 val_ema=96.28 best_raw=96.18@603 best_ema=96.64@532 lr=0.00894 time=7.7s
[ultrawidescaledtail10_e750_s44] ep 606/750 train_loss=0.7914 val_raw=95.74 val_ema=96.34 best_raw=96.36@598 best_ema=96.52@581 lr=0.00894 time=7.6s
[ultrawidescaledtail10_e750_s48] ep 623/750 train_loss=0.7729 val_raw=95.84 val_ema=96.08 best_raw=96.14@557 best_ema=96.48@568 lr=0.00700 time=7.4s
[ultrawidescaledtail10_e750_s49] ep 606/750 train_loss=0.8443 val_raw=96.04 val_ema=96.54 best_raw=96.36@603 best_ema=96.76@604 lr=0.00894 time=7.5s
[ultrawidescaledtail10_e750_s47] ep 612/750 train_loss=0.8492 val_raw=96.00 val_ema=96.26 best_raw=96.20@597 best_ema=96.62@592 lr=0.00823 time=7.4s
[ultrawidescaledtail10_e750_s43] ep 610/750 train_loss=0.8536 val_raw=95.78 val_ema=96.46 best_raw=96.16@599 best_ema=96.58@599 lr=0.00846 time=7.3s
[ultrawidescaledtail10_e750_s46] ep 619/750 train_loss=0.8886 val_raw=96.26 val_ema=96.00 best_raw=96.26@619 best_ema=96.44@587 lr=0.00744 time=7.3s
[ultrawidescaledtail10_e750_s45] ep 616/750 train_loss=0.8449 val_raw=96.08 val_ema=96.36 best_raw=96.24@614 best_ema=96.64@597 lr=0.00777 time=7.6s
[ultrawidescaledtail10_e750_s42] ep 607/750 train_loss=0.8375 val_raw=95.76 val_ema=96.40 best_raw=96.18@603 best_ema=96.64@532 lr=0.00882 time=7.4s
[ultrawidescaledtail10_e750_s48] ep 624/750 train_loss=0.7974 val_raw=96.02 val_ema=96.14 best_raw=96.14@557 best_ema=96.48@568 lr=0.00689 time=7.2s
[ultrawidescaledtail10_e750_s44] ep 607/750 train_loss=0.8022 val_raw=95.84 val_ema=96.18 best_raw=96.36@598 best_ema=96.52@581 lr=0.00882 time=7.9s
[ultrawidescaledtail10_e750_s49] ep 607/750 train_loss=0.8504 val_raw=95.86 val_ema=96.32 best_raw=96.36@603 best_ema=96.76@604 lr=0.00882 time=7.4s
[ultrawidescaledtail10_e750_s47] ep 613/750 train_loss=0.8231 val_raw=96.20 val_ema=96.38 best_raw=96.20@597 best_ema=96.62@592 lr=0.00811 time=7.4s
[ultrawidescaledtail10_e750_s43] ep 611/750 train_loss=0.7618 val_raw=95.90 val_ema=96.54 best_raw=96.16@599 best_ema=96.58@599 lr=0.00835 time=7.2s
[ultrawidescaledtail10_e750_s45] ep 617/750 train_loss=0.7464 val_raw=95.78 val_ema=96.20 best_raw=96.24@614 best_ema=96.64@597 lr=0.00766 time=7.0s
[ultrawidescaledtail10_e750_s46] ep 620/750 train_loss=0.8701 val_raw=95.64 val_ema=96.02 best_raw=96.26@619 best_ema=96.44@587 lr=0.00733 time=7.5s
[ultrawidescaledtail10_e750_s42] ep 608/750 train_loss=0.8390 val_raw=95.84 val_ema=96.58 best_raw=96.18@603 best_ema=96.64@532 lr=0.00870 time=7.2s
[ultrawidescaledtail10_e750_s48] ep 625/750 train_loss=0.7802 val_raw=96.04 val_ema=95.90 best_raw=96.14@557 best_ema=96.48@568 lr=0.00679 time=7.4s
[ultrawidescaledtail10_e750_s44] ep 608/750 train_loss=0.7628 val_raw=95.78 val_ema=96.30 best_raw=96.36@598 best_ema=96.52@581 lr=0.00870 time=7.6s
[ultrawidescaledtail10_e750_s49] ep 608/750 train_loss=0.8066 val_raw=96.30 val_ema=96.60 best_raw=96.36@603 best_ema=96.76@604 lr=0.00870 time=7.5s
[ultrawidescaledtail10_e750_s47] ep 614/750 train_loss=0.8208 val_raw=96.14 val_ema=96.48 best_raw=96.20@597 best_ema=96.62@592 lr=0.00800 time=7.3s
[ultrawidescaledtail10_e750_s43] ep 612/750 train_loss=0.8307 val_raw=96.04 val_ema=96.22 best_raw=96.16@599 best_ema=96.58@599 lr=0.00823 time=7.6s
[ultrawidescaledtail10_e750_s45] ep 618/750 train_loss=0.8616 val_raw=95.82 val_ema=96.28 best_raw=96.24@614 best_ema=96.64@597 lr=0.00755 time=7.1s
[ultrawidescaledtail10_e750_s46] ep 621/750 train_loss=0.8377 val_raw=96.14 val_ema=96.06 best_raw=96.26@619 best_ema=96.44@587 lr=0.00722 time=7.3s
[ultrawidescaledtail10_e750_s42] ep 609/750 train_loss=0.8018 val_raw=96.10 val_ema=96.34 best_raw=96.18@603 best_ema=96.64@532 lr=0.00858 time=7.0s
[ultrawidescaledtail10_e750_s48] ep 626/750 train_loss=0.8111 val_raw=95.94 val_ema=96.20 best_raw=96.14@557 best_ema=96.48@568 lr=0.00668 time=7.2s
[ultrawidescaledtail10_e750_s44] ep 609/750 train_loss=0.8216 val_raw=95.46 val_ema=96.32 best_raw=96.36@598 best_ema=96.52@581 lr=0.00858 time=7.3s
[ultrawidescaledtail10_e750_s49] ep 609/750 train_loss=0.8203 val_raw=96.26 val_ema=96.50 best_raw=96.36@603 best_ema=96.76@604 lr=0.00858 time=7.1s
[ultrawidescaledtail10_e750_s47] ep 615/750 train_loss=0.8545 val_raw=96.02 val_ema=96.42 best_raw=96.20@597 best_ema=96.62@592 lr=0.00789 time=7.6s
[ultrawidescaledtail10_e750_s43] ep 613/750 train_loss=0.7941 val_raw=96.08 val_ema=96.30 best_raw=96.16@599 best_ema=96.58@599 lr=0.00811 time=7.4s
[ultrawidescaledtail10_e750_s45] ep 619/750 train_loss=0.8660 val_raw=95.54 val_ema=96.20 best_raw=96.24@614 best_ema=96.64@597 lr=0.00744 time=7.1s
[ultrawidescaledtail10_e750_s42] ep 610/750 train_loss=0.8061 val_raw=96.04 val_ema=96.46 best_raw=96.18@603 best_ema=96.64@532 lr=0.00846 time=7.0s
[ultrawidescaledtail10_e750_s46] ep 622/750 train_loss=0.8373 val_raw=96.14 val_ema=96.00 best_raw=96.26@619 best_ema=96.44@587 lr=0.00711 time=7.3s
[ultrawidescaledtail10_e750_s48] ep 627/750 train_loss=0.8291 val_raw=96.22 val_ema=96.42 best_raw=96.22@627 best_ema=96.48@568 lr=0.00658 time=7.2s
[ultrawidescaledtail10_e750_s44] ep 610/750 train_loss=0.8303 val_raw=95.84 val_ema=95.92 best_raw=96.36@598 best_ema=96.52@581 lr=0.00846 time=7.5s
[ultrawidescaledtail10_e750_s49] ep 610/750 train_loss=0.8221 val_raw=96.18 val_ema=96.56 best_raw=96.36@603 best_ema=96.76@604 lr=0.00846 time=7.5s
[ultrawidescaledtail10_e750_s47] ep 616/750 train_loss=0.8705 val_raw=95.76 val_ema=96.58 best_raw=96.20@597 best_ema=96.62@592 lr=0.00777 time=7.1s
[ultrawidescaledtail10_e750_s43] ep 614/750 train_loss=0.8045 val_raw=96.08 val_ema=96.50 best_raw=96.16@599 best_ema=96.58@599 lr=0.00800 time=7.7s
[ultrawidescaledtail10_e750_s45] ep 620/750 train_loss=0.7760 val_raw=95.70 val_ema=96.28 best_raw=96.24@614 best_ema=96.64@597 lr=0.00733 time=7.4s
[ultrawidescaledtail10_e750_s42] ep 611/750 train_loss=0.8230 val_raw=95.92 val_ema=96.18 best_raw=96.18@603 best_ema=96.64@532 lr=0.00835 time=7.5s
[ultrawidescaledtail10_e750_s46] ep 623/750 train_loss=0.8091 val_raw=96.04 val_ema=96.02 best_raw=96.26@619 best_ema=96.44@587 lr=0.00700 time=7.3s
[ultrawidescaledtail10_e750_s48] ep 628/750 train_loss=0.8026 val_raw=96.00 val_ema=96.12 best_raw=96.22@627 best_ema=96.48@568 lr=0.00647 time=7.2s
[ultrawidescaledtail10_e750_s44] ep 611/750 train_loss=0.8516 val_raw=96.18 val_ema=95.84 best_raw=96.36@598 best_ema=96.52@581 lr=0.00835 time=7.2s
[ultrawidescaledtail10_e750_s49] ep 611/750 train_loss=0.8484 val_raw=96.02 val_ema=96.78 best_raw=96.36@603 best_ema=96.78@611 lr=0.00835 time=7.4s
[ultrawidescaledtail10_e750_s47] ep 617/750 train_loss=0.8354 val_raw=96.14 val_ema=96.40 best_raw=96.20@597 best_ema=96.62@592 lr=0.00766 time=7.5s
[ultrawidescaledtail10_e750_s43] ep 615/750 train_loss=0.8160 val_raw=95.96 val_ema=96.34 best_raw=96.16@599 best_ema=96.58@599 lr=0.00789 time=7.2s
[ultrawidescaledtail10_e750_s45] ep 621/750 train_loss=0.8004 val_raw=96.08 val_ema=96.32 best_raw=96.24@614 best_ema=96.64@597 lr=0.00722 time=7.4s
[ultrawidescaledtail10_e750_s42] ep 612/750 train_loss=0.7762 val_raw=95.90 val_ema=96.34 best_raw=96.18@603 best_ema=96.64@532 lr=0.00823 time=7.3s
[ultrawidescaledtail10_e750_s46] ep 624/750 train_loss=0.7871 val_raw=95.82 val_ema=96.34 best_raw=96.26@619 best_ema=96.44@587 lr=0.00689 time=7.3s
[ultrawidescaledtail10_e750_s48] ep 629/750 train_loss=0.8254 val_raw=96.14 val_ema=96.20 best_raw=96.22@627 best_ema=96.48@568 lr=0.00637 time=7.3s
[ultrawidescaledtail10_e750_s44] ep 612/750 train_loss=0.7568 val_raw=95.92 val_ema=95.90 best_raw=96.36@598 best_ema=96.52@581 lr=0.00823 time=7.7s
[ultrawidescaledtail10_e750_s49] ep 612/750 train_loss=0.8353 val_raw=95.90 val_ema=96.58 best_raw=96.36@603 best_ema=96.78@611 lr=0.00823 time=7.5s
[ultrawidescaledtail10_e750_s47] ep 618/750 train_loss=0.8408 val_raw=96.26 val_ema=96.20 best_raw=96.26@618 best_ema=96.62@592 lr=0.00755 time=7.6s
[ultrawidescaledtail10_e750_s43] ep 616/750 train_loss=0.8000 val_raw=95.98 val_ema=96.48 best_raw=96.16@599 best_ema=96.58@599 lr=0.00777 time=7.0s
[ultrawidescaledtail10_e750_s45] ep 622/750 train_loss=0.7456 val_raw=96.16 val_ema=96.22 best_raw=96.24@614 best_ema=96.64@597 lr=0.00711 time=7.0s
[ultrawidescaledtail10_e750_s46] ep 625/750 train_loss=0.8150 val_raw=95.84 val_ema=96.24 best_raw=96.26@619 best_ema=96.44@587 lr=0.00679 time=7.2s
[ultrawidescaledtail10_e750_s42] ep 613/750 train_loss=0.7642 val_raw=95.94 val_ema=96.14 best_raw=96.18@603 best_ema=96.64@532 lr=0.00811 time=7.5s
[ultrawidescaledtail10_e750_s48] ep 630/750 train_loss=0.8871 val_raw=96.26 val_ema=96.18 best_raw=96.26@630 best_ema=96.48@568 lr=0.00627 time=7.1s
[ultrawidescaledtail10_e750_s44] ep 613/750 train_loss=0.7824 val_raw=95.66 val_ema=96.34 best_raw=96.36@598 best_ema=96.52@581 lr=0.00811 time=7.1s
[ultrawidescaledtail10_e750_s49] ep 613/750 train_loss=0.8553 val_raw=96.14 val_ema=96.78 best_raw=96.36@603 best_ema=96.78@611 lr=0.00811 time=7.4s
[ultrawidescaledtail10_e750_s47] ep 619/750 train_loss=0.8900 val_raw=95.64 val_ema=96.22 best_raw=96.26@618 best_ema=96.62@592 lr=0.00744 time=7.0s
[ultrawidescaledtail10_e750_s43] ep 617/750 train_loss=0.8038 val_raw=95.84 val_ema=96.38 best_raw=96.16@599 best_ema=96.58@599 lr=0.00766 time=7.4s
[ultrawidescaledtail10_e750_s45] ep 623/750 train_loss=0.8087 val_raw=96.08 val_ema=96.42 best_raw=96.24@614 best_ema=96.64@597 lr=0.00700 time=7.2s
[ultrawidescaledtail10_e750_s46] ep 626/750 train_loss=0.8050 val_raw=96.16 val_ema=95.98 best_raw=96.26@619 best_ema=96.44@587 lr=0.00668 time=7.1s
[ultrawidescaledtail10_e750_s42] ep 614/750 train_loss=0.7983 val_raw=95.82 val_ema=96.16 best_raw=96.18@603 best_ema=96.64@532 lr=0.00800 time=7.6s
[ultrawidescaledtail10_e750_s48] ep 631/750 train_loss=0.7467 val_raw=96.10 val_ema=96.22 best_raw=96.26@630 best_ema=96.48@568 lr=0.00616 time=7.3s
[ultrawidescaledtail10_e750_s44] ep 614/750 train_loss=0.9062 val_raw=95.72 val_ema=96.10 best_raw=96.36@598 best_ema=96.52@581 lr=0.00800 time=7.3s
[ultrawidescaledtail10_e750_s47] ep 620/750 train_loss=0.8061 val_raw=95.86 val_ema=96.18 best_raw=96.26@618 best_ema=96.62@592 lr=0.00733 time=7.4s
[ultrawidescaledtail10_e750_s49] ep 614/750 train_loss=0.8525 val_raw=96.02 val_ema=96.44 best_raw=96.36@603 best_ema=96.78@611 lr=0.00800 time=7.7s
[ultrawidescaledtail10_e750_s43] ep 618/750 train_loss=0.8189 val_raw=95.76 val_ema=96.54 best_raw=96.16@599 best_ema=96.58@599 lr=0.00755 time=7.6s
[ultrawidescaledtail10_e750_s45] ep 624/750 train_loss=0.8044 val_raw=96.28 val_ema=96.44 best_raw=96.28@624 best_ema=96.64@597 lr=0.00689 time=7.2s
[ultrawidescaledtail10_e750_s46] ep 627/750 train_loss=0.8208 val_raw=95.96 val_ema=96.26 best_raw=96.26@619 best_ema=96.44@587 lr=0.00658 time=7.5s
[ultrawidescaledtail10_e750_s42] ep 615/750 train_loss=0.7735 val_raw=96.06 val_ema=96.42 best_raw=96.18@603 best_ema=96.64@532 lr=0.00789 time=7.2s
[ultrawidescaledtail10_e750_s48] ep 632/750 train_loss=0.8487 val_raw=96.18 val_ema=96.46 best_raw=96.26@630 best_ema=96.48@568 lr=0.00606 time=7.2s
[ultrawidescaledtail10_e750_s44] ep 615/750 train_loss=0.8354 val_raw=95.68 val_ema=96.20 best_raw=96.36@598 best_ema=96.52@581 lr=0.00789 time=7.5s
[ultrawidescaledtail10_e750_s49] ep 615/750 train_loss=0.8314 val_raw=96.30 val_ema=96.28 best_raw=96.36@603 best_ema=96.78@611 lr=0.00789 time=7.1s
[ultrawidescaledtail10_e750_s47] ep 621/750 train_loss=0.8636 val_raw=96.14 val_ema=96.44 best_raw=96.26@618 best_ema=96.62@592 lr=0.00722 time=7.2s
[ultrawidescaledtail10_e750_s43] ep 619/750 train_loss=0.8878 val_raw=96.04 val_ema=96.70 best_raw=96.16@599 best_ema=96.70@619 lr=0.00744 time=7.6s
[ultrawidescaledtail10_e750_s45] ep 625/750 train_loss=0.8336 val_raw=96.00 val_ema=96.34 best_raw=96.28@624 best_ema=96.64@597 lr=0.00679 time=7.6s
[ultrawidescaledtail10_e750_s46] ep 628/750 train_loss=0.8386 val_raw=96.18 val_ema=96.28 best_raw=96.26@619 best_ema=96.44@587 lr=0.00647 time=7.1s
[ultrawidescaledtail10_e750_s42] ep 616/750 train_loss=0.8346 val_raw=95.94 val_ema=96.18 best_raw=96.18@603 best_ema=96.64@532 lr=0.00777 time=7.8s
[ultrawidescaledtail10_e750_s48] ep 633/750 train_loss=0.8161 val_raw=96.10 val_ema=96.00 best_raw=96.26@630 best_ema=96.48@568 lr=0.00596 time=7.1s
[ultrawidescaledtail10_e750_s44] ep 616/750 train_loss=0.7881 val_raw=95.84 val_ema=96.16 best_raw=96.36@598 best_ema=96.52@581 lr=0.00777 time=7.3s
[ultrawidescaledtail10_e750_s47] ep 622/750 train_loss=0.8269 val_raw=95.98 val_ema=96.28 best_raw=96.26@618 best_ema=96.62@592 lr=0.00711 time=7.3s
[ultrawidescaledtail10_e750_s49] ep 616/750 train_loss=0.8488 val_raw=96.18 val_ema=96.56 best_raw=96.36@603 best_ema=96.78@611 lr=0.00777 time=7.7s
[ultrawidescaledtail10_e750_s43] ep 620/750 train_loss=0.8589 val_raw=96.08 val_ema=96.34 best_raw=96.16@599 best_ema=96.70@619 lr=0.00733 time=7.1s
[ultrawidescaledtail10_e750_s45] ep 626/750 train_loss=0.8620 val_raw=96.04 val_ema=96.14 best_raw=96.28@624 best_ema=96.64@597 lr=0.00668 time=7.1s
[ultrawidescaledtail10_e750_s46] ep 629/750 train_loss=0.7905 val_raw=95.78 val_ema=96.14 best_raw=96.26@619 best_ema=96.44@587 lr=0.00637 time=7.3s
[ultrawidescaledtail10_e750_s48] ep 634/750 train_loss=0.8203 val_raw=96.22 val_ema=96.28 best_raw=96.26@630 best_ema=96.48@568 lr=0.00586 time=7.0s
[ultrawidescaledtail10_e750_s42] ep 617/750 train_loss=0.8659 val_raw=95.96 val_ema=96.28 best_raw=96.18@603 best_ema=96.64@532 lr=0.00766 time=7.5s
[ultrawidescaledtail10_e750_s44] ep 617/750 train_loss=0.8636 val_raw=95.84 val_ema=96.24 best_raw=96.36@598 best_ema=96.52@581 lr=0.00766 time=7.1s
[ultrawidescaledtail10_e750_s47] ep 623/750 train_loss=0.8276 val_raw=96.02 val_ema=96.40 best_raw=96.26@618 best_ema=96.62@592 lr=0.00700 time=7.3s
[ultrawidescaledtail10_e750_s49] ep 617/750 train_loss=0.8141 val_raw=96.18 val_ema=96.62 best_raw=96.36@603 best_ema=96.78@611 lr=0.00766 time=7.6s
[ultrawidescaledtail10_e750_s45] ep 627/750 train_loss=0.8428 val_raw=95.98 val_ema=96.36 best_raw=96.28@624 best_ema=96.64@597 lr=0.00658 time=7.6s
[ultrawidescaledtail10_e750_s43] ep 621/750 train_loss=0.8772 val_raw=96.12 val_ema=96.20 best_raw=96.16@599 best_ema=96.70@619 lr=0.00722 time=7.7s
[ultrawidescaledtail10_e750_s46] ep 630/750 train_loss=0.8000 val_raw=96.22 val_ema=96.24 best_raw=96.26@619 best_ema=96.44@587 lr=0.00627 time=7.6s
[ultrawidescaledtail10_e750_s48] ep 635/750 train_loss=0.7938 val_raw=96.08 val_ema=96.40 best_raw=96.26@630 best_ema=96.48@568 lr=0.00576 time=7.2s
[ultrawidescaledtail10_e750_s42] ep 618/750 train_loss=0.8525 val_raw=96.12 val_ema=96.26 best_raw=96.18@603 best_ema=96.64@532 lr=0.00755 time=7.2s
[ultrawidescaledtail10_e750_s44] ep 618/750 train_loss=0.8331 val_raw=96.00 val_ema=96.24 best_raw=96.36@598 best_ema=96.52@581 lr=0.00755 time=7.3s
[ultrawidescaledtail10_e750_s47] ep 624/750 train_loss=0.7901 val_raw=95.96 val_ema=96.38 best_raw=96.26@618 best_ema=96.62@592 lr=0.00689 time=7.2s
[ultrawidescaledtail10_e750_s49] ep 618/750 train_loss=0.8059 val_raw=96.24 val_ema=96.70 best_raw=96.36@603 best_ema=96.78@611 lr=0.00755 time=7.5s
[ultrawidescaledtail10_e750_s45] ep 628/750 train_loss=0.7396 val_raw=96.20 val_ema=96.48 best_raw=96.28@624 best_ema=96.64@597 lr=0.00647 time=7.1s
[ultrawidescaledtail10_e750_s43] ep 622/750 train_loss=0.8725 val_raw=96.18 val_ema=96.40 best_raw=96.18@622 best_ema=96.70@619 lr=0.00711 time=7.2s
[ultrawidescaledtail10_e750_s46] ep 631/750 train_loss=0.8746 val_raw=95.76 val_ema=96.18 best_raw=96.26@619 best_ema=96.44@587 lr=0.00616 time=7.1s
[ultrawidescaledtail10_e750_s48] ep 636/750 train_loss=0.8540 val_raw=95.94 val_ema=96.46 best_raw=96.26@630 best_ema=96.48@568 lr=0.00567 time=7.4s
[ultrawidescaledtail10_e750_s42] ep 619/750 train_loss=0.8057 val_raw=96.04 val_ema=96.32 best_raw=96.18@603 best_ema=96.64@532 lr=0.00744 time=7.8s
[ultrawidescaledtail10_e750_s44] ep 619/750 train_loss=0.7736 val_raw=95.94 val_ema=96.18 best_raw=96.36@598 best_ema=96.52@581 lr=0.00744 time=7.5s
[ultrawidescaledtail10_e750_s47] ep 625/750 train_loss=0.7888 val_raw=96.16 val_ema=96.52 best_raw=96.26@618 best_ema=96.62@592 lr=0.00679 time=7.0s
[ultrawidescaledtail10_e750_s45] ep 629/750 train_loss=0.7766 val_raw=96.16 val_ema=96.34 best_raw=96.28@624 best_ema=96.64@597 lr=0.00637 time=7.2s
[ultrawidescaledtail10_e750_s49] ep 619/750 train_loss=0.7667 val_raw=96.42 val_ema=96.12 best_raw=96.42@619 best_ema=96.78@611 lr=0.00744 time=7.5s
[ultrawidescaledtail10_e750_s43] ep 623/750 train_loss=0.8170 val_raw=96.14 val_ema=96.12 best_raw=96.18@622 best_ema=96.70@619 lr=0.00700 time=7.2s
[ultrawidescaledtail10_e750_s46] ep 632/750 train_loss=0.7935 val_raw=96.06 val_ema=96.28 best_raw=96.26@619 best_ema=96.44@587 lr=0.00606 time=7.5s
[ultrawidescaledtail10_e750_s48] ep 637/750 train_loss=0.8334 val_raw=96.22 val_ema=96.64 best_raw=96.26@630 best_ema=96.64@637 lr=0.00557 time=7.4s
[ultrawidescaledtail10_e750_s42] ep 620/750 train_loss=0.7719 val_raw=96.26 val_ema=96.38 best_raw=96.26@620 best_ema=96.64@532 lr=0.00733 time=7.5s
[ultrawidescaledtail10_e750_s44] ep 620/750 train_loss=0.8682 val_raw=95.88 val_ema=96.28 best_raw=96.36@598 best_ema=96.52@581 lr=0.00733 time=7.9s
[ultrawidescaledtail10_e750_s47] ep 626/750 train_loss=0.9242 val_raw=96.28 val_ema=96.52 best_raw=96.28@626 best_ema=96.62@592 lr=0.00668 time=7.7s
[ultrawidescaledtail10_e750_s45] ep 630/750 train_loss=0.8089 val_raw=95.86 val_ema=96.52 best_raw=96.28@624 best_ema=96.64@597 lr=0.00627 time=7.5s
[ultrawidescaledtail10_e750_s49] ep 620/750 train_loss=0.7862 val_raw=96.20 val_ema=96.74 best_raw=96.42@619 best_ema=96.78@611 lr=0.00733 time=7.4s
[ultrawidescaledtail10_e750_s43] ep 624/750 train_loss=0.8323 val_raw=96.32 val_ema=96.36 best_raw=96.32@624 best_ema=96.70@619 lr=0.00689 time=7.6s
[ultrawidescaledtail10_e750_s46] ep 633/750 train_loss=0.7708 val_raw=96.14 val_ema=96.48 best_raw=96.26@619 best_ema=96.48@633 lr=0.00596 time=7.2s
[ultrawidescaledtail10_e750_s48] ep 638/750 train_loss=0.7789 val_raw=95.90 val_ema=96.54 best_raw=96.26@630 best_ema=96.64@637 lr=0.00547 time=7.3s
[ultrawidescaledtail10_e750_s42] ep 621/750 train_loss=0.7883 val_raw=96.22 val_ema=96.44 best_raw=96.26@620 best_ema=96.64@532 lr=0.00722 time=7.3s
[ultrawidescaledtail10_e750_s44] ep 621/750 train_loss=0.7875 val_raw=95.90 val_ema=96.08 best_raw=96.36@598 best_ema=96.52@581 lr=0.00722 time=7.2s
[ultrawidescaledtail10_e750_s47] ep 627/750 train_loss=0.8578 val_raw=96.22 val_ema=96.26 best_raw=96.28@626 best_ema=96.62@592 lr=0.00658 time=7.8s
[ultrawidescaledtail10_e750_s49] ep 621/750 train_loss=0.8872 val_raw=96.28 val_ema=96.58 best_raw=96.42@619 best_ema=96.78@611 lr=0.00722 time=7.6s
[ultrawidescaledtail10_e750_s45] ep 631/750 train_loss=0.8301 val_raw=96.52 val_ema=96.50 best_raw=96.52@631 best_ema=96.64@597 lr=0.00616 time=7.6s
[ultrawidescaledtail10_e750_s43] ep 625/750 train_loss=0.7487 val_raw=95.94 val_ema=96.22 best_raw=96.32@624 best_ema=96.70@619 lr=0.00679 time=7.8s
[ultrawidescaledtail10_e750_s46] ep 634/750 train_loss=0.7488 val_raw=95.88 val_ema=96.34 best_raw=96.26@619 best_ema=96.48@633 lr=0.00586 time=7.4s
[ultrawidescaledtail10_e750_s48] ep 639/750 train_loss=0.8158 val_raw=96.06 val_ema=96.62 best_raw=96.26@630 best_ema=96.64@637 lr=0.00538 time=7.4s
[ultrawidescaledtail10_e750_s42] ep 622/750 train_loss=0.8020 val_raw=96.00 val_ema=96.48 best_raw=96.26@620 best_ema=96.64@532 lr=0.00711 time=7.5s
[ultrawidescaledtail10_e750_s44] ep 622/750 train_loss=0.8409 val_raw=95.78 val_ema=95.96 best_raw=96.36@598 best_ema=96.52@581 lr=0.00711 time=7.3s
[ultrawidescaledtail10_e750_s47] ep 628/750 train_loss=0.8302 val_raw=96.20 val_ema=96.44 best_raw=96.28@626 best_ema=96.62@592 lr=0.00647 time=7.5s
[ultrawidescaledtail10_e750_s45] ep 632/750 train_loss=0.7935 val_raw=96.00 val_ema=96.32 best_raw=96.52@631 best_ema=96.64@597 lr=0.00606 time=7.0s
[ultrawidescaledtail10_e750_s46] ep 635/750 train_loss=0.8384 val_raw=96.12 val_ema=96.36 best_raw=96.26@619 best_ema=96.48@633 lr=0.00576 time=7.1s
[ultrawidescaledtail10_e750_s49] ep 622/750 train_loss=0.7596 val_raw=96.10 val_ema=96.66 best_raw=96.42@619 best_ema=96.78@611 lr=0.00711 time=7.7s
[ultrawidescaledtail10_e750_s43] ep 626/750 train_loss=0.7914 val_raw=96.12 val_ema=96.24 best_raw=96.32@624 best_ema=96.70@619 lr=0.00668 time=7.5s
[ultrawidescaledtail10_e750_s48] ep 640/750 train_loss=0.7834 val_raw=96.40 val_ema=96.44 best_raw=96.40@640 best_ema=96.64@637 lr=0.00528 time=7.7s
[ultrawidescaledtail10_e750_s42] ep 623/750 train_loss=0.7875 val_raw=96.14 val_ema=96.30 best_raw=96.26@620 best_ema=96.64@532 lr=0.00700 time=7.2s
[ultrawidescaledtail10_e750_s44] ep 623/750 train_loss=0.8090 val_raw=96.14 val_ema=96.08 best_raw=96.36@598 best_ema=96.52@581 lr=0.00700 time=7.1s
[ultrawidescaledtail10_e750_s47] ep 629/750 train_loss=0.8405 val_raw=96.20 val_ema=96.30 best_raw=96.28@626 best_ema=96.62@592 lr=0.00637 time=7.6s
[ultrawidescaledtail10_e750_s45] ep 633/750 train_loss=0.7824 val_raw=96.04 val_ema=96.32 best_raw=96.52@631 best_ema=96.64@597 lr=0.00596 time=7.2s
[ultrawidescaledtail10_e750_s49] ep 623/750 train_loss=0.8552 val_raw=95.98 val_ema=96.18 best_raw=96.42@619 best_ema=96.78@611 lr=0.00700 time=7.0s
[ultrawidescaledtail10_e750_s46] ep 636/750 train_loss=0.8394 val_raw=95.96 val_ema=96.12 best_raw=96.26@619 best_ema=96.48@633 lr=0.00567 time=7.6s
[ultrawidescaledtail10_e750_s43] ep 627/750 train_loss=0.7952 val_raw=96.16 val_ema=96.32 best_raw=96.32@624 best_ema=96.70@619 lr=0.00658 time=8.1s
[ultrawidescaledtail10_e750_s48] ep 641/750 train_loss=0.7999 val_raw=96.20 val_ema=96.32 best_raw=96.40@640 best_ema=96.64@637 lr=0.00519 time=7.1s
[ultrawidescaledtail10_e750_s42] ep 624/750 train_loss=0.8182 val_raw=96.08 val_ema=96.40 best_raw=96.26@620 best_ema=96.64@532 lr=0.00689 time=7.7s
[ultrawidescaledtail10_e750_s44] ep 624/750 train_loss=0.9240 val_raw=95.94 val_ema=95.88 best_raw=96.36@598 best_ema=96.52@581 lr=0.00689 time=7.7s
[ultrawidescaledtail10_e750_s45] ep 634/750 train_loss=0.8449 val_raw=96.12 val_ema=96.40 best_raw=96.52@631 best_ema=96.64@597 lr=0.00586 time=7.5s
[ultrawidescaledtail10_e750_s47] ep 630/750 train_loss=0.7535 val_raw=96.22 val_ema=96.30 best_raw=96.28@626 best_ema=96.62@592 lr=0.00627 time=7.6s
[ultrawidescaledtail10_e750_s46] ep 637/750 train_loss=0.7448 val_raw=95.92 val_ema=96.44 best_raw=96.26@619 best_ema=96.48@633 lr=0.00557 time=7.5s
[ultrawidescaledtail10_e750_s49] ep 624/750 train_loss=0.7737 val_raw=96.26 val_ema=96.56 best_raw=96.42@619 best_ema=96.78@611 lr=0.00689 time=8.0s
[ultrawidescaledtail10_e750_s43] ep 628/750 train_loss=0.7856 val_raw=96.20 val_ema=96.38 best_raw=96.32@624 best_ema=96.70@619 lr=0.00647 time=7.4s
[ultrawidescaledtail10_e750_s48] ep 642/750 train_loss=0.7816 val_raw=95.86 val_ema=96.36 best_raw=96.40@640 best_ema=96.64@637 lr=0.00510 time=7.4s
[ultrawidescaledtail10_e750_s42] ep 625/750 train_loss=0.7929 val_raw=96.10 val_ema=96.36 best_raw=96.26@620 best_ema=96.64@532 lr=0.00679 time=7.7s
[ultrawidescaledtail10_e750_s44] ep 625/750 train_loss=0.8226 val_raw=95.92 val_ema=95.92 best_raw=96.36@598 best_ema=96.52@581 lr=0.00679 time=7.4s
[ultrawidescaledtail10_e750_s45] ep 635/750 train_loss=0.8147 val_raw=95.94 val_ema=96.34 best_raw=96.52@631 best_ema=96.64@597 lr=0.00576 time=7.2s
[ultrawidescaledtail10_e750_s47] ep 631/750 train_loss=0.8302 val_raw=96.28 val_ema=96.58 best_raw=96.28@626 best_ema=96.62@592 lr=0.00616 time=7.6s
[ultrawidescaledtail10_e750_s46] ep 638/750 train_loss=0.8426 val_raw=96.08 val_ema=96.46 best_raw=96.26@619 best_ema=96.48@633 lr=0.00547 time=7.1s
[ultrawidescaledtail10_e750_s49] ep 625/750 train_loss=0.8165 val_raw=95.94 val_ema=96.58 best_raw=96.42@619 best_ema=96.78@611 lr=0.00679 time=7.3s
[ultrawidescaledtail10_e750_s48] ep 643/750 train_loss=0.7845 val_raw=96.54 val_ema=96.36 best_raw=96.54@643 best_ema=96.64@637 lr=0.00500 time=7.1s
[ultrawidescaledtail10_e750_s43] ep 629/750 train_loss=0.8232 val_raw=96.10 val_ema=96.34 best_raw=96.32@624 best_ema=96.70@619 lr=0.00637 time=7.3s
[ultrawidescaledtail10_e750_s42] ep 626/750 train_loss=0.8336 val_raw=96.36 val_ema=96.50 best_raw=96.36@626 best_ema=96.64@532 lr=0.00668 time=7.1s
[ultrawidescaledtail10_e750_s44] ep 626/750 train_loss=0.7621 val_raw=96.00 val_ema=96.18 best_raw=96.36@598 best_ema=96.52@581 lr=0.00668 time=7.6s
[ultrawidescaledtail10_e750_s45] ep 636/750 train_loss=0.8272 val_raw=96.52 val_ema=96.54 best_raw=96.52@631 best_ema=96.64@597 lr=0.00567 time=7.2s
[ultrawidescaledtail10_e750_s46] ep 639/750 train_loss=0.8158 val_raw=96.10 val_ema=96.36 best_raw=96.26@619 best_ema=96.48@633 lr=0.00538 time=7.4s
[ultrawidescaledtail10_e750_s47] ep 632/750 train_loss=0.8616 val_raw=96.14 val_ema=96.46 best_raw=96.28@626 best_ema=96.62@592 lr=0.00606 time=7.8s
[ultrawidescaledtail10_e750_s49] ep 626/750 train_loss=0.8569 val_raw=96.22 val_ema=96.42 best_raw=96.42@619 best_ema=96.78@611 lr=0.00668 time=7.6s
[ultrawidescaledtail10_e750_s43] ep 630/750 train_loss=0.8079 val_raw=96.30 val_ema=96.60 best_raw=96.32@624 best_ema=96.70@619 lr=0.00627 time=7.2s
[ultrawidescaledtail10_e750_s48] ep 644/750 train_loss=0.8362 val_raw=96.28 val_ema=96.38 best_raw=96.54@643 best_ema=96.64@637 lr=0.00491 time=7.4s
[ultrawidescaledtail10_e750_s42] ep 627/750 train_loss=0.8167 val_raw=95.96 val_ema=96.46 best_raw=96.36@626 best_ema=96.64@532 lr=0.00658 time=7.6s
[ultrawidescaledtail10_e750_s44] ep 627/750 train_loss=0.7373 val_raw=95.92 val_ema=96.26 best_raw=96.36@598 best_ema=96.52@581 lr=0.00658 time=7.4s
[ultrawidescaledtail10_e750_s45] ep 637/750 train_loss=0.8273 val_raw=95.96 val_ema=96.42 best_raw=96.52@631 best_ema=96.64@597 lr=0.00557 time=7.6s
[ultrawidescaledtail10_e750_s47] ep 633/750 train_loss=0.8157 val_raw=96.28 val_ema=96.30 best_raw=96.28@626 best_ema=96.62@592 lr=0.00596 time=7.0s
[ultrawidescaledtail10_e750_s46] ep 640/750 train_loss=0.7691 val_raw=96.18 val_ema=96.18 best_raw=96.26@619 best_ema=96.48@633 lr=0.00528 time=7.3s
[ultrawidescaledtail10_e750_s49] ep 627/750 train_loss=0.8283 val_raw=96.04 val_ema=96.44 best_raw=96.42@619 best_ema=96.78@611 lr=0.00658 time=7.6s
[ultrawidescaledtail10_e750_s43] ep 631/750 train_loss=0.7891 val_raw=96.16 val_ema=96.34 best_raw=96.32@624 best_ema=96.70@619 lr=0.00616 time=7.7s
[ultrawidescaledtail10_e750_s48] ep 645/750 train_loss=0.8092 val_raw=96.04 val_ema=96.40 best_raw=96.54@643 best_ema=96.64@637 lr=0.00482 time=7.9s
[ultrawidescaledtail10_e750_s42] ep 628/750 train_loss=0.7478 val_raw=96.34 val_ema=96.60 best_raw=96.36@626 best_ema=96.64@532 lr=0.00647 time=7.6s
[ultrawidescaledtail10_e750_s44] ep 628/750 train_loss=0.8319 val_raw=96.06 val_ema=96.30 best_raw=96.36@598 best_ema=96.52@581 lr=0.00647 time=7.4s
[ultrawidescaledtail10_e750_s45] ep 638/750 train_loss=0.8881 val_raw=96.36 val_ema=96.36 best_raw=96.52@631 best_ema=96.64@597 lr=0.00547 time=7.0s
[ultrawidescaledtail10_e750_s46] ep 641/750 train_loss=0.8316 val_raw=95.98 val_ema=96.14 best_raw=96.26@619 best_ema=96.48@633 lr=0.00519 time=7.5s
[ultrawidescaledtail10_e750_s47] ep 634/750 train_loss=0.8297 val_raw=96.10 val_ema=96.60 best_raw=96.28@626 best_ema=96.62@592 lr=0.00586 time=7.8s
[ultrawidescaledtail10_e750_s49] ep 628/750 train_loss=0.7608 val_raw=96.12 val_ema=96.44 best_raw=96.42@619 best_ema=96.78@611 lr=0.00647 time=7.5s
[ultrawidescaledtail10_e750_s43] ep 632/750 train_loss=0.8612 val_raw=96.20 val_ema=96.18 best_raw=96.32@624 best_ema=96.70@619 lr=0.00606 time=7.3s
[ultrawidescaledtail10_e750_s48] ep 646/750 train_loss=0.8308 val_raw=96.08 val_ema=96.36 best_raw=96.54@643 best_ema=96.64@637 lr=0.00473 time=7.6s
[ultrawidescaledtail10_e750_s42] ep 629/750 train_loss=0.7671 val_raw=96.06 val_ema=96.56 best_raw=96.36@626 best_ema=96.64@532 lr=0.00637 time=7.5s
[ultrawidescaledtail10_e750_s44] ep 629/750 train_loss=0.7802 val_raw=95.86 val_ema=96.28 best_raw=96.36@598 best_ema=96.52@581 lr=0.00637 time=7.5s
[ultrawidescaledtail10_e750_s45] ep 639/750 train_loss=0.8266 val_raw=96.40 val_ema=96.62 best_raw=96.52@631 best_ema=96.64@597 lr=0.00538 time=7.4s
[ultrawidescaledtail10_e750_s46] ep 642/750 train_loss=0.7258 val_raw=96.08 val_ema=96.28 best_raw=96.26@619 best_ema=96.48@633 lr=0.00510 time=7.4s
[ultrawidescaledtail10_e750_s47] ep 635/750 train_loss=0.7904 val_raw=96.22 val_ema=96.48 best_raw=96.28@626 best_ema=96.62@592 lr=0.00576 time=7.4s
[ultrawidescaledtail10_e750_s43] ep 633/750 train_loss=0.8406 val_raw=96.28 val_ema=96.54 best_raw=96.32@624 best_ema=96.70@619 lr=0.00596 time=7.4s
[ultrawidescaledtail10_e750_s49] ep 629/750 train_loss=0.7966 val_raw=96.26 val_ema=96.26 best_raw=96.42@619 best_ema=96.78@611 lr=0.00637 time=7.7s
[ultrawidescaledtail10_e750_s48] ep 647/750 train_loss=0.7853 val_raw=95.98 val_ema=96.36 best_raw=96.54@643 best_ema=96.64@637 lr=0.00464 time=7.4s
[ultrawidescaledtail10_e750_s42] ep 630/750 train_loss=0.7820 val_raw=96.22 val_ema=96.48 best_raw=96.36@626 best_ema=96.64@532 lr=0.00627 time=7.6s
[ultrawidescaledtail10_e750_s44] ep 630/750 train_loss=0.8058 val_raw=95.96 val_ema=95.94 best_raw=96.36@598 best_ema=96.52@581 lr=0.00627 time=7.7s
[ultrawidescaledtail10_e750_s45] ep 640/750 train_loss=0.8344 val_raw=96.40 val_ema=96.62 best_raw=96.52@631 best_ema=96.64@597 lr=0.00528 time=7.6s
[ultrawidescaledtail10_e750_s46] ep 643/750 train_loss=0.8562 val_raw=96.02 val_ema=95.96 best_raw=96.26@619 best_ema=96.48@633 lr=0.00500 time=7.0s
[ultrawidescaledtail10_e750_s47] ep 636/750 train_loss=0.8030 val_raw=96.00 val_ema=96.38 best_raw=96.28@626 best_ema=96.62@592 lr=0.00567 time=7.3s
[ultrawidescaledtail10_e750_s43] ep 634/750 train_loss=0.8718 val_raw=96.10 val_ema=96.50 best_raw=96.32@624 best_ema=96.70@619 lr=0.00586 time=7.3s
[ultrawidescaledtail10_e750_s48] ep 648/750 train_loss=0.8244 val_raw=96.00 val_ema=96.42 best_raw=96.54@643 best_ema=96.64@637 lr=0.00455 time=7.1s
[ultrawidescaledtail10_e750_s49] ep 630/750 train_loss=0.8241 val_raw=96.32 val_ema=96.50 best_raw=96.42@619 best_ema=96.78@611 lr=0.00627 time=8.0s
[ultrawidescaledtail10_e750_s42] ep 631/750 train_loss=0.8531 val_raw=96.30 val_ema=96.44 best_raw=96.36@626 best_ema=96.64@532 lr=0.00616 time=7.2s
[ultrawidescaledtail10_e750_s44] ep 631/750 train_loss=0.8140 val_raw=95.86 val_ema=96.26 best_raw=96.36@598 best_ema=96.52@581 lr=0.00616 time=7.2s
[ultrawidescaledtail10_e750_s45] ep 641/750 train_loss=0.7946 val_raw=96.56 val_ema=96.32 best_raw=96.56@641 best_ema=96.64@597 lr=0.00519 time=7.1s
[ultrawidescaledtail10_e750_s46] ep 644/750 train_loss=0.7981 val_raw=96.12 val_ema=96.34 best_raw=96.26@619 best_ema=96.48@633 lr=0.00491 time=7.2s
[ultrawidescaledtail10_e750_s47] ep 637/750 train_loss=0.8111 val_raw=96.12 val_ema=96.34 best_raw=96.28@626 best_ema=96.62@592 lr=0.00557 time=7.2s
[ultrawidescaledtail10_e750_s43] ep 635/750 train_loss=0.7301 val_raw=96.24 val_ema=96.44 best_raw=96.32@624 best_ema=96.70@619 lr=0.00576 time=7.4s
[ultrawidescaledtail10_e750_s48] ep 649/750 train_loss=0.8355 val_raw=96.08 val_ema=96.46 best_raw=96.54@643 best_ema=96.64@637 lr=0.00447 time=7.1s
[ultrawidescaledtail10_e750_s49] ep 631/750 train_loss=0.8009 val_raw=96.36 val_ema=96.44 best_raw=96.42@619 best_ema=96.78@611 lr=0.00616 time=7.3s
[ultrawidescaledtail10_e750_s42] ep 632/750 train_loss=0.7807 val_raw=96.16 val_ema=96.42 best_raw=96.36@626 best_ema=96.64@532 lr=0.00606 time=7.6s
[ultrawidescaledtail10_e750_s44] ep 632/750 train_loss=0.8015 val_raw=96.20 val_ema=96.24 best_raw=96.36@598 best_ema=96.52@581 lr=0.00606 time=7.2s
[ultrawidescaledtail10_e750_s45] ep 642/750 train_loss=0.8005 val_raw=96.36 val_ema=96.50 best_raw=96.56@641 best_ema=96.64@597 lr=0.00510 time=7.6s
[ultrawidescaledtail10_e750_s47] ep 638/750 train_loss=0.8586 val_raw=95.98 val_ema=96.56 best_raw=96.28@626 best_ema=96.62@592 lr=0.00547 time=7.0s
[ultrawidescaledtail10_e750_s46] ep 645/750 train_loss=0.7554 val_raw=96.14 val_ema=96.28 best_raw=96.26@619 best_ema=96.48@633 lr=0.00482 time=7.7s
[ultrawidescaledtail10_e750_s48] ep 650/750 train_loss=0.7807 val_raw=96.28 val_ema=96.34 best_raw=96.54@643 best_ema=96.64@637 lr=0.00438 time=7.3s
[ultrawidescaledtail10_e750_s43] ep 636/750 train_loss=0.7960 val_raw=96.08 val_ema=96.54 best_raw=96.32@624 best_ema=96.70@619 lr=0.00567 time=7.6s
[ultrawidescaledtail10_e750_s49] ep 632/750 train_loss=0.8508 val_raw=96.38 val_ema=96.56 best_raw=96.42@619 best_ema=96.78@611 lr=0.00606 time=7.2s
[ultrawidescaledtail10_e750_s42] ep 633/750 train_loss=0.7791 val_raw=96.08 val_ema=96.38 best_raw=96.36@626 best_ema=96.64@532 lr=0.00596 time=7.2s
[ultrawidescaledtail10_e750_s44] ep 633/750 train_loss=0.7830 val_raw=96.24 val_ema=96.12 best_raw=96.36@598 best_ema=96.52@581 lr=0.00596 time=7.5s
[ultrawidescaledtail10_e750_s45] ep 643/750 train_loss=0.7637 val_raw=96.60 val_ema=96.58 best_raw=96.60@643 best_ema=96.64@597 lr=0.00500 time=7.2s
[ultrawidescaledtail10_e750_s46] ep 646/750 train_loss=0.8401 val_raw=96.10 val_ema=96.38 best_raw=96.26@619 best_ema=96.48@633 lr=0.00473 time=7.1s
[ultrawidescaledtail10_e750_s47] ep 639/750 train_loss=0.7522 val_raw=95.92 val_ema=96.54 best_raw=96.28@626 best_ema=96.62@592 lr=0.00538 time=7.4s
[ultrawidescaledtail10_e750_s48] ep 651/750 train_loss=0.7873 val_raw=96.18 val_ema=96.38 best_raw=96.54@643 best_ema=96.64@637 lr=0.00429 time=7.1s
[ultrawidescaledtail10_e750_s43] ep 637/750 train_loss=0.8155 val_raw=96.06 val_ema=96.36 best_raw=96.32@624 best_ema=96.70@619 lr=0.00557 time=7.5s
[ultrawidescaledtail10_e750_s49] ep 633/750 train_loss=0.7922 val_raw=96.38 val_ema=96.60 best_raw=96.42@619 best_ema=96.78@611 lr=0.00596 time=7.4s
[ultrawidescaledtail10_e750_s42] ep 634/750 train_loss=0.7911 val_raw=96.30 val_ema=96.54 best_raw=96.36@626 best_ema=96.64@532 lr=0.00586 time=7.3s
[ultrawidescaledtail10_e750_s44] ep 634/750 train_loss=0.7413 val_raw=96.10 val_ema=96.42 best_raw=96.36@598 best_ema=96.52@581 lr=0.00586 time=7.3s
[ultrawidescaledtail10_e750_s45] ep 644/750 train_loss=0.7857 val_raw=96.30 val_ema=96.68 best_raw=96.60@643 best_ema=96.68@644 lr=0.00491 time=7.2s
[ultrawidescaledtail10_e750_s46] ep 647/750 train_loss=0.7418 val_raw=96.20 val_ema=96.12 best_raw=96.26@619 best_ema=96.48@633 lr=0.00464 time=7.5s
[ultrawidescaledtail10_e750_s47] ep 640/750 train_loss=0.8306 val_raw=96.36 val_ema=96.70 best_raw=96.36@640 best_ema=96.70@640 lr=0.00528 time=7.5s
[ultrawidescaledtail10_e750_s48] ep 652/750 train_loss=0.8086 val_raw=96.18 val_ema=96.54 best_raw=96.54@643 best_ema=96.64@637 lr=0.00421 time=7.1s
[ultrawidescaledtail10_e750_s43] ep 638/750 train_loss=0.8126 val_raw=96.04 val_ema=96.18 best_raw=96.32@624 best_ema=96.70@619 lr=0.00547 time=7.4s
[ultrawidescaledtail10_e750_s49] ep 634/750 train_loss=0.8211 val_raw=96.30 val_ema=96.78 best_raw=96.42@619 best_ema=96.78@611 lr=0.00586 time=7.4s
[ultrawidescaledtail10_e750_s42] ep 635/750 train_loss=0.7571 val_raw=96.14 val_ema=96.20 best_raw=96.36@626 best_ema=96.64@532 lr=0.00576 time=7.4s
[ultrawidescaledtail10_e750_s44] ep 635/750 train_loss=0.8273 val_raw=96.18 val_ema=96.26 best_raw=96.36@598 best_ema=96.52@581 lr=0.00576 time=7.7s
[ultrawidescaledtail10_e750_s45] ep 645/750 train_loss=0.8122 val_raw=96.42 val_ema=96.52 best_raw=96.60@643 best_ema=96.68@644 lr=0.00482 time=7.2s
[ultrawidescaledtail10_e750_s46] ep 648/750 train_loss=0.8188 val_raw=96.14 val_ema=96.12 best_raw=96.26@619 best_ema=96.48@633 lr=0.00455 time=7.4s
[ultrawidescaledtail10_e750_s47] ep 641/750 train_loss=0.8075 val_raw=96.16 val_ema=96.66 best_raw=96.36@640 best_ema=96.70@640 lr=0.00519 time=7.8s
[ultrawidescaledtail10_e750_s48] ep 653/750 train_loss=0.8182 val_raw=96.28 val_ema=96.44 best_raw=96.54@643 best_ema=96.64@637 lr=0.00412 time=7.3s
[ultrawidescaledtail10_e750_s43] ep 639/750 train_loss=0.7915 val_raw=96.04 val_ema=96.28 best_raw=96.32@624 best_ema=96.70@619 lr=0.00538 time=7.1s
[ultrawidescaledtail10_e750_s49] ep 635/750 train_loss=0.8118 val_raw=96.14 val_ema=96.62 best_raw=96.42@619 best_ema=96.78@611 lr=0.00576 time=7.6s
[ultrawidescaledtail10_e750_s42] ep 636/750 train_loss=0.7931 val_raw=96.14 val_ema=96.48 best_raw=96.36@626 best_ema=96.64@532 lr=0.00567 time=7.1s
[ultrawidescaledtail10_e750_s44] ep 636/750 train_loss=0.7906 val_raw=95.90 val_ema=96.34 best_raw=96.36@598 best_ema=96.52@581 lr=0.00567 time=7.5s
[ultrawidescaledtail10_e750_s45] ep 646/750 train_loss=0.7579 val_raw=96.38 val_ema=96.60 best_raw=96.60@643 best_ema=96.68@644 lr=0.00473 time=7.1s
[ultrawidescaledtail10_e750_s48] ep 654/750 train_loss=0.7009 val_raw=96.18 val_ema=96.58 best_raw=96.54@643 best_ema=96.64@637 lr=0.00404 time=7.1s
[ultrawidescaledtail10_e750_s46] ep 649/750 train_loss=0.8111 val_raw=96.14 val_ema=95.86 best_raw=96.26@619 best_ema=96.48@633 lr=0.00447 time=7.7s
[ultrawidescaledtail10_e750_s47] ep 642/750 train_loss=0.7397 val_raw=96.28 val_ema=96.46 best_raw=96.36@640 best_ema=96.70@640 lr=0.00510 time=7.6s
[ultrawidescaledtail10_e750_s43] ep 640/750 train_loss=0.8082 val_raw=96.04 val_ema=96.24 best_raw=96.32@624 best_ema=96.70@619 lr=0.00528 time=7.4s
[ultrawidescaledtail10_e750_s49] ep 636/750 train_loss=0.8010 val_raw=96.22 val_ema=96.36 best_raw=96.42@619 best_ema=96.78@611 lr=0.00567 time=7.7s
[ultrawidescaledtail10_e750_s42] ep 637/750 train_loss=0.8240 val_raw=96.20 val_ema=96.56 best_raw=96.36@626 best_ema=96.64@532 lr=0.00557 time=7.2s
[ultrawidescaledtail10_e750_s44] ep 637/750 train_loss=0.8630 val_raw=96.26 val_ema=96.18 best_raw=96.36@598 best_ema=96.52@581 lr=0.00557 time=7.2s
[ultrawidescaledtail10_e750_s45] ep 647/750 train_loss=0.8171 val_raw=96.50 val_ema=96.72 best_raw=96.60@643 best_ema=96.72@647 lr=0.00464 time=7.4s
[ultrawidescaledtail10_e750_s47] ep 643/750 train_loss=0.8327 val_raw=96.24 val_ema=96.58 best_raw=96.36@640 best_ema=96.70@640 lr=0.00500 time=7.0s
[ultrawidescaledtail10_e750_s48] ep 655/750 train_loss=0.8125 val_raw=96.12 val_ema=96.30 best_raw=96.54@643 best_ema=96.64@637 lr=0.00396 time=7.5s
[ultrawidescaledtail10_e750_s46] ep 650/750 train_loss=0.8346 val_raw=96.30 val_ema=96.22 best_raw=96.30@650 best_ema=96.48@633 lr=0.00438 time=7.6s
[ultrawidescaledtail10_e750_s43] ep 641/750 train_loss=0.7904 val_raw=96.32 val_ema=96.40 best_raw=96.32@624 best_ema=96.70@619 lr=0.00519 time=7.6s
[ultrawidescaledtail10_e750_s49] ep 637/750 train_loss=0.8474 val_raw=96.14 val_ema=96.64 best_raw=96.42@619 best_ema=96.78@611 lr=0.00557 time=7.8s
[ultrawidescaledtail10_e750_s42] ep 638/750 train_loss=0.7805 val_raw=96.38 val_ema=96.52 best_raw=96.38@638 best_ema=96.64@532 lr=0.00547 time=7.8s
[ultrawidescaledtail10_e750_s44] ep 638/750 train_loss=0.7922 val_raw=96.04 val_ema=96.30 best_raw=96.36@598 best_ema=96.52@581 lr=0.00547 time=7.4s
[ultrawidescaledtail10_e750_s45] ep 648/750 train_loss=0.8219 val_raw=96.18 val_ema=96.82 best_raw=96.60@643 best_ema=96.82@648 lr=0.00455 time=7.2s
[ultrawidescaledtail10_e750_s48] ep 656/750 train_loss=0.8369 val_raw=96.52 val_ema=96.42 best_raw=96.54@643 best_ema=96.64@637 lr=0.00388 time=7.1s
[ultrawidescaledtail10_e750_s46] ep 651/750 train_loss=0.8342 val_raw=96.24 val_ema=96.06 best_raw=96.30@650 best_ema=96.48@633 lr=0.00429 time=7.0s
[ultrawidescaledtail10_e750_s47] ep 644/750 train_loss=0.7845 val_raw=96.30 val_ema=96.62 best_raw=96.36@640 best_ema=96.70@640 lr=0.00491 time=7.6s
[ultrawidescaledtail10_e750_s43] ep 642/750 train_loss=0.8169 val_raw=96.10 val_ema=96.44 best_raw=96.32@624 best_ema=96.70@619 lr=0.00510 time=7.4s
[ultrawidescaledtail10_e750_s42] ep 639/750 train_loss=0.8888 val_raw=96.36 val_ema=96.60 best_raw=96.38@638 best_ema=96.64@532 lr=0.00538 time=7.5s
[ultrawidescaledtail10_e750_s49] ep 638/750 train_loss=0.8626 val_raw=96.34 val_ema=96.44 best_raw=96.42@619 best_ema=96.78@611 lr=0.00547 time=7.7s
[ultrawidescaledtail10_e750_s44] ep 639/750 train_loss=0.8067 val_raw=96.02 val_ema=96.46 best_raw=96.36@598 best_ema=96.52@581 lr=0.00538 time=7.9s
[ultrawidescaledtail10_e750_s45] ep 649/750 train_loss=0.8061 val_raw=96.24 val_ema=96.78 best_raw=96.60@643 best_ema=96.82@648 lr=0.00447 time=7.3s
[ultrawidescaledtail10_e750_s46] ep 652/750 train_loss=0.8246 val_raw=96.20 val_ema=96.30 best_raw=96.30@650 best_ema=96.48@633 lr=0.00421 time=7.0s
[ultrawidescaledtail10_e750_s48] ep 657/750 train_loss=0.8537 val_raw=96.30 val_ema=96.38 best_raw=96.54@643 best_ema=96.64@637 lr=0.00380 time=7.1s
[ultrawidescaledtail10_e750_s47] ep 645/750 train_loss=0.8115 val_raw=96.52 val_ema=96.52 best_raw=96.52@645 best_ema=96.70@640 lr=0.00482 time=7.4s
[ultrawidescaledtail10_e750_s43] ep 643/750 train_loss=0.8008 val_raw=96.18 val_ema=96.46 best_raw=96.32@624 best_ema=96.70@619 lr=0.00500 time=7.3s
[ultrawidescaledtail10_e750_s42] ep 640/750 train_loss=0.7554 val_raw=96.32 val_ema=96.44 best_raw=96.38@638 best_ema=96.64@532 lr=0.00528 time=7.4s
[ultrawidescaledtail10_e750_s49] ep 639/750 train_loss=0.7401 val_raw=96.12 val_ema=96.58 best_raw=96.42@619 best_ema=96.78@611 lr=0.00538 time=7.5s
[ultrawidescaledtail10_e750_s45] ep 650/750 train_loss=0.8248 val_raw=96.16 val_ema=96.60 best_raw=96.60@643 best_ema=96.82@648 lr=0.00438 time=7.1s
[ultrawidescaledtail10_e750_s44] ep 640/750 train_loss=0.8587 val_raw=96.18 val_ema=96.36 best_raw=96.36@598 best_ema=96.52@581 lr=0.00528 time=7.6s
[ultrawidescaledtail10_e750_s46] ep 653/750 train_loss=0.8272 val_raw=96.28 val_ema=96.26 best_raw=96.30@650 best_ema=96.48@633 lr=0.00412 time=7.1s
[ultrawidescaledtail10_e750_s48] ep 658/750 train_loss=0.7876 val_raw=96.16 val_ema=96.30 best_raw=96.54@643 best_ema=96.64@637 lr=0.00372 time=7.2s
[ultrawidescaledtail10_e750_s47] ep 646/750 train_loss=0.8324 val_raw=96.10 val_ema=96.64 best_raw=96.52@645 best_ema=96.70@640 lr=0.00473 time=7.2s
[ultrawidescaledtail10_e750_s43] ep 644/750 train_loss=0.8426 val_raw=96.26 val_ema=96.40 best_raw=96.32@624 best_ema=96.70@619 lr=0.00491 time=7.5s
[ultrawidescaledtail10_e750_s42] ep 641/750 train_loss=0.8312 val_raw=96.26 val_ema=96.50 best_raw=96.38@638 best_ema=96.64@532 lr=0.00519 time=7.1s
[ultrawidescaledtail10_e750_s49] ep 640/750 train_loss=0.8141 val_raw=96.08 val_ema=96.60 best_raw=96.42@619 best_ema=96.78@611 lr=0.00528 time=7.1s
[ultrawidescaledtail10_e750_s45] ep 651/750 train_loss=0.8709 val_raw=96.34 val_ema=96.48 best_raw=96.60@643 best_ema=96.82@648 lr=0.00429 time=7.1s
[ultrawidescaledtail10_e750_s44] ep 641/750 train_loss=0.8374 val_raw=96.20 val_ema=96.30 best_raw=96.36@598 best_ema=96.52@581 lr=0.00519 time=7.3s
[ultrawidescaledtail10_e750_s48] ep 659/750 train_loss=0.8297 val_raw=96.38 val_ema=96.36 best_raw=96.54@643 best_ema=96.64@637 lr=0.00364 time=7.1s
[ultrawidescaledtail10_e750_s46] ep 654/750 train_loss=0.8492 val_raw=96.26 val_ema=96.16 best_raw=96.30@650 best_ema=96.48@633 lr=0.00404 time=7.3s
[ultrawidescaledtail10_e750_s47] ep 647/750 train_loss=0.8200 val_raw=96.22 val_ema=96.54 best_raw=96.52@645 best_ema=96.70@640 lr=0.00464 time=7.5s
[ultrawidescaledtail10_e750_s43] ep 645/750 train_loss=0.8136 val_raw=96.28 val_ema=96.38 best_raw=96.32@624 best_ema=96.70@619 lr=0.00482 time=7.6s
[ultrawidescaledtail10_e750_s42] ep 642/750 train_loss=0.8249 val_raw=96.10 val_ema=96.46 best_raw=96.38@638 best_ema=96.64@532 lr=0.00510 time=7.4s
[ultrawidescaledtail10_e750_s49] ep 641/750 train_loss=0.8362 val_raw=96.26 val_ema=96.42 best_raw=96.42@619 best_ema=96.78@611 lr=0.00519 time=7.4s
[ultrawidescaledtail10_e750_s45] ep 652/750 train_loss=0.8075 val_raw=96.26 val_ema=96.42 best_raw=96.60@643 best_ema=96.82@648 lr=0.00421 time=7.2s
[ultrawidescaledtail10_e750_s44] ep 642/750 train_loss=0.8086 val_raw=95.94 val_ema=96.04 best_raw=96.36@598 best_ema=96.52@581 lr=0.00510 time=7.1s
[ultrawidescaledtail10_e750_s48] ep 660/750 train_loss=0.7819 val_raw=96.04 val_ema=96.22 best_raw=96.54@643 best_ema=96.64@637 lr=0.00356 time=7.1s
[ultrawidescaledtail10_e750_s46] ep 655/750 train_loss=0.8201 val_raw=96.60 val_ema=96.16 best_raw=96.60@655 best_ema=96.48@633 lr=0.00396 time=7.6s
[ultrawidescaledtail10_e750_s47] ep 648/750 train_loss=0.7962 val_raw=96.16 val_ema=96.76 best_raw=96.52@645 best_ema=96.76@648 lr=0.00455 time=7.4s
[ultrawidescaledtail10_e750_s43] ep 646/750 train_loss=0.7615 val_raw=96.38 val_ema=96.34 best_raw=96.38@646 best_ema=96.70@619 lr=0.00473 time=7.3s
[ultrawidescaledtail10_e750_s42] ep 643/750 train_loss=0.7745 val_raw=96.30 val_ema=96.42 best_raw=96.38@638 best_ema=96.64@532 lr=0.00500 time=7.2s
[ultrawidescaledtail10_e750_s49] ep 642/750 train_loss=0.8320 val_raw=96.26 val_ema=96.58 best_raw=96.42@619 best_ema=96.78@611 lr=0.00510 time=7.7s
[ultrawidescaledtail10_e750_s45] ep 653/750 train_loss=0.7860 val_raw=96.60 val_ema=96.58 best_raw=96.60@643 best_ema=96.82@648 lr=0.00412 time=7.1s
[ultrawidescaledtail10_e750_s44] ep 643/750 train_loss=0.7643 val_raw=96.30 val_ema=96.36 best_raw=96.36@598 best_ema=96.52@581 lr=0.00500 time=7.1s
[ultrawidescaledtail10_e750_s48] ep 661/750 train_loss=0.8542 val_raw=96.36 val_ema=96.34 best_raw=96.54@643 best_ema=96.64@637 lr=0.00348 time=7.3s
[ultrawidescaledtail10_e750_s46] ep 656/750 train_loss=0.8061 val_raw=96.36 val_ema=96.38 best_raw=96.60@655 best_ema=96.48@633 lr=0.00388 time=7.6s
[ultrawidescaledtail10_e750_s47] ep 649/750 train_loss=0.7565 val_raw=95.86 val_ema=96.72 best_raw=96.52@645 best_ema=96.76@648 lr=0.00447 time=7.0s
[ultrawidescaledtail10_e750_s43] ep 647/750 train_loss=0.7992 val_raw=96.24 val_ema=96.38 best_raw=96.38@646 best_ema=96.70@619 lr=0.00464 time=7.0s
[ultrawidescaledtail10_e750_s42] ep 644/750 train_loss=0.8007 val_raw=96.16 val_ema=96.48 best_raw=96.38@638 best_ema=96.64@532 lr=0.00491 time=7.5s
[ultrawidescaledtail10_e750_s49] ep 643/750 train_loss=0.7544 val_raw=96.44 val_ema=96.50 best_raw=96.44@643 best_ema=96.78@611 lr=0.00500 time=7.4s
[ultrawidescaledtail10_e750_s45] ep 654/750 train_loss=0.8250 val_raw=96.38 val_ema=96.68 best_raw=96.60@643 best_ema=96.82@648 lr=0.00404 time=7.1s
[ultrawidescaledtail10_e750_s44] ep 644/750 train_loss=0.8194 val_raw=95.90 val_ema=96.16 best_raw=96.36@598 best_ema=96.52@581 lr=0.00491 time=7.1s
[ultrawidescaledtail10_e750_s48] ep 662/750 train_loss=0.7858 val_raw=96.50 val_ema=96.22 best_raw=96.54@643 best_ema=96.64@637 lr=0.00340 time=7.2s
[ultrawidescaledtail10_e750_s46] ep 657/750 train_loss=0.7564 val_raw=96.40 val_ema=96.36 best_raw=96.60@655 best_ema=96.48@633 lr=0.00380 time=7.6s
[ultrawidescaledtail10_e750_s47] ep 650/750 train_loss=0.7858 val_raw=96.34 val_ema=96.68 best_raw=96.52@645 best_ema=96.76@648 lr=0.00438 time=7.7s
[ultrawidescaledtail10_e750_s43] ep 648/750 train_loss=0.7535 val_raw=96.32 val_ema=96.54 best_raw=96.38@646 best_ema=96.70@619 lr=0.00455 time=7.1s
[ultrawidescaledtail10_e750_s42] ep 645/750 train_loss=0.8733 val_raw=96.24 val_ema=96.40 best_raw=96.38@638 best_ema=96.64@532 lr=0.00482 time=7.1s
[ultrawidescaledtail10_e750_s49] ep 644/750 train_loss=0.8094 val_raw=96.34 val_ema=96.46 best_raw=96.44@643 best_ema=96.78@611 lr=0.00491 time=7.1s
[ultrawidescaledtail10_e750_s45] ep 655/750 train_loss=0.8164 val_raw=96.36 val_ema=96.76 best_raw=96.60@643 best_ema=96.82@648 lr=0.00396 time=7.1s
[ultrawidescaledtail10_e750_s44] ep 645/750 train_loss=0.8145 val_raw=96.16 val_ema=96.12 best_raw=96.36@598 best_ema=96.52@581 lr=0.00482 time=7.6s
[ultrawidescaledtail10_e750_s48] ep 663/750 train_loss=0.8690 val_raw=96.48 val_ema=96.56 best_raw=96.54@643 best_ema=96.64@637 lr=0.00333 time=7.1s
[ultrawidescaledtail10_e750_s46] ep 658/750 train_loss=0.8176 val_raw=96.26 val_ema=96.28 best_raw=96.60@655 best_ema=96.48@633 lr=0.00372 time=7.4s
[ultrawidescaledtail10_e750_s47] ep 651/750 train_loss=0.7889 val_raw=96.22 val_ema=96.46 best_raw=96.52@645 best_ema=96.76@648 lr=0.00429 time=7.6s
[ultrawidescaledtail10_e750_s43] ep 649/750 train_loss=0.7938 val_raw=96.24 val_ema=96.46 best_raw=96.38@646 best_ema=96.70@619 lr=0.00447 time=7.2s
[ultrawidescaledtail10_e750_s42] ep 646/750 train_loss=0.8342 val_raw=96.12 val_ema=96.28 best_raw=96.38@638 best_ema=96.64@532 lr=0.00473 time=7.0s
[ultrawidescaledtail10_e750_s49] ep 645/750 train_loss=0.8150 val_raw=96.28 val_ema=96.48 best_raw=96.44@643 best_ema=96.78@611 lr=0.00482 time=7.8s
[ultrawidescaledtail10_e750_s45] ep 656/750 train_loss=0.8339 val_raw=96.28 val_ema=96.62 best_raw=96.60@643 best_ema=96.82@648 lr=0.00388 time=7.0s
[ultrawidescaledtail10_e750_s44] ep 646/750 train_loss=0.8417 val_raw=96.14 val_ema=96.12 best_raw=96.36@598 best_ema=96.52@581 lr=0.00473 time=7.9s
[ultrawidescaledtail10_e750_s48] ep 664/750 train_loss=0.8226 val_raw=96.36 val_ema=96.38 best_raw=96.54@643 best_ema=96.64@637 lr=0.00325 time=7.4s
[ultrawidescaledtail10_e750_s46] ep 659/750 train_loss=0.7621 val_raw=96.38 val_ema=96.40 best_raw=96.60@655 best_ema=96.48@633 lr=0.00364 time=7.6s
[ultrawidescaledtail10_e750_s47] ep 652/750 train_loss=0.8316 val_raw=96.24 val_ema=96.38 best_raw=96.52@645 best_ema=96.76@648 lr=0.00421 time=7.3s
[ultrawidescaledtail10_e750_s43] ep 650/750 train_loss=0.7817 val_raw=96.10 val_ema=96.40 best_raw=96.38@646 best_ema=96.70@619 lr=0.00438 time=7.2s
[ultrawidescaledtail10_e750_s42] ep 647/750 train_loss=0.7891 val_raw=96.20 val_ema=96.34 best_raw=96.38@638 best_ema=96.64@532 lr=0.00464 time=7.5s
[ultrawidescaledtail10_e750_s49] ep 646/750 train_loss=0.7817 val_raw=96.30 val_ema=96.44 best_raw=96.44@643 best_ema=96.78@611 lr=0.00473 time=7.4s
[ultrawidescaledtail10_e750_s45] ep 657/750 train_loss=0.7940 val_raw=96.24 val_ema=96.68 best_raw=96.60@643 best_ema=96.82@648 lr=0.00380 time=7.3s
[ultrawidescaledtail10_e750_s44] ep 647/750 train_loss=0.7230 val_raw=96.32 val_ema=96.20 best_raw=96.36@598 best_ema=96.52@581 lr=0.00464 time=7.1s
[ultrawidescaledtail10_e750_s48] ep 665/750 train_loss=0.7948 val_raw=96.42 val_ema=96.44 best_raw=96.54@643 best_ema=96.64@637 lr=0.00318 time=7.6s
[ultrawidescaledtail10_e750_s47] ep 653/750 train_loss=0.8091 val_raw=96.04 val_ema=96.58 best_raw=96.52@645 best_ema=96.76@648 lr=0.00412 time=7.2s
[ultrawidescaledtail10_e750_s46] ep 660/750 train_loss=0.8454 val_raw=96.40 val_ema=96.52 best_raw=96.60@655 best_ema=96.52@660 lr=0.00356 time=7.6s
[ultrawidescaledtail10_e750_s43] ep 651/750 train_loss=0.8440 val_raw=96.08 val_ema=96.28 best_raw=96.38@646 best_ema=96.70@619 lr=0.00429 time=7.5s
[ultrawidescaledtail10_e750_s42] ep 648/750 train_loss=0.8166 val_raw=96.40 val_ema=96.54 best_raw=96.40@648 best_ema=96.64@532 lr=0.00455 time=7.8s
[ultrawidescaledtail10_e750_s49] ep 647/750 train_loss=0.8670 val_raw=96.44 val_ema=96.32 best_raw=96.44@643 best_ema=96.78@611 lr=0.00464 time=7.4s
[ultrawidescaledtail10_e750_s45] ep 658/750 train_loss=0.7867 val_raw=96.28 val_ema=96.66 best_raw=96.60@643 best_ema=96.82@648 lr=0.00372 time=7.1s
[ultrawidescaledtail10_e750_s44] ep 648/750 train_loss=0.8581 val_raw=96.26 val_ema=96.28 best_raw=96.36@598 best_ema=96.52@581 lr=0.00455 time=7.5s
[ultrawidescaledtail10_e750_s48] ep 666/750 train_loss=0.7944 val_raw=96.24 val_ema=96.50 best_raw=96.54@643 best_ema=96.64@637 lr=0.00310 time=7.2s
[ultrawidescaledtail10_e750_s47] ep 654/750 train_loss=0.8433 val_raw=96.36 val_ema=96.42 best_raw=96.52@645 best_ema=96.76@648 lr=0.00404 time=7.5s
[ultrawidescaledtail10_e750_s43] ep 652/750 train_loss=0.8257 val_raw=96.28 val_ema=96.42 best_raw=96.38@646 best_ema=96.70@619 lr=0.00421 time=7.4s
[ultrawidescaledtail10_e750_s46] ep 661/750 train_loss=0.7726 val_raw=96.22 val_ema=96.18 best_raw=96.60@655 best_ema=96.52@660 lr=0.00348 time=7.7s
[ultrawidescaledtail10_e750_s42] ep 649/750 train_loss=0.8452 val_raw=96.22 val_ema=96.36 best_raw=96.40@648 best_ema=96.64@532 lr=0.00447 time=7.3s
[ultrawidescaledtail10_e750_s45] ep 659/750 train_loss=0.8314 val_raw=96.22 val_ema=96.52 best_raw=96.60@643 best_ema=96.82@648 lr=0.00364 time=7.3s
[ultrawidescaledtail10_e750_s49] ep 648/750 train_loss=0.7871 val_raw=96.48 val_ema=96.64 best_raw=96.48@648 best_ema=96.78@611 lr=0.00455 time=7.4s
[ultrawidescaledtail10_e750_s44] ep 649/750 train_loss=0.8106 val_raw=96.08 val_ema=96.18 best_raw=96.36@598 best_ema=96.52@581 lr=0.00447 time=7.7s
[ultrawidescaledtail10_e750_s48] ep 667/750 train_loss=0.7731 val_raw=96.48 val_ema=96.42 best_raw=96.54@643 best_ema=96.64@637 lr=0.00303 time=7.2s
[ultrawidescaledtail10_e750_s47] ep 655/750 train_loss=0.8504 val_raw=96.26 val_ema=96.26 best_raw=96.52@645 best_ema=96.76@648 lr=0.00396 time=7.4s
[ultrawidescaledtail10_e750_s46] ep 662/750 train_loss=0.7749 val_raw=96.32 val_ema=96.30 best_raw=96.60@655 best_ema=96.52@660 lr=0.00340 time=7.4s
[ultrawidescaledtail10_e750_s43] ep 653/750 train_loss=0.8235 val_raw=96.20 val_ema=96.44 best_raw=96.38@646 best_ema=96.70@619 lr=0.00412 time=7.4s
[ultrawidescaledtail10_e750_s42] ep 650/750 train_loss=0.8181 val_raw=96.26 val_ema=96.42 best_raw=96.40@648 best_ema=96.64@532 lr=0.00438 time=7.4s
[ultrawidescaledtail10_e750_s45] ep 660/750 train_loss=0.8176 val_raw=96.02 val_ema=96.58 best_raw=96.60@643 best_ema=96.82@648 lr=0.00356 time=7.1s
[ultrawidescaledtail10_e750_s49] ep 649/750 train_loss=0.8549 val_raw=96.34 val_ema=96.40 best_raw=96.48@648 best_ema=96.78@611 lr=0.00447 time=7.6s
[ultrawidescaledtail10_e750_s44] ep 650/750 train_loss=0.7484 val_raw=96.20 val_ema=96.46 best_raw=96.36@598 best_ema=96.52@581 lr=0.00438 time=7.4s
[ultrawidescaledtail10_e750_s48] ep 668/750 train_loss=0.8346 val_raw=96.44 val_ema=96.50 best_raw=96.54@643 best_ema=96.64@637 lr=0.00296 time=7.4s
[ultrawidescaledtail10_e750_s47] ep 656/750 train_loss=0.7737 val_raw=96.24 val_ema=96.50 best_raw=96.52@645 best_ema=96.76@648 lr=0.00388 time=7.0s
[ultrawidescaledtail10_e750_s43] ep 654/750 train_loss=0.8082 val_raw=96.12 val_ema=96.34 best_raw=96.38@646 best_ema=96.70@619 lr=0.00404 time=7.1s
[ultrawidescaledtail10_e750_s46] ep 663/750 train_loss=0.7620 val_raw=96.18 val_ema=96.24 best_raw=96.60@655 best_ema=96.52@660 lr=0.00333 time=7.3s
[ultrawidescaledtail10_e750_s42] ep 651/750 train_loss=0.8165 val_raw=96.28 val_ema=96.22 best_raw=96.40@648 best_ema=96.64@532 lr=0.00429 time=7.1s
[ultrawidescaledtail10_e750_s45] ep 661/750 train_loss=0.8041 val_raw=96.38 val_ema=96.52 best_raw=96.60@643 best_ema=96.82@648 lr=0.00348 time=7.2s
[ultrawidescaledtail10_e750_s49] ep 650/750 train_loss=0.8451 val_raw=96.22 val_ema=96.62 best_raw=96.48@648 best_ema=96.78@611 lr=0.00438 time=7.2s
[ultrawidescaledtail10_e750_s48] ep 669/750 train_loss=0.7948 val_raw=96.28 val_ema=96.36 best_raw=96.54@643 best_ema=96.64@637 lr=0.00289 time=7.3s
[ultrawidescaledtail10_e750_s44] ep 651/750 train_loss=0.8080 val_raw=96.18 val_ema=96.14 best_raw=96.36@598 best_ema=96.52@581 lr=0.00429 time=7.8s
[ultrawidescaledtail10_e750_s47] ep 657/750 train_loss=0.7891 val_raw=96.10 val_ema=96.46 best_raw=96.52@645 best_ema=96.76@648 lr=0.00380 time=7.3s
[ultrawidescaledtail10_e750_s46] ep 664/750 train_loss=0.7877 val_raw=96.36 val_ema=96.44 best_raw=96.60@655 best_ema=96.52@660 lr=0.00325 time=7.3s
[ultrawidescaledtail10_e750_s43] ep 655/750 train_loss=0.7738 val_raw=96.18 val_ema=96.48 best_raw=96.38@646 best_ema=96.70@619 lr=0.00396 time=7.8s
[ultrawidescaledtail10_e750_s45] ep 662/750 train_loss=0.7906 val_raw=96.20 val_ema=96.46 best_raw=96.60@643 best_ema=96.82@648 lr=0.00340 time=7.2s
[ultrawidescaledtail10_e750_s42] ep 652/750 train_loss=0.8504 val_raw=96.08 val_ema=96.34 best_raw=96.40@648 best_ema=96.64@532 lr=0.00421 time=8.0s
[ultrawidescaledtail10_e750_s49] ep 651/750 train_loss=0.8519 val_raw=96.34 val_ema=96.46 best_raw=96.48@648 best_ema=96.78@611 lr=0.00429 time=7.3s
[ultrawidescaledtail10_e750_s44] ep 652/750 train_loss=0.8045 val_raw=96.18 val_ema=96.14 best_raw=96.36@598 best_ema=96.52@581 lr=0.00421 time=7.1s
[ultrawidescaledtail10_e750_s48] ep 670/750 train_loss=0.8135 val_raw=96.30 val_ema=96.16 best_raw=96.54@643 best_ema=96.64@637 lr=0.00282 time=7.5s
[ultrawidescaledtail10_e750_s47] ep 658/750 train_loss=0.8042 val_raw=96.22 val_ema=96.48 best_raw=96.52@645 best_ema=96.76@648 lr=0.00372 time=7.4s
[ultrawidescaledtail10_e750_s46] ep 665/750 train_loss=0.8416 val_raw=96.40 val_ema=96.38 best_raw=96.60@655 best_ema=96.52@660 lr=0.00318 time=7.6s
[ultrawidescaledtail10_e750_s43] ep 656/750 train_loss=0.7336 val_raw=96.38 val_ema=96.32 best_raw=96.38@646 best_ema=96.70@619 lr=0.00388 time=7.3s
[ultrawidescaledtail10_e750_s45] ep 663/750 train_loss=0.7873 val_raw=96.44 val_ema=96.48 best_raw=96.60@643 best_ema=96.82@648 lr=0.00333 time=7.1s
[ultrawidescaledtail10_e750_s42] ep 653/750 train_loss=0.7786 val_raw=96.48 val_ema=96.58 best_raw=96.48@653 best_ema=96.64@532 lr=0.00412 time=7.7s
[ultrawidescaledtail10_e750_s49] ep 652/750 train_loss=0.8309 val_raw=96.34 val_ema=96.44 best_raw=96.48@648 best_ema=96.78@611 lr=0.00421 time=7.9s
[ultrawidescaledtail10_e750_s44] ep 653/750 train_loss=0.8483 val_raw=96.22 val_ema=96.30 best_raw=96.36@598 best_ema=96.52@581 lr=0.00412 time=7.3s
[ultrawidescaledtail10_e750_s48] ep 671/750 train_loss=0.7642 val_raw=96.54 val_ema=96.26 best_raw=96.54@643 best_ema=96.64@637 lr=0.00275 time=7.3s
[ultrawidescaledtail10_e750_s47] ep 659/750 train_loss=0.8090 val_raw=96.52 val_ema=96.56 best_raw=96.52@645 best_ema=96.76@648 lr=0.00364 time=7.5s
[ultrawidescaledtail10_e750_s43] ep 657/750 train_loss=0.7619 val_raw=96.18 val_ema=96.54 best_raw=96.38@646 best_ema=96.70@619 lr=0.00380 time=7.1s
[ultrawidescaledtail10_e750_s46] ep 666/750 train_loss=0.7830 val_raw=96.32 val_ema=96.34 best_raw=96.60@655 best_ema=96.52@660 lr=0.00310 time=7.6s
[ultrawidescaledtail10_e750_s45] ep 664/750 train_loss=0.7819 val_raw=96.40 val_ema=96.40 best_raw=96.60@643 best_ema=96.82@648 lr=0.00325 time=7.6s
[ultrawidescaledtail10_e750_s42] ep 654/750 train_loss=0.7932 val_raw=96.10 val_ema=96.26 best_raw=96.48@653 best_ema=96.64@532 lr=0.00404 time=7.2s
[ultrawidescaledtail10_e750_s49] ep 653/750 train_loss=0.8019 val_raw=96.52 val_ema=96.58 best_raw=96.52@653 best_ema=96.78@611 lr=0.00412 time=7.8s
[ultrawidescaledtail10_e750_s44] ep 654/750 train_loss=0.7340 val_raw=96.36 val_ema=96.34 best_raw=96.36@598 best_ema=96.52@581 lr=0.00404 time=7.3s
[ultrawidescaledtail10_e750_s48] ep 672/750 train_loss=0.8305 val_raw=96.30 val_ema=96.32 best_raw=96.54@643 best_ema=96.64@637 lr=0.00268 time=7.3s
[ultrawidescaledtail10_e750_s47] ep 660/750 train_loss=0.8103 val_raw=96.08 val_ema=96.40 best_raw=96.52@645 best_ema=96.76@648 lr=0.00356 time=7.4s
[ultrawidescaledtail10_e750_s43] ep 658/750 train_loss=0.8688 val_raw=96.12 val_ema=96.46 best_raw=96.38@646 best_ema=96.70@619 lr=0.00372 time=7.6s
[ultrawidescaledtail10_e750_s46] ep 667/750 train_loss=0.7954 val_raw=96.16 val_ema=96.34 best_raw=96.60@655 best_ema=96.52@660 lr=0.00303 time=7.2s
[ultrawidescaledtail10_e750_s45] ep 665/750 train_loss=0.8428 val_raw=96.42 val_ema=96.66 best_raw=96.60@643 best_ema=96.82@648 lr=0.00318 time=7.6s
[ultrawidescaledtail10_e750_s42] ep 655/750 train_loss=0.8238 val_raw=96.24 val_ema=96.56 best_raw=96.48@653 best_ema=96.64@532 lr=0.00396 time=7.4s
[ultrawidescaledtail10_e750_s49] ep 654/750 train_loss=0.8031 val_raw=96.46 val_ema=96.54 best_raw=96.52@653 best_ema=96.78@611 lr=0.00404 time=7.3s
[ultrawidescaledtail10_e750_s44] ep 655/750 train_loss=0.7781 val_raw=96.38 val_ema=96.18 best_raw=96.38@655 best_ema=96.52@581 lr=0.00396 time=7.2s
[ultrawidescaledtail10_e750_s48] ep 673/750 train_loss=0.7393 val_raw=96.56 val_ema=96.52 best_raw=96.56@673 best_ema=96.64@637 lr=0.00261 time=7.2s
[ultrawidescaledtail10_e750_s47] ep 661/750 train_loss=0.8202 val_raw=96.16 val_ema=96.58 best_raw=96.52@645 best_ema=96.76@648 lr=0.00348 time=7.3s
[ultrawidescaledtail10_e750_s43] ep 659/750 train_loss=0.8036 val_raw=96.30 val_ema=96.52 best_raw=96.38@646 best_ema=96.70@619 lr=0.00364 time=7.4s
[ultrawidescaledtail10_e750_s46] ep 668/750 train_loss=0.8218 val_raw=96.50 val_ema=96.46 best_raw=96.60@655 best_ema=96.52@660 lr=0.00296 time=7.5s
[ultrawidescaledtail10_e750_s45] ep 666/750 train_loss=0.8168 val_raw=96.52 val_ema=96.58 best_raw=96.60@643 best_ema=96.82@648 lr=0.00310 time=7.7s
[ultrawidescaledtail10_e750_s42] ep 656/750 train_loss=0.7941 val_raw=96.38 val_ema=96.64 best_raw=96.48@653 best_ema=96.64@532 lr=0.00388 time=7.8s
[ultrawidescaledtail10_e750_s49] ep 655/750 train_loss=0.7204 val_raw=96.52 val_ema=96.66 best_raw=96.52@653 best_ema=96.78@611 lr=0.00396 time=7.4s
[ultrawidescaledtail10_e750_s44] ep 656/750 train_loss=0.8003 val_raw=96.26 val_ema=96.34 best_raw=96.38@655 best_ema=96.52@581 lr=0.00388 time=7.4s
[ultrawidescaledtail10_e750_s48] ep 674/750 train_loss=0.8188 val_raw=96.54 val_ema=96.44 best_raw=96.56@673 best_ema=96.64@637 lr=0.00255 time=7.4s
[ultrawidescaledtail10_e750_s47] ep 662/750 train_loss=0.7406 val_raw=96.54 val_ema=96.46 best_raw=96.54@662 best_ema=96.76@648 lr=0.00340 time=7.5s
[ultrawidescaledtail10_e750_s43] ep 660/750 train_loss=0.7493 val_raw=96.20 val_ema=96.40 best_raw=96.38@646 best_ema=96.70@619 lr=0.00356 time=7.1s
[ultrawidescaledtail10_e750_s46] ep 669/750 train_loss=0.8789 val_raw=96.38 val_ema=96.46 best_raw=96.60@655 best_ema=96.52@660 lr=0.00289 time=7.2s
[ultrawidescaledtail10_e750_s45] ep 667/750 train_loss=0.8131 val_raw=96.42 val_ema=96.66 best_raw=96.60@643 best_ema=96.82@648 lr=0.00303 time=7.2s
[ultrawidescaledtail10_e750_s42] ep 657/750 train_loss=0.7748 val_raw=96.44 val_ema=96.62 best_raw=96.48@653 best_ema=96.64@532 lr=0.00380 time=7.9s
[ultrawidescaledtail10_e750_s49] ep 656/750 train_loss=0.8287 val_raw=96.50 val_ema=96.58 best_raw=96.52@653 best_ema=96.78@611 lr=0.00388 time=7.5s
[ultrawidescaledtail10_e750_s48] ep 675/750 train_loss=0.7850 val_raw=96.62 val_ema=96.28 best_raw=96.62@675 best_ema=96.64@637 lr=0.00248 time=7.1s
[ultrawidescaledtail10_e750_s44] ep 657/750 train_loss=0.8180 val_raw=96.34 val_ema=96.16 best_raw=96.38@655 best_ema=96.52@581 lr=0.00380 time=7.4s
[ultrawidescaledtail10_e750_s47] ep 663/750 train_loss=0.7956 val_raw=96.44 val_ema=96.32 best_raw=96.54@662 best_ema=96.76@648 lr=0.00333 time=7.2s
[ultrawidescaledtail10_e750_s46] ep 670/750 train_loss=0.7459 val_raw=96.58 val_ema=96.46 best_raw=96.60@655 best_ema=96.52@660 lr=0.00282 time=7.1s
[ultrawidescaledtail10_e750_s43] ep 661/750 train_loss=0.8079 val_raw=96.46 val_ema=96.62 best_raw=96.46@661 best_ema=96.70@619 lr=0.00348 time=7.7s
[ultrawidescaledtail10_e750_s45] ep 668/750 train_loss=0.8228 val_raw=96.78 val_ema=96.70 best_raw=96.78@668 best_ema=96.82@648 lr=0.00296 time=7.1s
[ultrawidescaledtail10_e750_s42] ep 658/750 train_loss=0.7484 val_raw=96.18 val_ema=96.52 best_raw=96.48@653 best_ema=96.64@532 lr=0.00372 time=7.4s
[ultrawidescaledtail10_e750_s49] ep 657/750 train_loss=0.7966 val_raw=96.40 val_ema=96.58 best_raw=96.52@653 best_ema=96.78@611 lr=0.00380 time=7.7s
[ultrawidescaledtail10_e750_s48] ep 676/750 train_loss=0.8459 val_raw=96.58 val_ema=96.42 best_raw=96.62@675 best_ema=96.64@637 lr=0.00241 time=7.2s
[ultrawidescaledtail10_e750_s44] ep 658/750 train_loss=0.8005 val_raw=96.36 val_ema=96.44 best_raw=96.38@655 best_ema=96.52@581 lr=0.00372 time=7.6s
[ultrawidescaledtail10_e750_s47] ep 664/750 train_loss=0.8339 val_raw=96.22 val_ema=96.58 best_raw=96.54@662 best_ema=96.76@648 lr=0.00325 time=7.5s
[ultrawidescaledtail10_e750_s46] ep 671/750 train_loss=0.7992 val_raw=96.48 val_ema=96.54 best_raw=96.60@655 best_ema=96.54@671 lr=0.00275 time=7.4s
[ultrawidescaledtail10_e750_s43] ep 662/750 train_loss=0.7216 val_raw=96.04 val_ema=96.48 best_raw=96.46@661 best_ema=96.70@619 lr=0.00340 time=7.7s
[ultrawidescaledtail10_e750_s45] ep 669/750 train_loss=0.7467 val_raw=96.48 val_ema=96.76 best_raw=96.78@668 best_ema=96.82@648 lr=0.00289 time=7.0s
[ultrawidescaledtail10_e750_s42] ep 659/750 train_loss=0.8296 val_raw=96.40 val_ema=96.32 best_raw=96.48@653 best_ema=96.64@532 lr=0.00364 time=7.8s
[ultrawidescaledtail10_e750_s49] ep 658/750 train_loss=0.7493 val_raw=96.46 val_ema=96.56 best_raw=96.52@653 best_ema=96.78@611 lr=0.00372 time=7.4s
[ultrawidescaledtail10_e750_s48] ep 677/750 train_loss=0.8002 val_raw=96.52 val_ema=96.66 best_raw=96.62@675 best_ema=96.66@677 lr=0.00235 time=7.3s
[ultrawidescaledtail10_e750_s44] ep 659/750 train_loss=0.8399 val_raw=96.32 val_ema=96.40 best_raw=96.38@655 best_ema=96.52@581 lr=0.00364 time=7.4s
[ultrawidescaledtail10_e750_s47] ep 665/750 train_loss=0.7547 val_raw=96.08 val_ema=96.52 best_raw=96.54@662 best_ema=96.76@648 lr=0.00318 time=7.4s
[ultrawidescaledtail10_e750_s46] ep 672/750 train_loss=0.8105 val_raw=96.36 val_ema=96.60 best_raw=96.60@655 best_ema=96.60@672 lr=0.00268 time=7.3s
[ultrawidescaledtail10_e750_s43] ep 663/750 train_loss=0.7879 val_raw=96.28 val_ema=96.46 best_raw=96.46@661 best_ema=96.70@619 lr=0.00333 time=7.6s
[ultrawidescaledtail10_e750_s45] ep 670/750 train_loss=0.7521 val_raw=96.50 val_ema=96.66 best_raw=96.78@668 best_ema=96.82@648 lr=0.00282 time=7.2s
[ultrawidescaledtail10_e750_s42] ep 660/750 train_loss=0.8456 val_raw=96.46 val_ema=96.50 best_raw=96.48@653 best_ema=96.64@532 lr=0.00356 time=7.4s
[ultrawidescaledtail10_e750_s49] ep 659/750 train_loss=0.7964 val_raw=96.52 val_ema=96.48 best_raw=96.52@653 best_ema=96.78@611 lr=0.00364 time=7.2s
[ultrawidescaledtail10_e750_s48] ep 678/750 train_loss=0.8186 val_raw=96.56 val_ema=96.48 best_raw=96.62@675 best_ema=96.66@677 lr=0.00229 time=7.2s
[ultrawidescaledtail10_e750_s44] ep 660/750 train_loss=0.8223 val_raw=96.20 val_ema=96.40 best_raw=96.38@655 best_ema=96.52@581 lr=0.00356 time=7.4s
[ultrawidescaledtail10_e750_s47] ep 666/750 train_loss=0.8257 val_raw=96.34 val_ema=96.52 best_raw=96.54@662 best_ema=96.76@648 lr=0.00310 time=7.7s
[ultrawidescaledtail10_e750_s46] ep 673/750 train_loss=0.7593 val_raw=96.26 val_ema=96.62 best_raw=96.60@655 best_ema=96.62@673 lr=0.00261 time=7.8s
[ultrawidescaledtail10_e750_s43] ep 664/750 train_loss=0.7952 val_raw=96.02 val_ema=96.22 best_raw=96.46@661 best_ema=96.70@619 lr=0.00325 time=7.6s
[ultrawidescaledtail10_e750_s45] ep 671/750 train_loss=0.7904 val_raw=96.48 val_ema=96.70 best_raw=96.78@668 best_ema=96.82@648 lr=0.00275 time=7.1s
[ultrawidescaledtail10_e750_s42] ep 661/750 train_loss=0.8266 val_raw=96.52 val_ema=96.60 best_raw=96.52@661 best_ema=96.64@532 lr=0.00348 time=7.5s
[ultrawidescaledtail10_e750_s48] ep 679/750 train_loss=0.8786 val_raw=96.60 val_ema=96.50 best_raw=96.62@675 best_ema=96.66@677 lr=0.00222 time=7.2s
[ultrawidescaledtail10_e750_s49] ep 660/750 train_loss=0.8126 val_raw=96.38 val_ema=96.70 best_raw=96.52@653 best_ema=96.78@611 lr=0.00356 time=7.8s
[ultrawidescaledtail10_e750_s44] ep 661/750 train_loss=0.8284 val_raw=96.24 val_ema=96.58 best_raw=96.38@655 best_ema=96.58@661 lr=0.00348 time=7.1s
[ultrawidescaledtail10_e750_s47] ep 667/750 train_loss=0.7751 val_raw=96.64 val_ema=96.56 best_raw=96.64@667 best_ema=96.76@648 lr=0.00303 time=7.6s
[ultrawidescaledtail10_e750_s46] ep 674/750 train_loss=0.7494 val_raw=96.42 val_ema=96.48 best_raw=96.60@655 best_ema=96.62@673 lr=0.00255 time=7.2s
[ultrawidescaledtail10_e750_s45] ep 672/750 train_loss=0.8257 val_raw=96.54 val_ema=96.30 best_raw=96.78@668 best_ema=96.82@648 lr=0.00268 time=7.2s
[ultrawidescaledtail10_e750_s43] ep 665/750 train_loss=0.7826 val_raw=96.52 val_ema=96.58 best_raw=96.52@665 best_ema=96.70@619 lr=0.00318 time=7.9s
[ultrawidescaledtail10_e750_s48] ep 680/750 train_loss=0.7684 val_raw=96.58 val_ema=96.72 best_raw=96.62@675 best_ema=96.72@680 lr=0.00216 time=7.1s
[ultrawidescaledtail10_e750_s42] ep 662/750 train_loss=0.8466 val_raw=96.34 val_ema=96.40 best_raw=96.52@661 best_ema=96.64@532 lr=0.00340 time=7.6s
[ultrawidescaledtail10_e750_s49] ep 661/750 train_loss=0.8074 val_raw=96.62 val_ema=96.54 best_raw=96.62@661 best_ema=96.78@611 lr=0.00348 time=7.1s
[ultrawidescaledtail10_e750_s44] ep 662/750 train_loss=0.7604 val_raw=96.26 val_ema=96.32 best_raw=96.38@655 best_ema=96.58@661 lr=0.00340 time=7.2s
[ultrawidescaledtail10_e750_s46] ep 675/750 train_loss=0.8566 val_raw=96.60 val_ema=96.36 best_raw=96.60@655 best_ema=96.62@673 lr=0.00248 time=7.6s
[ultrawidescaledtail10_e750_s47] ep 668/750 train_loss=0.7734 val_raw=96.26 val_ema=96.44 best_raw=96.64@667 best_ema=96.76@648 lr=0.00296 time=7.6s
[ultrawidescaledtail10_e750_s45] ep 673/750 train_loss=0.7592 val_raw=96.44 val_ema=96.78 best_raw=96.78@668 best_ema=96.82@648 lr=0.00261 time=7.0s
[ultrawidescaledtail10_e750_s43] ep 666/750 train_loss=0.8390 val_raw=96.46 val_ema=96.44 best_raw=96.52@665 best_ema=96.70@619 lr=0.00310 time=7.6s
[ultrawidescaledtail10_e750_s48] ep 681/750 train_loss=0.8475 val_raw=96.70 val_ema=96.62 best_raw=96.70@681 best_ema=96.72@680 lr=0.00210 time=7.3s
[ultrawidescaledtail10_e750_s49] ep 662/750 train_loss=0.8761 val_raw=96.50 val_ema=96.44 best_raw=96.62@661 best_ema=96.78@611 lr=0.00340 time=7.4s
[ultrawidescaledtail10_e750_s44] ep 663/750 train_loss=0.8737 val_raw=96.20 val_ema=96.38 best_raw=96.38@655 best_ema=96.58@661 lr=0.00333 time=7.1s
[ultrawidescaledtail10_e750_s42] ep 663/750 train_loss=0.8032 val_raw=96.38 val_ema=96.50 best_raw=96.52@661 best_ema=96.64@532 lr=0.00333 time=7.9s
[ultrawidescaledtail10_e750_s47] ep 669/750 train_loss=0.8034 val_raw=96.44 val_ema=96.44 best_raw=96.64@667 best_ema=96.76@648 lr=0.00289 time=7.1s
[ultrawidescaledtail10_e750_s45] ep 674/750 train_loss=0.8281 val_raw=96.64 val_ema=96.60 best_raw=96.78@668 best_ema=96.82@648 lr=0.00255 time=7.1s
[ultrawidescaledtail10_e750_s46] ep 676/750 train_loss=0.7949 val_raw=96.38 val_ema=96.38 best_raw=96.60@655 best_ema=96.62@673 lr=0.00241 time=7.6s
[ultrawidescaledtail10_e750_s43] ep 667/750 train_loss=0.8356 val_raw=96.46 val_ema=96.32 best_raw=96.52@665 best_ema=96.70@619 lr=0.00303 time=7.6s
[ultrawidescaledtail10_e750_s48] ep 682/750 train_loss=0.8053 val_raw=96.48 val_ema=96.50 best_raw=96.70@681 best_ema=96.72@680 lr=0.00204 time=7.3s
[ultrawidescaledtail10_e750_s49] ep 663/750 train_loss=0.8332 val_raw=96.38 val_ema=96.64 best_raw=96.62@661 best_ema=96.78@611 lr=0.00333 time=7.4s
[ultrawidescaledtail10_e750_s44] ep 664/750 train_loss=0.7698 val_raw=96.32 val_ema=96.48 best_raw=96.38@655 best_ema=96.58@661 lr=0.00325 time=7.5s
[ultrawidescaledtail10_e750_s42] ep 664/750 train_loss=0.8109 val_raw=96.54 val_ema=96.48 best_raw=96.54@664 best_ema=96.64@532 lr=0.00325 time=7.3s
[ultrawidescaledtail10_e750_s45] ep 675/750 train_loss=0.8301 val_raw=96.46 val_ema=96.66 best_raw=96.78@668 best_ema=96.82@648 lr=0.00248 time=7.2s
[ultrawidescaledtail10_e750_s47] ep 670/750 train_loss=0.6993 val_raw=96.20 val_ema=96.56 best_raw=96.64@667 best_ema=96.76@648 lr=0.00282 time=7.5s
[ultrawidescaledtail10_e750_s46] ep 677/750 train_loss=0.7578 val_raw=96.48 val_ema=96.52 best_raw=96.60@655 best_ema=96.62@673 lr=0.00235 time=7.6s
[ultrawidescaledtail10_e750_s43] ep 668/750 train_loss=0.7707 val_raw=96.60 val_ema=96.54 best_raw=96.60@668 best_ema=96.70@619 lr=0.00296 time=7.6s
[ultrawidescaledtail10_e750_s48] ep 683/750 train_loss=0.8109 val_raw=96.50 val_ema=96.48 best_raw=96.70@681 best_ema=96.72@680 lr=0.00198 time=7.1s
[ultrawidescaledtail10_e750_s42] ep 665/750 train_loss=0.7221 val_raw=96.34 val_ema=96.54 best_raw=96.54@664 best_ema=96.64@532 lr=0.00318 time=7.3s
[ultrawidescaledtail10_e750_s44] ep 665/750 train_loss=0.8040 val_raw=96.02 val_ema=96.10 best_raw=96.38@655 best_ema=96.58@661 lr=0.00318 time=7.5s
[ultrawidescaledtail10_e750_s49] ep 664/750 train_loss=0.8016 val_raw=96.36 val_ema=96.54 best_raw=96.62@661 best_ema=96.78@611 lr=0.00325 time=7.7s
[ultrawidescaledtail10_e750_s45] ep 676/750 train_loss=0.7892 val_raw=96.56 val_ema=96.54 best_raw=96.78@668 best_ema=96.82@648 lr=0.00241 time=7.2s
[ultrawidescaledtail10_e750_s47] ep 671/750 train_loss=0.8420 val_raw=96.18 val_ema=96.50 best_raw=96.64@667 best_ema=96.76@648 lr=0.00275 time=7.5s
[ultrawidescaledtail10_e750_s46] ep 678/750 train_loss=0.8094 val_raw=96.54 val_ema=96.32 best_raw=96.60@655 best_ema=96.62@673 lr=0.00229 time=7.4s
[ultrawidescaledtail10_e750_s43] ep 669/750 train_loss=0.7434 val_raw=96.58 val_ema=96.58 best_raw=96.60@668 best_ema=96.70@619 lr=0.00289 time=7.5s
[ultrawidescaledtail10_e750_s48] ep 684/750 train_loss=0.7162 val_raw=96.56 val_ema=96.40 best_raw=96.70@681 best_ema=96.72@680 lr=0.00192 time=7.2s
[ultrawidescaledtail10_e750_s44] ep 666/750 train_loss=0.7708 val_raw=96.42 val_ema=96.40 best_raw=96.42@666 best_ema=96.58@661 lr=0.00310 time=7.1s
[ultrawidescaledtail10_e750_s42] ep 666/750 train_loss=0.7433 val_raw=96.48 val_ema=96.54 best_raw=96.54@664 best_ema=96.64@532 lr=0.00310 time=7.5s
[ultrawidescaledtail10_e750_s49] ep 665/750 train_loss=0.7982 val_raw=96.58 val_ema=96.66 best_raw=96.62@661 best_ema=96.78@611 lr=0.00318 time=7.6s
[ultrawidescaledtail10_e750_s45] ep 677/750 train_loss=0.7914 val_raw=96.62 val_ema=96.76 best_raw=96.78@668 best_ema=96.82@648 lr=0.00235 time=7.1s
[ultrawidescaledtail10_e750_s47] ep 672/750 train_loss=0.8026 val_raw=96.56 val_ema=96.46 best_raw=96.64@667 best_ema=96.76@648 lr=0.00268 time=7.7s
[ultrawidescaledtail10_e750_s46] ep 679/750 train_loss=0.8436 val_raw=96.28 val_ema=96.50 best_raw=96.60@655 best_ema=96.62@673 lr=0.00222 time=7.7s
[ultrawidescaledtail10_e750_s43] ep 670/750 train_loss=0.8636 val_raw=96.48 val_ema=96.46 best_raw=96.60@668 best_ema=96.70@619 lr=0.00282 time=7.2s
[ultrawidescaledtail10_e750_s48] ep 685/750 train_loss=0.8271 val_raw=96.54 val_ema=96.56 best_raw=96.70@681 best_ema=96.72@680 lr=0.00187 time=7.3s
[ultrawidescaledtail10_e750_s44] ep 667/750 train_loss=0.7960 val_raw=96.52 val_ema=96.32 best_raw=96.52@667 best_ema=96.58@661 lr=0.00303 time=7.7s
[ultrawidescaledtail10_e750_s42] ep 667/750 train_loss=0.8502 val_raw=96.40 val_ema=96.24 best_raw=96.54@664 best_ema=96.64@532 lr=0.00303 time=7.5s
[ultrawidescaledtail10_e750_s49] ep 666/750 train_loss=0.8414 val_raw=96.62 val_ema=96.62 best_raw=96.62@661 best_ema=96.78@611 lr=0.00310 time=7.3s
[ultrawidescaledtail10_e750_s45] ep 678/750 train_loss=0.7581 val_raw=96.60 val_ema=96.76 best_raw=96.78@668 best_ema=96.82@648 lr=0.00229 time=7.1s
[ultrawidescaledtail10_e750_s47] ep 673/750 train_loss=0.7902 val_raw=96.18 val_ema=96.44 best_raw=96.64@667 best_ema=96.76@648 lr=0.00261 time=7.3s
[ultrawidescaledtail10_e750_s46] ep 680/750 train_loss=0.7910 val_raw=96.36 val_ema=96.34 best_raw=96.60@655 best_ema=96.62@673 lr=0.00216 time=7.5s
[ultrawidescaledtail10_e750_s43] ep 671/750 train_loss=0.8144 val_raw=96.46 val_ema=96.54 best_raw=96.60@668 best_ema=96.70@619 lr=0.00275 time=7.1s
[ultrawidescaledtail10_e750_s48] ep 686/750 train_loss=0.7532 val_raw=96.52 val_ema=96.40 best_raw=96.70@681 best_ema=96.72@680 lr=0.00181 time=7.6s
[ultrawidescaledtail10_e750_s44] ep 668/750 train_loss=0.7863 val_raw=96.38 val_ema=96.40 best_raw=96.52@667 best_ema=96.58@661 lr=0.00296 time=7.0s
[ultrawidescaledtail10_e750_s42] ep 668/750 train_loss=0.7520 val_raw=96.44 val_ema=96.48 best_raw=96.54@664 best_ema=96.64@532 lr=0.00296 time=7.1s
[ultrawidescaledtail10_e750_s49] ep 667/750 train_loss=0.8149 val_raw=96.66 val_ema=96.78 best_raw=96.66@667 best_ema=96.78@611 lr=0.00303 time=7.6s
[ultrawidescaledtail10_e750_s45] ep 679/750 train_loss=0.7640 val_raw=96.74 val_ema=96.66 best_raw=96.78@668 best_ema=96.82@648 lr=0.00222 time=7.6s
[ultrawidescaledtail10_e750_s47] ep 674/750 train_loss=0.8320 val_raw=96.34 val_ema=96.28 best_raw=96.64@667 best_ema=96.76@648 lr=0.00255 time=7.2s
[ultrawidescaledtail10_e750_s46] ep 681/750 train_loss=0.7940 val_raw=96.44 val_ema=96.50 best_raw=96.60@655 best_ema=96.62@673 lr=0.00210 time=7.9s
[ultrawidescaledtail10_e750_s43] ep 672/750 train_loss=0.7927 val_raw=96.56 val_ema=96.54 best_raw=96.60@668 best_ema=96.70@619 lr=0.00268 time=7.7s
[ultrawidescaledtail10_e750_s48] ep 687/750 train_loss=0.8401 val_raw=96.60 val_ema=96.60 best_raw=96.70@681 best_ema=96.72@680 lr=0.00175 time=7.5s
[ultrawidescaledtail10_e750_s44] ep 669/750 train_loss=0.7816 val_raw=96.32 val_ema=96.38 best_raw=96.52@667 best_ema=96.58@661 lr=0.00289 time=7.6s
[ultrawidescaledtail10_e750_s42] ep 669/750 train_loss=0.7556 val_raw=96.44 val_ema=96.66 best_raw=96.54@664 best_ema=96.66@669 lr=0.00289 time=7.6s
[ultrawidescaledtail10_e750_s49] ep 668/750 train_loss=0.7964 val_raw=96.62 val_ema=96.46 best_raw=96.66@667 best_ema=96.78@611 lr=0.00296 time=7.5s
[ultrawidescaledtail10_e750_s47] ep 675/750 train_loss=0.7858 val_raw=96.44 val_ema=96.36 best_raw=96.64@667 best_ema=96.76@648 lr=0.00248 time=7.1s
[ultrawidescaledtail10_e750_s45] ep 680/750 train_loss=0.7849 val_raw=96.60 val_ema=96.58 best_raw=96.78@668 best_ema=96.82@648 lr=0.00216 time=7.9s
[ultrawidescaledtail10_e750_s46] ep 682/750 train_loss=0.7792 val_raw=96.36 val_ema=96.36 best_raw=96.60@655 best_ema=96.62@673 lr=0.00204 time=7.1s
[ultrawidescaledtail10_e750_s43] ep 673/750 train_loss=0.7532 val_raw=96.52 val_ema=96.54 best_raw=96.60@668 best_ema=96.70@619 lr=0.00261 time=7.6s
[ultrawidescaledtail10_e750_s48] ep 688/750 train_loss=0.8205 val_raw=96.50 val_ema=96.74 best_raw=96.70@681 best_ema=96.74@688 lr=0.00170 time=7.5s
[ultrawidescaledtail10_e750_s42] ep 670/750 train_loss=0.8086 val_raw=96.38 val_ema=96.44 best_raw=96.54@664 best_ema=96.66@669 lr=0.00282 time=7.4s
[ultrawidescaledtail10_e750_s44] ep 670/750 train_loss=0.8015 val_raw=96.48 val_ema=96.46 best_raw=96.52@667 best_ema=96.58@661 lr=0.00282 time=7.8s
[ultrawidescaledtail10_e750_s49] ep 669/750 train_loss=0.8271 val_raw=96.58 val_ema=96.68 best_raw=96.66@667 best_ema=96.78@611 lr=0.00289 time=7.7s
[ultrawidescaledtail10_e750_s47] ep 676/750 train_loss=0.8065 val_raw=96.26 val_ema=96.38 best_raw=96.64@667 best_ema=96.76@648 lr=0.00241 time=7.4s
[ultrawidescaledtail10_e750_s45] ep 681/750 train_loss=0.7312 val_raw=96.64 val_ema=96.56 best_raw=96.78@668 best_ema=96.82@648 lr=0.00210 time=7.4s
[ultrawidescaledtail10_e750_s46] ep 683/750 train_loss=0.7532 val_raw=96.28 val_ema=96.58 best_raw=96.60@655 best_ema=96.62@673 lr=0.00198 time=7.4s
[ultrawidescaledtail10_e750_s43] ep 674/750 train_loss=0.8105 val_raw=96.46 val_ema=96.56 best_raw=96.60@668 best_ema=96.70@619 lr=0.00255 time=7.7s
[ultrawidescaledtail10_e750_s48] ep 689/750 train_loss=0.7836 val_raw=96.50 val_ema=96.56 best_raw=96.70@681 best_ema=96.74@688 lr=0.00165 time=7.4s
[ultrawidescaledtail10_e750_s44] ep 671/750 train_loss=0.8244 val_raw=95.92 val_ema=96.36 best_raw=96.52@667 best_ema=96.58@661 lr=0.00275 time=7.2s
[ultrawidescaledtail10_e750_s42] ep 671/750 train_loss=0.8438 val_raw=96.42 val_ema=96.36 best_raw=96.54@664 best_ema=96.66@669 lr=0.00275 time=7.7s
[ultrawidescaledtail10_e750_s49] ep 670/750 train_loss=0.7550 val_raw=96.56 val_ema=96.36 best_raw=96.66@667 best_ema=96.78@611 lr=0.00282 time=7.5s
[ultrawidescaledtail10_e750_s45] ep 682/750 train_loss=0.8374 val_raw=96.62 val_ema=96.58 best_raw=96.78@668 best_ema=96.82@648 lr=0.00204 time=7.4s
[ultrawidescaledtail10_e750_s47] ep 677/750 train_loss=0.7978 val_raw=96.36 val_ema=96.44 best_raw=96.64@667 best_ema=96.76@648 lr=0.00235 time=7.5s
[ultrawidescaledtail10_e750_s46] ep 684/750 train_loss=0.7395 val_raw=96.58 val_ema=96.30 best_raw=96.60@655 best_ema=96.62@673 lr=0.00192 time=7.4s
[ultrawidescaledtail10_e750_s43] ep 675/750 train_loss=0.8426 val_raw=96.44 val_ema=96.60 best_raw=96.60@668 best_ema=96.70@619 lr=0.00248 time=7.3s
[ultrawidescaledtail10_e750_s48] ep 690/750 train_loss=0.8422 val_raw=96.60 val_ema=96.48 best_raw=96.70@681 best_ema=96.74@688 lr=0.00159 time=7.5s
[ultrawidescaledtail10_e750_s42] ep 672/750 train_loss=0.7376 val_raw=96.46 val_ema=96.26 best_raw=96.54@664 best_ema=96.66@669 lr=0.00268 time=7.3s
[ultrawidescaledtail10_e750_s44] ep 672/750 train_loss=0.7467 val_raw=96.20 val_ema=96.46 best_raw=96.52@667 best_ema=96.58@661 lr=0.00268 time=7.9s
[ultrawidescaledtail10_e750_s49] ep 671/750 train_loss=0.8197 val_raw=96.78 val_ema=96.70 best_raw=96.78@671 best_ema=96.78@611 lr=0.00275 time=7.6s
[ultrawidescaledtail10_e750_s47] ep 678/750 train_loss=0.8167 val_raw=96.28 val_ema=96.50 best_raw=96.64@667 best_ema=96.76@648 lr=0.00229 time=7.1s
[ultrawidescaledtail10_e750_s45] ep 683/750 train_loss=0.8096 val_raw=96.64 val_ema=96.60 best_raw=96.78@668 best_ema=96.82@648 lr=0.00198 time=7.3s
[ultrawidescaledtail10_e750_s46] ep 685/750 train_loss=0.7688 val_raw=96.60 val_ema=96.24 best_raw=96.60@655 best_ema=96.62@673 lr=0.00187 time=7.6s
[ultrawidescaledtail10_e750_s43] ep 676/750 train_loss=0.7948 val_raw=96.14 val_ema=96.44 best_raw=96.60@668 best_ema=96.70@619 lr=0.00241 time=7.4s
[ultrawidescaledtail10_e750_s48] ep 691/750 train_loss=0.7934 val_raw=96.54 val_ema=96.74 best_raw=96.70@681 best_ema=96.74@688 lr=0.00154 time=7.1s
[ultrawidescaledtail10_e750_s44] ep 673/750 train_loss=0.8847 val_raw=96.28 val_ema=96.36 best_raw=96.52@667 best_ema=96.58@661 lr=0.00261 time=7.4s
[ultrawidescaledtail10_e750_s42] ep 673/750 train_loss=0.8045 val_raw=96.30 val_ema=96.36 best_raw=96.54@664 best_ema=96.66@669 lr=0.00261 time=7.7s
[ultrawidescaledtail10_e750_s49] ep 672/750 train_loss=0.8027 val_raw=96.64 val_ema=96.86 best_raw=96.78@671 best_ema=96.86@672 lr=0.00268 time=8.1s
[ultrawidescaledtail10_e750_s47] ep 679/750 train_loss=0.7920 val_raw=96.08 val_ema=96.34 best_raw=96.64@667 best_ema=96.76@648 lr=0.00222 time=7.6s
[ultrawidescaledtail10_e750_s45] ep 684/750 train_loss=0.8173 val_raw=96.68 val_ema=96.64 best_raw=96.78@668 best_ema=96.82@648 lr=0.00192 time=7.6s
[ultrawidescaledtail10_e750_s46] ep 686/750 train_loss=0.7826 val_raw=96.74 val_ema=96.36 best_raw=96.74@686 best_ema=96.62@673 lr=0.00181 time=7.1s
[ultrawidescaledtail10_e750_s43] ep 677/750 train_loss=0.7719 val_raw=96.38 val_ema=96.56 best_raw=96.60@668 best_ema=96.70@619 lr=0.00235 time=7.2s
[ultrawidescaledtail10_e750_s48] ep 692/750 train_loss=0.7728 val_raw=96.48 val_ema=96.60 best_raw=96.70@681 best_ema=96.74@688 lr=0.00149 time=7.1s
[ultrawidescaledtail10_e750_s44] ep 674/750 train_loss=0.8074 val_raw=96.44 val_ema=96.36 best_raw=96.52@667 best_ema=96.58@661 lr=0.00255 time=7.1s
[ultrawidescaledtail10_e750_s42] ep 674/750 train_loss=0.7998 val_raw=96.32 val_ema=96.32 best_raw=96.54@664 best_ema=96.66@669 lr=0.00255 time=7.4s
[ultrawidescaledtail10_e750_s49] ep 673/750 train_loss=0.8211 val_raw=96.70 val_ema=96.56 best_raw=96.78@671 best_ema=96.86@672 lr=0.00261 time=7.9s
[ultrawidescaledtail10_e750_s47] ep 680/750 train_loss=0.7910 val_raw=96.38 val_ema=96.34 best_raw=96.64@667 best_ema=96.76@648 lr=0.00216 time=7.5s
[ultrawidescaledtail10_e750_s45] ep 685/750 train_loss=0.7317 val_raw=96.58 val_ema=96.60 best_raw=96.78@668 best_ema=96.82@648 lr=0.00187 time=7.6s
[ultrawidescaledtail10_e750_s46] ep 687/750 train_loss=0.8404 val_raw=96.36 val_ema=96.50 best_raw=96.74@686 best_ema=96.62@673 lr=0.00175 time=7.2s
[ultrawidescaledtail10_e750_s43] ep 678/750 train_loss=0.7449 val_raw=96.40 val_ema=96.60 best_raw=96.60@668 best_ema=96.70@619 lr=0.00229 time=7.0s
[ultrawidescaledtail10_e750_s48] ep 693/750 train_loss=0.7779 val_raw=96.68 val_ema=96.66 best_raw=96.70@681 best_ema=96.74@688 lr=0.00144 time=7.4s
[ultrawidescaledtail10_e750_s44] ep 675/750 train_loss=0.7679 val_raw=96.46 val_ema=96.22 best_raw=96.52@667 best_ema=96.58@661 lr=0.00248 time=7.2s
[ultrawidescaledtail10_e750_s42] ep 675/750 train_loss=0.7778 val_raw=96.38 val_ema=96.44 best_raw=96.54@664 best_ema=96.66@669 lr=0.00248 time=7.1s
[ultrawidescaledtail10_e750_s49] ep 674/750 train_loss=0.8297 val_raw=96.58 val_ema=96.66 best_raw=96.78@671 best_ema=96.86@672 lr=0.00255 time=7.7s
[ultrawidescaledtail10_e750_s45] ep 686/750 train_loss=0.8299 val_raw=96.74 val_ema=96.66 best_raw=96.78@668 best_ema=96.82@648 lr=0.00181 time=7.4s
[ultrawidescaledtail10_e750_s47] ep 681/750 train_loss=0.7598 val_raw=96.32 val_ema=96.48 best_raw=96.64@667 best_ema=96.76@648 lr=0.00210 time=7.8s
[ultrawidescaledtail10_e750_s46] ep 688/750 train_loss=0.8305 val_raw=96.52 val_ema=96.48 best_raw=96.74@686 best_ema=96.62@673 lr=0.00170 time=7.2s
[ultrawidescaledtail10_e750_s43] ep 679/750 train_loss=0.7567 val_raw=96.36 val_ema=96.40 best_raw=96.60@668 best_ema=96.70@619 lr=0.00222 time=7.2s
[ultrawidescaledtail10_e750_s48] ep 694/750 train_loss=0.8136 val_raw=96.46 val_ema=96.66 best_raw=96.70@681 best_ema=96.74@688 lr=0.00139 time=7.4s
[ultrawidescaledtail10_e750_s44] ep 676/750 train_loss=0.7814 val_raw=96.46 val_ema=96.34 best_raw=96.52@667 best_ema=96.58@661 lr=0.00241 time=7.3s
[ultrawidescaledtail10_e750_s42] ep 676/750 train_loss=0.7811 val_raw=96.52 val_ema=96.46 best_raw=96.54@664 best_ema=96.66@669 lr=0.00241 time=7.6s
[ultrawidescaledtail10_e750_s49] ep 675/750 train_loss=0.8234 val_raw=96.60 val_ema=96.80 best_raw=96.78@671 best_ema=96.86@672 lr=0.00248 time=7.7s
[ultrawidescaledtail10_e750_s45] ep 687/750 train_loss=0.7990 val_raw=96.58 val_ema=96.66 best_raw=96.78@668 best_ema=96.82@648 lr=0.00175 time=7.1s
[ultrawidescaledtail10_e750_s47] ep 682/750 train_loss=0.8510 val_raw=96.38 val_ema=96.48 best_raw=96.64@667 best_ema=96.76@648 lr=0.00204 time=7.1s
[ultrawidescaledtail10_e750_s46] ep 689/750 train_loss=0.7624 val_raw=96.38 val_ema=96.46 best_raw=96.74@686 best_ema=96.62@673 lr=0.00165 time=7.4s
[ultrawidescaledtail10_e750_s43] ep 680/750 train_loss=0.8589 val_raw=96.52 val_ema=96.42 best_raw=96.60@668 best_ema=96.70@619 lr=0.00216 time=7.1s
[ultrawidescaledtail10_e750_s48] ep 695/750 train_loss=0.7698 val_raw=96.54 val_ema=96.46 best_raw=96.70@681 best_ema=96.74@688 lr=0.00134 time=7.1s
[ultrawidescaledtail10_e750_s44] ep 677/750 train_loss=0.8113 val_raw=96.56 val_ema=96.48 best_raw=96.56@677 best_ema=96.58@661 lr=0.00235 time=7.9s
[ultrawidescaledtail10_e750_s42] ep 677/750 train_loss=0.7460 val_raw=96.66 val_ema=96.58 best_raw=96.66@677 best_ema=96.66@669 lr=0.00235 time=7.6s
[ultrawidescaledtail10_e750_s45] ep 688/750 train_loss=0.8410 val_raw=96.72 val_ema=96.68 best_raw=96.78@668 best_ema=96.82@648 lr=0.00170 time=7.1s
[ultrawidescaledtail10_e750_s49] ep 676/750 train_loss=0.7283 val_raw=96.58 val_ema=96.68 best_raw=96.78@671 best_ema=96.86@672 lr=0.00241 time=7.7s
[ultrawidescaledtail10_e750_s46] ep 690/750 train_loss=0.7621 val_raw=96.42 val_ema=96.50 best_raw=96.74@686 best_ema=96.62@673 lr=0.00159 time=7.4s
[ultrawidescaledtail10_e750_s47] ep 683/750 train_loss=0.8410 val_raw=96.56 val_ema=96.40 best_raw=96.64@667 best_ema=96.76@648 lr=0.00198 time=7.9s
[ultrawidescaledtail10_e750_s43] ep 681/750 train_loss=0.7776 val_raw=96.44 val_ema=96.50 best_raw=96.60@668 best_ema=96.70@619 lr=0.00210 time=7.4s
[ultrawidescaledtail10_e750_s48] ep 696/750 train_loss=0.7338 val_raw=96.60 val_ema=96.62 best_raw=96.70@681 best_ema=96.74@688 lr=0.00129 time=7.1s
[ultrawidescaledtail10_e750_s42] ep 678/750 train_loss=0.8150 val_raw=96.66 val_ema=96.38 best_raw=96.66@677 best_ema=96.66@669 lr=0.00229 time=7.0s
[ultrawidescaledtail10_e750_s44] ep 678/750 train_loss=0.7958 val_raw=96.44 val_ema=96.48 best_raw=96.56@677 best_ema=96.58@661 lr=0.00229 time=7.4s
[ultrawidescaledtail10_e750_s45] ep 689/750 train_loss=0.8398 val_raw=96.64 val_ema=96.58 best_raw=96.78@668 best_ema=96.82@648 lr=0.00165 time=7.2s
[ultrawidescaledtail10_e750_s49] ep 677/750 train_loss=0.7951 val_raw=96.82 val_ema=96.62 best_raw=96.82@677 best_ema=96.86@672 lr=0.00235 time=7.6s
[ultrawidescaledtail10_e750_s47] ep 684/750 train_loss=0.8692 val_raw=96.42 val_ema=96.22 best_raw=96.64@667 best_ema=96.76@648 lr=0.00192 time=7.3s
[ultrawidescaledtail10_e750_s46] ep 691/750 train_loss=0.7985 val_raw=96.54 val_ema=96.36 best_raw=96.74@686 best_ema=96.62@673 lr=0.00154 time=7.6s
[ultrawidescaledtail10_e750_s43] ep 682/750 train_loss=0.7451 val_raw=96.48 val_ema=96.48 best_raw=96.60@668 best_ema=96.70@619 lr=0.00204 time=7.4s
[ultrawidescaledtail10_e750_s48] ep 697/750 train_loss=0.8499 val_raw=96.50 val_ema=96.28 best_raw=96.70@681 best_ema=96.74@688 lr=0.00124 time=7.3s
[ultrawidescaledtail10_e750_s42] ep 679/750 train_loss=0.7917 val_raw=96.64 val_ema=96.50 best_raw=96.66@677 best_ema=96.66@669 lr=0.00222 time=7.1s
[ultrawidescaledtail10_e750_s44] ep 679/750 train_loss=0.8226 val_raw=96.32 val_ema=96.34 best_raw=96.56@677 best_ema=96.58@661 lr=0.00222 time=7.6s
[ultrawidescaledtail10_e750_s45] ep 690/750 train_loss=0.7743 val_raw=96.74 val_ema=96.58 best_raw=96.78@668 best_ema=96.82@648 lr=0.00159 time=7.4s
[ultrawidescaledtail10_e750_s49] ep 678/750 train_loss=0.7838 val_raw=96.68 val_ema=96.44 best_raw=96.82@677 best_ema=96.86@672 lr=0.00229 time=7.5s
[ultrawidescaledtail10_e750_s47] ep 685/750 train_loss=0.8807 val_raw=96.50 val_ema=96.52 best_raw=96.64@667 best_ema=96.76@648 lr=0.00187 time=7.6s
[ultrawidescaledtail10_e750_s46] ep 692/750 train_loss=0.8169 val_raw=96.48 val_ema=96.42 best_raw=96.74@686 best_ema=96.62@673 lr=0.00149 time=7.6s
[ultrawidescaledtail10_e750_s43] ep 683/750 train_loss=0.8018 val_raw=96.54 val_ema=96.50 best_raw=96.60@668 best_ema=96.70@619 lr=0.00198 time=7.2s
[ultrawidescaledtail10_e750_s48] ep 698/750 train_loss=0.7456 val_raw=96.66 val_ema=96.68 best_raw=96.70@681 best_ema=96.74@688 lr=0.00120 time=7.1s
[ultrawidescaledtail10_e750_s42] ep 680/750 train_loss=0.8566 val_raw=96.52 val_ema=96.58 best_raw=96.66@677 best_ema=96.66@669 lr=0.00216 time=7.9s
[ultrawidescaledtail10_e750_s44] ep 680/750 train_loss=0.7622 val_raw=96.64 val_ema=96.48 best_raw=96.64@680 best_ema=96.58@661 lr=0.00216 time=7.5s
[ultrawidescaledtail10_e750_s45] ep 691/750 train_loss=0.8071 val_raw=96.60 val_ema=96.50 best_raw=96.78@668 best_ema=96.82@648 lr=0.00154 time=7.5s
[ultrawidescaledtail10_e750_s49] ep 679/750 train_loss=0.7934 val_raw=96.68 val_ema=96.58 best_raw=96.82@677 best_ema=96.86@672 lr=0.00222 time=7.5s
[ultrawidescaledtail10_e750_s47] ep 686/750 train_loss=0.7566 val_raw=96.58 val_ema=96.52 best_raw=96.64@667 best_ema=96.76@648 lr=0.00181 time=7.3s
[ultrawidescaledtail10_e750_s46] ep 693/750 train_loss=0.7560 val_raw=96.60 val_ema=96.44 best_raw=96.74@686 best_ema=96.62@673 lr=0.00144 time=7.4s
[ultrawidescaledtail10_e750_s43] ep 684/750 train_loss=0.8012 val_raw=96.46 val_ema=96.38 best_raw=96.60@668 best_ema=96.70@619 lr=0.00192 time=7.3s
[ultrawidescaledtail10_e750_s48] ep 699/750 train_loss=0.8703 val_raw=96.60 val_ema=96.70 best_raw=96.70@681 best_ema=96.74@688 lr=0.00115 time=7.5s
[ultrawidescaledtail10_e750_s44] ep 681/750 train_loss=0.8491 val_raw=96.36 val_ema=96.42 best_raw=96.64@680 best_ema=96.58@661 lr=0.00210 time=7.3s
[ultrawidescaledtail10_e750_s42] ep 681/750 train_loss=0.8177 val_raw=96.66 val_ema=96.42 best_raw=96.66@677 best_ema=96.66@669 lr=0.00210 time=7.7s
[ultrawidescaledtail10_e750_s45] ep 692/750 train_loss=0.7779 val_raw=96.60 val_ema=96.80 best_raw=96.78@668 best_ema=96.82@648 lr=0.00149 time=7.6s
[ultrawidescaledtail10_e750_s49] ep 680/750 train_loss=0.7947 val_raw=96.62 val_ema=96.50 best_raw=96.82@677 best_ema=96.86@672 lr=0.00216 time=7.6s
[ultrawidescaledtail10_e750_s47] ep 687/750 train_loss=0.8410 val_raw=96.44 val_ema=96.30 best_raw=96.64@667 best_ema=96.76@648 lr=0.00175 time=7.5s
[ultrawidescaledtail10_e750_s43] ep 685/750 train_loss=0.7934 val_raw=96.36 val_ema=96.60 best_raw=96.60@668 best_ema=96.70@619 lr=0.00187 time=7.6s
[ultrawidescaledtail10_e750_s46] ep 694/750 train_loss=0.7807 val_raw=96.56 val_ema=96.44 best_raw=96.74@686 best_ema=96.62@673 lr=0.00139 time=7.7s
[ultrawidescaledtail10_e750_s48] ep 700/750 train_loss=0.8371 val_raw=96.64 val_ema=96.68 best_raw=96.70@681 best_ema=96.74@688 lr=0.00111 time=7.2s
[ultrawidescaledtail10_e750_s44] ep 682/750 train_loss=0.7889 val_raw=96.44 val_ema=96.44 best_raw=96.64@680 best_ema=96.58@661 lr=0.00204 time=7.1s
[ultrawidescaledtail10_e750_s42] ep 682/750 train_loss=0.7978 val_raw=96.50 val_ema=96.32 best_raw=96.66@677 best_ema=96.66@669 lr=0.00204 time=7.4s
[ultrawidescaledtail10_e750_s45] ep 693/750 train_loss=0.7749 val_raw=96.62 val_ema=96.66 best_raw=96.78@668 best_ema=96.82@648 lr=0.00144 time=7.2s
[ultrawidescaledtail10_e750_s49] ep 681/750 train_loss=0.8180 val_raw=96.64 val_ema=96.54 best_raw=96.82@677 best_ema=96.86@672 lr=0.00210 time=7.4s
[ultrawidescaledtail10_e750_s47] ep 688/750 train_loss=0.7960 val_raw=96.32 val_ema=96.34 best_raw=96.64@667 best_ema=96.76@648 lr=0.00170 time=7.6s
[ultrawidescaledtail10_e750_s43] ep 686/750 train_loss=0.7959 val_raw=96.38 val_ema=96.30 best_raw=96.60@668 best_ema=96.70@619 lr=0.00181 time=7.3s
[ultrawidescaledtail10_e750_s46] ep 695/750 train_loss=0.7444 val_raw=96.64 val_ema=96.52 best_raw=96.74@686 best_ema=96.62@673 lr=0.00134 time=7.6s
[ultrawidescaledtail10_e750_s48] ep 701/750 train_loss=0.7839 val_raw=96.62 val_ema=96.74 best_raw=96.70@681 best_ema=96.74@688 lr=0.00106 time=7.4s
[ultrawidescaledtail10_e750_s44] ep 683/750 train_loss=0.7377 val_raw=96.62 val_ema=96.36 best_raw=96.64@680 best_ema=96.58@661 lr=0.00198 time=7.6s
[ultrawidescaledtail10_e750_s42] ep 683/750 train_loss=0.8155 val_raw=96.46 val_ema=96.36 best_raw=96.66@677 best_ema=96.66@669 lr=0.00198 time=7.3s
[ultrawidescaledtail10_e750_s45] ep 694/750 train_loss=0.7744 val_raw=96.46 val_ema=96.58 best_raw=96.78@668 best_ema=96.82@648 lr=0.00139 time=7.1s
[ultrawidescaledtail10_e750_s49] ep 682/750 train_loss=0.7713 val_raw=96.46 val_ema=96.40 best_raw=96.82@677 best_ema=96.86@672 lr=0.00204 time=7.3s
[ultrawidescaledtail10_e750_s47] ep 689/750 train_loss=0.8219 val_raw=96.56 val_ema=96.34 best_raw=96.64@667 best_ema=96.76@648 lr=0.00165 time=7.5s
[ultrawidescaledtail10_e750_s43] ep 687/750 train_loss=0.7694 val_raw=96.48 val_ema=96.68 best_raw=96.60@668 best_ema=96.70@619 lr=0.00175 time=7.5s
[ultrawidescaledtail10_e750_s46] ep 696/750 train_loss=0.8332 val_raw=96.60 val_ema=96.64 best_raw=96.74@686 best_ema=96.64@696 lr=0.00129 time=7.2s
[ultrawidescaledtail10_e750_s48] ep 702/750 train_loss=0.7439 val_raw=96.30 val_ema=96.30 best_raw=96.70@681 best_ema=96.74@688 lr=0.00102 time=7.4s
[ultrawidescaledtail10_e750_s42] ep 684/750 train_loss=0.8165 val_raw=96.38 val_ema=96.46 best_raw=96.66@677 best_ema=96.66@669 lr=0.00192 time=7.6s
[ultrawidescaledtail10_e750_s44] ep 684/750 train_loss=0.7831 val_raw=96.30 val_ema=96.42 best_raw=96.64@680 best_ema=96.58@661 lr=0.00192 time=7.7s
[ultrawidescaledtail10_e750_s45] ep 695/750 train_loss=0.7997 val_raw=96.38 val_ema=96.60 best_raw=96.78@668 best_ema=96.82@648 lr=0.00134 time=7.5s
[ultrawidescaledtail10_e750_s49] ep 683/750 train_loss=0.8644 val_raw=96.68 val_ema=96.52 best_raw=96.82@677 best_ema=96.86@672 lr=0.00198 time=7.4s
[ultrawidescaledtail10_e750_s47] ep 690/750 train_loss=0.7810 val_raw=96.38 val_ema=96.44 best_raw=96.64@667 best_ema=96.76@648 lr=0.00159 time=7.5s
[ultrawidescaledtail10_e750_s46] ep 697/750 train_loss=0.7815 val_raw=96.62 val_ema=96.60 best_raw=96.74@686 best_ema=96.64@696 lr=0.00124 time=7.4s
[ultrawidescaledtail10_e750_s48] ep 703/750 train_loss=0.7695 val_raw=96.50 val_ema=96.60 best_raw=96.70@681 best_ema=96.74@688 lr=0.00098 time=7.1s
[ultrawidescaledtail10_e750_s43] ep 688/750 train_loss=0.8152 val_raw=96.32 val_ema=96.46 best_raw=96.60@668 best_ema=96.70@619 lr=0.00170 time=7.6s
[ultrawidescaledtail10_e750_s44] ep 685/750 train_loss=0.8097 val_raw=96.50 val_ema=96.54 best_raw=96.64@680 best_ema=96.58@661 lr=0.00187 time=7.4s
[ultrawidescaledtail10_e750_s42] ep 685/750 train_loss=0.8009 val_raw=96.50 val_ema=96.48 best_raw=96.66@677 best_ema=96.66@669 lr=0.00187 time=7.8s
[ultrawidescaledtail10_e750_s45] ep 696/750 train_loss=0.7785 val_raw=96.64 val_ema=96.78 best_raw=96.78@668 best_ema=96.82@648 lr=0.00129 time=7.3s
[ultrawidescaledtail10_e750_s49] ep 684/750 train_loss=0.8975 val_raw=96.58 val_ema=96.44 best_raw=96.82@677 best_ema=96.86@672 lr=0.00192 time=7.2s
[ultrawidescaledtail10_e750_s48] ep 704/750 train_loss=0.7373 val_raw=96.42 val_ema=96.46 best_raw=96.70@681 best_ema=96.74@688 lr=0.00094 time=7.2s
[ultrawidescaledtail10_e750_s47] ep 691/750 train_loss=0.8446 val_raw=96.40 val_ema=96.42 best_raw=96.64@667 best_ema=96.76@648 lr=0.00154 time=7.3s
[ultrawidescaledtail10_e750_s46] ep 698/750 train_loss=0.8271 val_raw=96.56 val_ema=96.64 best_raw=96.74@686 best_ema=96.64@696 lr=0.00120 time=7.5s
[ultrawidescaledtail10_e750_s43] ep 689/750 train_loss=0.8101 val_raw=96.42 val_ema=96.56 best_raw=96.60@668 best_ema=96.70@619 lr=0.00165 time=7.5s
[ultrawidescaledtail10_e750_s44] ep 686/750 train_loss=0.8584 val_raw=96.42 val_ema=96.44 best_raw=96.64@680 best_ema=96.58@661 lr=0.00181 time=7.2s
[ultrawidescaledtail10_e750_s42] ep 686/750 train_loss=0.8192 val_raw=96.40 val_ema=96.56 best_raw=96.66@677 best_ema=96.66@669 lr=0.00181 time=7.6s
[ultrawidescaledtail10_e750_s45] ep 697/750 train_loss=0.7708 val_raw=96.66 val_ema=96.78 best_raw=96.78@668 best_ema=96.82@648 lr=0.00124 time=7.1s
[ultrawidescaledtail10_e750_s49] ep 685/750 train_loss=0.8378 val_raw=96.60 val_ema=96.58 best_raw=96.82@677 best_ema=96.86@672 lr=0.00187 time=7.3s
[ultrawidescaledtail10_e750_s48] ep 705/750 train_loss=0.8842 val_raw=96.58 val_ema=96.58 best_raw=96.70@681 best_ema=96.74@688 lr=0.00090 time=7.3s
[ultrawidescaledtail10_e750_s47] ep 692/750 train_loss=0.7906 val_raw=96.54 val_ema=96.60 best_raw=96.64@667 best_ema=96.76@648 lr=0.00149 time=7.6s
[ultrawidescaledtail10_e750_s43] ep 690/750 train_loss=0.7590 val_raw=96.48 val_ema=96.56 best_raw=96.60@668 best_ema=96.70@619 lr=0.00159 time=7.3s
[ultrawidescaledtail10_e750_s46] ep 699/750 train_loss=0.7826 val_raw=96.52 val_ema=96.44 best_raw=96.74@686 best_ema=96.64@696 lr=0.00115 time=7.7s
[ultrawidescaledtail10_e750_s44] ep 687/750 train_loss=0.7588 val_raw=96.56 val_ema=96.40 best_raw=96.64@680 best_ema=96.58@661 lr=0.00175 time=7.6s
[ultrawidescaledtail10_e750_s42] ep 687/750 train_loss=0.8052 val_raw=96.40 val_ema=96.62 best_raw=96.66@677 best_ema=96.66@669 lr=0.00175 time=7.4s
[ultrawidescaledtail10_e750_s45] ep 698/750 train_loss=0.8151 val_raw=96.54 val_ema=96.58 best_raw=96.78@668 best_ema=96.82@648 lr=0.00120 time=7.2s
[ultrawidescaledtail10_e750_s49] ep 686/750 train_loss=0.8139 val_raw=96.42 val_ema=96.46 best_raw=96.82@677 best_ema=96.86@672 lr=0.00181 time=7.1s
[ultrawidescaledtail10_e750_s48] ep 706/750 train_loss=0.7813 val_raw=96.34 val_ema=96.38 best_raw=96.70@681 best_ema=96.74@688 lr=0.00086 time=7.2s
[ultrawidescaledtail10_e750_s47] ep 693/750 train_loss=0.7538 val_raw=96.52 val_ema=96.52 best_raw=96.64@667 best_ema=96.76@648 lr=0.00144 time=7.3s
[ultrawidescaledtail10_e750_s46] ep 700/750 train_loss=0.8118 val_raw=96.66 val_ema=96.52 best_raw=96.74@686 best_ema=96.64@696 lr=0.00111 time=7.0s
[ultrawidescaledtail10_e750_s43] ep 691/750 train_loss=0.8079 val_raw=96.30 val_ema=96.46 best_raw=96.60@668 best_ema=96.70@619 lr=0.00154 time=7.5s
[ultrawidescaledtail10_e750_s44] ep 688/750 train_loss=0.8052 val_raw=96.66 val_ema=96.44 best_raw=96.66@688 best_ema=96.58@661 lr=0.00170 time=7.2s
[ultrawidescaledtail10_e750_s42] ep 688/750 train_loss=0.7501 val_raw=96.52 val_ema=96.56 best_raw=96.66@677 best_ema=96.66@669 lr=0.00170 time=7.2s
[ultrawidescaledtail10_e750_s45] ep 699/750 train_loss=0.8026 val_raw=96.62 val_ema=96.60 best_raw=96.78@668 best_ema=96.82@648 lr=0.00115 time=7.9s
[ultrawidescaledtail10_e750_s49] ep 687/750 train_loss=0.7695 val_raw=96.64 val_ema=96.56 best_raw=96.82@677 best_ema=96.86@672 lr=0.00175 time=7.1s
[ultrawidescaledtail10_e750_s48] ep 707/750 train_loss=0.8221 val_raw=96.46 val_ema=96.36 best_raw=96.70@681 best_ema=96.74@688 lr=0.00082 time=7.1s
[ultrawidescaledtail10_e750_s46] ep 701/750 train_loss=0.8349 val_raw=96.52 val_ema=96.34 best_raw=96.74@686 best_ema=96.64@696 lr=0.00106 time=7.0s
[ultrawidescaledtail10_e750_s47] ep 694/750 train_loss=0.7590 val_raw=96.46 val_ema=96.56 best_raw=96.64@667 best_ema=96.76@648 lr=0.00139 time=7.5s
[ultrawidescaledtail10_e750_s43] ep 692/750 train_loss=0.8080 val_raw=96.28 val_ema=96.32 best_raw=96.60@668 best_ema=96.70@619 lr=0.00149 time=7.4s
[ultrawidescaledtail10_e750_s44] ep 689/750 train_loss=0.8242 val_raw=96.46 val_ema=96.50 best_raw=96.66@688 best_ema=96.58@661 lr=0.00165 time=7.1s
[ultrawidescaledtail10_e750_s42] ep 689/750 train_loss=0.8374 val_raw=96.44 val_ema=96.62 best_raw=96.66@677 best_ema=96.66@669 lr=0.00165 time=7.0s
[ultrawidescaledtail10_e750_s45] ep 700/750 train_loss=0.8258 val_raw=96.54 val_ema=96.62 best_raw=96.78@668 best_ema=96.82@648 lr=0.00111 time=7.3s
[ultrawidescaledtail10_e750_s49] ep 688/750 train_loss=0.7773 val_raw=96.68 val_ema=96.70 best_raw=96.82@677 best_ema=96.86@672 lr=0.00170 time=7.2s
[ultrawidescaledtail10_e750_s48] ep 708/750 train_loss=0.7920 val_raw=96.54 val_ema=96.52 best_raw=96.70@681 best_ema=96.74@688 lr=0.00078 time=7.3s
[ultrawidescaledtail10_e750_s46] ep 702/750 train_loss=0.7728 val_raw=96.54 val_ema=96.42 best_raw=96.74@686 best_ema=96.64@696 lr=0.00102 time=7.0s
[ultrawidescaledtail10_e750_s47] ep 695/750 train_loss=0.7365 val_raw=96.50 val_ema=96.70 best_raw=96.64@667 best_ema=96.76@648 lr=0.00134 time=7.4s
[ultrawidescaledtail10_e750_s43] ep 693/750 train_loss=0.7587 val_raw=96.36 val_ema=96.48 best_raw=96.60@668 best_ema=96.70@619 lr=0.00144 time=7.3s
[ultrawidescaledtail10_e750_s44] ep 690/750 train_loss=0.8048 val_raw=96.56 val_ema=96.56 best_raw=96.66@688 best_ema=96.58@661 lr=0.00159 time=7.2s
[ultrawidescaledtail10_e750_s42] ep 690/750 train_loss=0.7648 val_raw=96.50 val_ema=96.54 best_raw=96.66@677 best_ema=96.66@669 lr=0.00159 time=7.5s
[ultrawidescaledtail10_e750_s45] ep 701/750 train_loss=0.7926 val_raw=96.54 val_ema=96.60 best_raw=96.78@668 best_ema=96.82@648 lr=0.00106 time=7.4s
[ultrawidescaledtail10_e750_s49] ep 689/750 train_loss=0.7609 val_raw=96.54 val_ema=96.62 best_raw=96.82@677 best_ema=96.86@672 lr=0.00165 time=7.2s
[ultrawidescaledtail10_e750_s48] ep 709/750 train_loss=0.8677 val_raw=96.52 val_ema=96.46 best_raw=96.70@681 best_ema=96.74@688 lr=0.00075 time=7.0s
[ultrawidescaledtail10_e750_s46] ep 703/750 train_loss=0.7633 val_raw=96.58 val_ema=96.64 best_raw=96.74@686 best_ema=96.64@696 lr=0.00098 time=7.0s
[ultrawidescaledtail10_e750_s43] ep 694/750 train_loss=0.7753 val_raw=96.34 val_ema=96.42 best_raw=96.60@668 best_ema=96.70@619 lr=0.00139 time=7.2s
[ultrawidescaledtail10_e750_s47] ep 696/750 train_loss=0.8071 val_raw=96.54 val_ema=96.60 best_raw=96.64@667 best_ema=96.76@648 lr=0.00129 time=7.6s
[ultrawidescaledtail10_e750_s44] ep 691/750 train_loss=0.8238 val_raw=96.30 val_ema=96.26 best_raw=96.66@688 best_ema=96.58@661 lr=0.00154 time=7.3s
[ultrawidescaledtail10_e750_s42] ep 691/750 train_loss=0.8184 val_raw=96.46 val_ema=96.66 best_raw=96.66@677 best_ema=96.66@669 lr=0.00154 time=7.4s
[ultrawidescaledtail10_e750_s45] ep 702/750 train_loss=0.7396 val_raw=96.52 val_ema=96.60 best_raw=96.78@668 best_ema=96.82@648 lr=0.00102 time=7.0s
[ultrawidescaledtail10_e750_s49] ep 690/750 train_loss=0.7717 val_raw=96.72 val_ema=96.64 best_raw=96.82@677 best_ema=96.86@672 lr=0.00159 time=7.1s
[ultrawidescaledtail10_e750_s48] ep 710/750 train_loss=0.7783 val_raw=96.50 val_ema=96.50 best_raw=96.70@681 best_ema=96.74@688 lr=0.00071 time=7.0s
[ultrawidescaledtail10_e750_s46] ep 704/750 train_loss=0.7918 val_raw=96.56 val_ema=96.64 best_raw=96.74@686 best_ema=96.64@696 lr=0.00094 time=7.4s
[ultrawidescaledtail10_e750_s43] ep 695/750 train_loss=0.7760 val_raw=96.50 val_ema=96.42 best_raw=96.60@668 best_ema=96.70@619 lr=0.00134 time=7.4s
[ultrawidescaledtail10_e750_s47] ep 697/750 train_loss=0.7933 val_raw=96.30 val_ema=96.30 best_raw=96.64@667 best_ema=96.76@648 lr=0.00124 time=7.3s
[ultrawidescaledtail10_e750_s44] ep 692/750 train_loss=0.7482 val_raw=96.48 val_ema=96.64 best_raw=96.66@688 best_ema=96.64@692 lr=0.00149 time=7.4s
[ultrawidescaledtail10_e750_s42] ep 692/750 train_loss=0.8093 val_raw=96.48 val_ema=96.44 best_raw=96.66@677 best_ema=96.66@669 lr=0.00149 time=7.2s
[ultrawidescaledtail10_e750_s45] ep 703/750 train_loss=0.7965 val_raw=96.62 val_ema=96.80 best_raw=96.78@668 best_ema=96.82@648 lr=0.00098 time=7.0s
[ultrawidescaledtail10_e750_s49] ep 691/750 train_loss=0.7680 val_raw=96.56 val_ema=96.52 best_raw=96.82@677 best_ema=96.86@672 lr=0.00154 time=7.4s
[ultrawidescaledtail10_e750_s48] ep 711/750 train_loss=0.8055 val_raw=96.56 val_ema=96.48 best_raw=96.70@681 best_ema=96.74@688 lr=0.00067 time=7.0s
[ultrawidescaledtail10_e750_s46] ep 705/750 train_loss=0.7944 val_raw=96.48 val_ema=96.56 best_raw=96.74@686 best_ema=96.64@696 lr=0.00090 time=7.5s
[ultrawidescaledtail10_e750_s43] ep 696/750 train_loss=0.8040 val_raw=96.46 val_ema=96.50 best_raw=96.60@668 best_ema=96.70@619 lr=0.00129 time=7.5s
[ultrawidescaledtail10_e750_s47] ep 698/750 train_loss=0.8155 val_raw=96.72 val_ema=96.58 best_raw=96.72@698 best_ema=96.76@648 lr=0.00120 time=7.7s
[ultrawidescaledtail10_e750_s44] ep 693/750 train_loss=0.8246 val_raw=96.50 val_ema=96.32 best_raw=96.66@688 best_ema=96.64@692 lr=0.00144 time=7.3s
[ultrawidescaledtail10_e750_s42] ep 693/750 train_loss=0.7975 val_raw=96.42 val_ema=96.46 best_raw=96.66@677 best_ema=96.66@669 lr=0.00144 time=7.1s
[ultrawidescaledtail10_e750_s45] ep 704/750 train_loss=0.7628 val_raw=96.48 val_ema=96.80 best_raw=96.78@668 best_ema=96.82@648 lr=0.00094 time=7.4s
[ultrawidescaledtail10_e750_s48] ep 712/750 train_loss=0.8364 val_raw=96.62 val_ema=96.60 best_raw=96.70@681 best_ema=96.74@688 lr=0.00064 time=7.2s
[ultrawidescaledtail10_e750_s49] ep 692/750 train_loss=0.7655 val_raw=96.70 val_ema=96.56 best_raw=96.82@677 best_ema=96.86@672 lr=0.00149 time=7.6s
[ultrawidescaledtail10_e750_s46] ep 706/750 train_loss=0.7659 val_raw=96.48 val_ema=96.36 best_raw=96.74@686 best_ema=96.64@696 lr=0.00086 time=7.2s
[ultrawidescaledtail10_e750_s43] ep 697/750 train_loss=0.7600 val_raw=96.44 val_ema=96.38 best_raw=96.60@668 best_ema=96.70@619 lr=0.00124 time=7.2s
[ultrawidescaledtail10_e750_s47] ep 699/750 train_loss=0.8025 val_raw=96.52 val_ema=96.60 best_raw=96.72@698 best_ema=96.76@648 lr=0.00115 time=7.3s
[ultrawidescaledtail10_e750_s44] ep 694/750 train_loss=0.7896 val_raw=96.36 val_ema=96.54 best_raw=96.66@688 best_ema=96.64@692 lr=0.00139 time=7.4s
[ultrawidescaledtail10_e750_s42] ep 694/750 train_loss=0.7546 val_raw=96.54 val_ema=96.58 best_raw=96.66@677 best_ema=96.66@669 lr=0.00139 time=7.4s
[ultrawidescaledtail10_e750_s45] ep 705/750 train_loss=0.8003 val_raw=96.60 val_ema=96.70 best_raw=96.78@668 best_ema=96.82@648 lr=0.00090 time=7.1s
[ultrawidescaledtail10_e750_s49] ep 693/750 train_loss=0.7891 val_raw=96.64 val_ema=96.66 best_raw=96.82@677 best_ema=96.86@672 lr=0.00144 time=7.2s
[ultrawidescaledtail10_e750_s48] ep 713/750 train_loss=0.7869 val_raw=96.64 val_ema=96.64 best_raw=96.70@681 best_ema=96.74@688 lr=0.00061 time=7.3s
[ultrawidescaledtail10_e750_s46] ep 707/750 train_loss=0.7669 val_raw=96.52 val_ema=96.60 best_raw=96.74@686 best_ema=96.64@696 lr=0.00082 time=7.4s
[ultrawidescaledtail10_e750_s43] ep 698/750 train_loss=0.7808 val_raw=96.22 val_ema=96.30 best_raw=96.60@668 best_ema=96.70@619 lr=0.00120 time=7.1s
[ultrawidescaledtail10_e750_s47] ep 700/750 train_loss=0.7861 val_raw=96.60 val_ema=96.66 best_raw=96.72@698 best_ema=96.76@648 lr=0.00111 time=7.6s
[ultrawidescaledtail10_e750_s44] ep 695/750 train_loss=0.7626 val_raw=96.52 val_ema=96.60 best_raw=96.66@688 best_ema=96.64@692 lr=0.00134 time=7.1s
[ultrawidescaledtail10_e750_s42] ep 695/750 train_loss=0.7498 val_raw=96.66 val_ema=96.58 best_raw=96.66@677 best_ema=96.66@669 lr=0.00134 time=7.5s
[ultrawidescaledtail10_e750_s45] ep 706/750 train_loss=0.7692 val_raw=96.58 val_ema=96.62 best_raw=96.78@668 best_ema=96.82@648 lr=0.00086 time=7.0s
[ultrawidescaledtail10_e750_s49] ep 694/750 train_loss=0.8051 val_raw=96.42 val_ema=96.62 best_raw=96.82@677 best_ema=96.86@672 lr=0.00139 time=7.1s
[ultrawidescaledtail10_e750_s48] ep 714/750 train_loss=0.7875 val_raw=96.62 val_ema=96.64 best_raw=96.70@681 best_ema=96.74@688 lr=0.00058 time=7.3s
[ultrawidescaledtail10_e750_s46] ep 708/750 train_loss=0.7206 val_raw=96.54 val_ema=96.60 best_raw=96.74@686 best_ema=96.64@696 lr=0.00078 time=7.6s
[ultrawidescaledtail10_e750_s43] ep 699/750 train_loss=0.8013 val_raw=96.52 val_ema=96.40 best_raw=96.60@668 best_ema=96.70@619 lr=0.00115 time=7.2s
[ultrawidescaledtail10_e750_s47] ep 701/750 train_loss=0.7924 val_raw=96.66 val_ema=96.70 best_raw=96.72@698 best_ema=96.76@648 lr=0.00106 time=7.6s
[ultrawidescaledtail10_e750_s44] ep 696/750 train_loss=0.7314 val_raw=96.36 val_ema=96.62 best_raw=96.66@688 best_ema=96.64@692 lr=0.00129 time=7.6s
[ultrawidescaledtail10_e750_s45] ep 707/750 train_loss=0.7581 val_raw=96.72 val_ema=96.56 best_raw=96.78@668 best_ema=96.82@648 lr=0.00082 time=7.2s
[ultrawidescaledtail10_e750_s42] ep 696/750 train_loss=0.7584 val_raw=96.40 val_ema=96.54 best_raw=96.66@677 best_ema=96.66@669 lr=0.00129 time=7.5s
[ultrawidescaledtail10_e750_s49] ep 695/750 train_loss=0.8235 val_raw=96.42 val_ema=96.48 best_raw=96.82@677 best_ema=96.86@672 lr=0.00134 time=7.1s
[ultrawidescaledtail10_e750_s48] ep 715/750 train_loss=0.7886 val_raw=96.58 val_ema=96.64 best_raw=96.70@681 best_ema=96.74@688 lr=0.00054 time=7.2s
[ultrawidescaledtail10_e750_s46] ep 709/750 train_loss=0.7244 val_raw=96.58 val_ema=96.62 best_raw=96.74@686 best_ema=96.64@696 lr=0.00075 time=7.2s
[ultrawidescaledtail10_e750_s43] ep 700/750 train_loss=0.7666 val_raw=96.64 val_ema=96.50 best_raw=96.64@700 best_ema=96.70@619 lr=0.00111 time=7.5s
[ultrawidescaledtail10_e750_s47] ep 702/750 train_loss=0.8027 val_raw=96.66 val_ema=96.62 best_raw=96.72@698 best_ema=96.76@648 lr=0.00102 time=7.6s
[ultrawidescaledtail10_e750_s44] ep 697/750 train_loss=0.7926 val_raw=96.52 val_ema=96.48 best_raw=96.66@688 best_ema=96.64@692 lr=0.00124 time=7.2s
[ultrawidescaledtail10_e750_s45] ep 708/750 train_loss=0.8189 val_raw=96.72 val_ema=96.64 best_raw=96.78@668 best_ema=96.82@648 lr=0.00078 time=7.2s
[ultrawidescaledtail10_e750_s42] ep 697/750 train_loss=0.7593 val_raw=96.64 val_ema=96.56 best_raw=96.66@677 best_ema=96.66@669 lr=0.00124 time=7.5s
[ultrawidescaledtail10_e750_s49] ep 696/750 train_loss=0.7894 val_raw=96.62 val_ema=96.64 best_raw=96.82@677 best_ema=96.86@672 lr=0.00129 time=7.7s
[ultrawidescaledtail10_e750_s48] ep 716/750 train_loss=0.7957 val_raw=96.46 val_ema=96.42 best_raw=96.70@681 best_ema=96.74@688 lr=0.00051 time=7.5s
[ultrawidescaledtail10_e750_s46] ep 710/750 train_loss=0.7992 val_raw=96.52 val_ema=96.48 best_raw=96.74@686 best_ema=96.64@696 lr=0.00071 time=7.5s
[ultrawidescaledtail10_e750_s43] ep 701/750 train_loss=0.7690 val_raw=96.56 val_ema=96.52 best_raw=96.64@700 best_ema=96.70@619 lr=0.00106 time=7.5s
[ultrawidescaledtail10_e750_s47] ep 703/750 train_loss=0.8084 val_raw=96.66 val_ema=96.62 best_raw=96.72@698 best_ema=96.76@648 lr=0.00098 time=7.3s
[ultrawidescaledtail10_e750_s44] ep 698/750 train_loss=0.7805 val_raw=96.34 val_ema=96.60 best_raw=96.66@688 best_ema=96.64@692 lr=0.00120 time=7.2s
[ultrawidescaledtail10_e750_s45] ep 709/750 train_loss=0.7432 val_raw=96.74 val_ema=96.64 best_raw=96.78@668 best_ema=96.82@648 lr=0.00075 time=7.4s
[ultrawidescaledtail10_e750_s42] ep 698/750 train_loss=0.7961 val_raw=96.54 val_ema=96.58 best_raw=96.66@677 best_ema=96.66@669 lr=0.00120 time=7.1s
[ultrawidescaledtail10_e750_s48] ep 717/750 train_loss=0.7832 val_raw=96.50 val_ema=96.50 best_raw=96.70@681 best_ema=96.74@688 lr=0.00048 time=7.2s
[ultrawidescaledtail10_e750_s49] ep 697/750 train_loss=0.7939 val_raw=96.68 val_ema=96.54 best_raw=96.82@677 best_ema=96.86@672 lr=0.00124 time=7.6s
[ultrawidescaledtail10_e750_s46] ep 711/750 train_loss=0.7950 val_raw=96.44 val_ema=96.64 best_raw=96.74@686 best_ema=96.64@696 lr=0.00067 time=7.2s
[ultrawidescaledtail10_e750_s43] ep 702/750 train_loss=0.7693 val_raw=96.44 val_ema=96.46 best_raw=96.64@700 best_ema=96.70@619 lr=0.00102 time=7.2s
[ultrawidescaledtail10_e750_s47] ep 704/750 train_loss=0.8761 val_raw=96.66 val_ema=96.64 best_raw=96.72@698 best_ema=96.76@648 lr=0.00094 time=7.3s
[ultrawidescaledtail10_e750_s44] ep 699/750 train_loss=0.7826 val_raw=96.44 val_ema=96.50 best_raw=96.66@688 best_ema=96.64@692 lr=0.00115 time=7.6s
[ultrawidescaledtail10_e750_s45] ep 710/750 train_loss=0.7878 val_raw=96.54 val_ema=96.58 best_raw=96.78@668 best_ema=96.82@648 lr=0.00071 time=7.2s
[ultrawidescaledtail10_e750_s42] ep 699/750 train_loss=0.7838 val_raw=96.40 val_ema=96.50 best_raw=96.66@677 best_ema=96.66@669 lr=0.00115 time=7.2s
[ultrawidescaledtail10_e750_s49] ep 698/750 train_loss=0.7251 val_raw=96.60 val_ema=96.56 best_raw=96.82@677 best_ema=96.86@672 lr=0.00120 time=7.0s
[ultrawidescaledtail10_e750_s48] ep 718/750 train_loss=0.8493 val_raw=96.40 val_ema=96.42 best_raw=96.70@681 best_ema=96.74@688 lr=0.00045 time=7.6s
[ultrawidescaledtail10_e750_s46] ep 712/750 train_loss=0.8326 val_raw=96.44 val_ema=96.40 best_raw=96.74@686 best_ema=96.64@696 lr=0.00064 time=7.4s
[ultrawidescaledtail10_e750_s43] ep 703/750 train_loss=0.7800 val_raw=96.60 val_ema=96.42 best_raw=96.64@700 best_ema=96.70@619 lr=0.00098 time=7.5s
[ultrawidescaledtail10_e750_s47] ep 705/750 train_loss=0.7704 val_raw=96.58 val_ema=96.60 best_raw=96.72@698 best_ema=96.76@648 lr=0.00090 time=7.1s
[ultrawidescaledtail10_e750_s45] ep 711/750 train_loss=0.7930 val_raw=96.72 val_ema=96.64 best_raw=96.78@668 best_ema=96.82@648 lr=0.00067 time=7.1s
[ultrawidescaledtail10_e750_s44] ep 700/750 train_loss=0.8127 val_raw=96.34 val_ema=96.26 best_raw=96.66@688 best_ema=96.64@692 lr=0.00111 time=7.6s
[ultrawidescaledtail10_e750_s42] ep 700/750 train_loss=0.8020 val_raw=96.40 val_ema=96.64 best_raw=96.66@677 best_ema=96.66@669 lr=0.00111 time=7.6s
[ultrawidescaledtail10_e750_s49] ep 699/750 train_loss=0.7676 val_raw=96.66 val_ema=96.54 best_raw=96.82@677 best_ema=96.86@672 lr=0.00115 time=7.4s
[ultrawidescaledtail10_e750_s48] ep 719/750 train_loss=0.7613 val_raw=96.52 val_ema=96.50 best_raw=96.70@681 best_ema=96.74@688 lr=0.00043 time=7.7s
[ultrawidescaledtail10_e750_s46] ep 713/750 train_loss=0.7465 val_raw=96.44 val_ema=96.64 best_raw=96.74@686 best_ema=96.64@696 lr=0.00061 time=7.3s
[ultrawidescaledtail10_e750_s43] ep 704/750 train_loss=0.8129 val_raw=96.56 val_ema=96.44 best_raw=96.64@700 best_ema=96.70@619 lr=0.00094 time=7.6s
[ultrawidescaledtail10_e750_s47] ep 706/750 train_loss=0.8016 val_raw=96.62 val_ema=96.66 best_raw=96.72@698 best_ema=96.76@648 lr=0.00086 time=7.6s
[ultrawidescaledtail10_e750_s44] ep 701/750 train_loss=0.8792 val_raw=96.46 val_ema=96.30 best_raw=96.66@688 best_ema=96.64@692 lr=0.00106 time=7.2s
[ultrawidescaledtail10_e750_s45] ep 712/750 train_loss=0.7495 val_raw=96.68 val_ema=96.68 best_raw=96.78@668 best_ema=96.82@648 lr=0.00064 time=7.3s
[ultrawidescaledtail10_e750_s42] ep 701/750 train_loss=0.7566 val_raw=96.48 val_ema=96.54 best_raw=96.66@677 best_ema=96.66@669 lr=0.00106 time=7.4s
[ultrawidescaledtail10_e750_s49] ep 700/750 train_loss=0.8103 val_raw=96.76 val_ema=96.60 best_raw=96.82@677 best_ema=96.86@672 lr=0.00111 time=7.2s
[ultrawidescaledtail10_e750_s48] ep 720/750 train_loss=0.7504 val_raw=96.64 val_ema=96.64 best_raw=96.70@681 best_ema=96.74@688 lr=0.00040 time=7.5s
[ultrawidescaledtail10_e750_s46] ep 714/750 train_loss=0.7296 val_raw=96.54 val_ema=96.56 best_raw=96.74@686 best_ema=96.64@696 lr=0.00058 time=7.5s
[ultrawidescaledtail10_e750_s43] ep 705/750 train_loss=0.8450 val_raw=96.52 val_ema=96.28 best_raw=96.64@700 best_ema=96.70@619 lr=0.00090 time=7.5s
[ultrawidescaledtail10_e750_s47] ep 707/750 train_loss=0.7760 val_raw=96.68 val_ema=96.62 best_raw=96.72@698 best_ema=96.76@648 lr=0.00082 time=7.1s
[ultrawidescaledtail10_e750_s44] ep 702/750 train_loss=0.8362 val_raw=96.36 val_ema=96.32 best_raw=96.66@688 best_ema=96.64@692 lr=0.00102 time=7.2s
[ultrawidescaledtail10_e750_s45] ep 713/750 train_loss=0.7815 val_raw=96.72 val_ema=96.64 best_raw=96.78@668 best_ema=96.82@648 lr=0.00061 time=7.4s
[ultrawidescaledtail10_e750_s42] ep 702/750 train_loss=0.8156 val_raw=96.66 val_ema=96.62 best_raw=96.66@677 best_ema=96.66@669 lr=0.00102 time=7.6s
[ultrawidescaledtail10_e750_s49] ep 701/750 train_loss=0.8122 val_raw=96.66 val_ema=96.74 best_raw=96.82@677 best_ema=96.86@672 lr=0.00106 time=7.2s
[ultrawidescaledtail10_e750_s48] ep 721/750 train_loss=0.8028 val_raw=96.50 val_ema=96.54 best_raw=96.70@681 best_ema=96.74@688 lr=0.00037 time=7.3s
[ultrawidescaledtail10_e750_s46] ep 715/750 train_loss=0.8028 val_raw=96.48 val_ema=96.46 best_raw=96.74@686 best_ema=96.64@696 lr=0.00054 time=7.3s
[ultrawidescaledtail10_e750_s43] ep 706/750 train_loss=0.7547 val_raw=96.42 val_ema=96.58 best_raw=96.64@700 best_ema=96.70@619 lr=0.00086 time=7.2s
[ultrawidescaledtail10_e750_s47] ep 708/750 train_loss=0.7851 val_raw=96.64 val_ema=96.54 best_raw=96.72@698 best_ema=96.76@648 lr=0.00078 time=7.2s
[ultrawidescaledtail10_e750_s44] ep 703/750 train_loss=0.8893 val_raw=96.46 val_ema=96.46 best_raw=96.66@688 best_ema=96.64@692 lr=0.00098 time=7.3s
[ultrawidescaledtail10_e750_s45] ep 714/750 train_loss=0.7362 val_raw=96.68 val_ema=96.72 best_raw=96.78@668 best_ema=96.82@648 lr=0.00058 time=7.4s
[ultrawidescaledtail10_e750_s42] ep 703/750 train_loss=0.7822 val_raw=96.56 val_ema=96.60 best_raw=96.66@677 best_ema=96.66@669 lr=0.00098 time=7.7s
[ultrawidescaledtail10_e750_s49] ep 702/750 train_loss=0.8078 val_raw=96.80 val_ema=96.68 best_raw=96.82@677 best_ema=96.86@672 lr=0.00102 time=7.1s
[ultrawidescaledtail10_e750_s48] ep 722/750 train_loss=0.8110 val_raw=96.54 val_ema=96.72 best_raw=96.70@681 best_ema=96.74@688 lr=0.00035 time=7.2s
[ultrawidescaledtail10_e750_s46] ep 716/750 train_loss=0.7847 val_raw=96.58 val_ema=96.56 best_raw=96.74@686 best_ema=96.64@696 lr=0.00051 time=7.5s
[ultrawidescaledtail10_e750_s43] ep 707/750 train_loss=0.7873 val_raw=96.60 val_ema=96.42 best_raw=96.64@700 best_ema=96.70@619 lr=0.00082 time=7.1s
[ultrawidescaledtail10_e750_s47] ep 709/750 train_loss=0.7561 val_raw=96.80 val_ema=96.54 best_raw=96.80@709 best_ema=96.76@648 lr=0.00075 time=7.4s
[ultrawidescaledtail10_e750_s44] ep 704/750 train_loss=0.8060 val_raw=96.46 val_ema=96.40 best_raw=96.66@688 best_ema=96.64@692 lr=0.00094 time=7.2s
[ultrawidescaledtail10_e750_s45] ep 715/750 train_loss=0.8021 val_raw=96.74 val_ema=96.62 best_raw=96.78@668 best_ema=96.82@648 lr=0.00054 time=7.2s
[ultrawidescaledtail10_e750_s42] ep 704/750 train_loss=0.7891 val_raw=96.52 val_ema=96.60 best_raw=96.66@677 best_ema=96.66@669 lr=0.00094 time=7.3s
[ultrawidescaledtail10_e750_s49] ep 703/750 train_loss=0.8327 val_raw=96.66 val_ema=96.68 best_raw=96.82@677 best_ema=96.86@672 lr=0.00098 time=7.3s
[ultrawidescaledtail10_e750_s48] ep 723/750 train_loss=0.7973 val_raw=96.42 val_ema=96.50 best_raw=96.70@681 best_ema=96.74@688 lr=0.00032 time=7.4s
[ultrawidescaledtail10_e750_s46] ep 717/750 train_loss=0.7762 val_raw=96.62 val_ema=96.54 best_raw=96.74@686 best_ema=96.64@696 lr=0.00048 time=7.6s
[ultrawidescaledtail10_e750_s43] ep 708/750 train_loss=0.8012 val_raw=96.64 val_ema=96.40 best_raw=96.64@700 best_ema=96.70@619 lr=0.00078 time=7.6s
[ultrawidescaledtail10_e750_s47] ep 710/750 train_loss=0.7946 val_raw=96.54 val_ema=96.70 best_raw=96.80@709 best_ema=96.76@648 lr=0.00071 time=7.3s
[ultrawidescaledtail10_e750_s44] ep 705/750 train_loss=0.8270 val_raw=96.44 val_ema=96.40 best_raw=96.66@688 best_ema=96.64@692 lr=0.00090 time=7.6s
[ultrawidescaledtail10_e750_s45] ep 716/750 train_loss=0.8490 val_raw=96.76 val_ema=96.66 best_raw=96.78@668 best_ema=96.82@648 lr=0.00051 time=7.5s
[ultrawidescaledtail10_e750_s42] ep 705/750 train_loss=0.7699 val_raw=96.64 val_ema=96.62 best_raw=96.66@677 best_ema=96.66@669 lr=0.00090 time=7.2s
[ultrawidescaledtail10_e750_s49] ep 704/750 train_loss=0.7404 val_raw=96.80 val_ema=96.72 best_raw=96.82@677 best_ema=96.86@672 lr=0.00094 time=7.4s
[ultrawidescaledtail10_e750_s48] ep 724/750 train_loss=0.7682 val_raw=96.56 val_ema=96.60 best_raw=96.70@681 best_ema=96.74@688 lr=0.00030 time=7.3s
[ultrawidescaledtail10_e750_s46] ep 718/750 train_loss=0.7707 val_raw=96.58 val_ema=96.56 best_raw=96.74@686 best_ema=96.64@696 lr=0.00045 time=7.4s
[ultrawidescaledtail10_e750_s43] ep 709/750 train_loss=0.8200 val_raw=96.40 val_ema=96.32 best_raw=96.64@700 best_ema=96.70@619 lr=0.00075 time=7.1s
[ultrawidescaledtail10_e750_s47] ep 711/750 train_loss=0.8146 val_raw=96.64 val_ema=96.68 best_raw=96.80@709 best_ema=96.76@648 lr=0.00067 time=7.7s
[ultrawidescaledtail10_e750_s44] ep 706/750 train_loss=0.8156 val_raw=96.44 val_ema=96.32 best_raw=96.66@688 best_ema=96.64@692 lr=0.00086 time=7.1s
[ultrawidescaledtail10_e750_s45] ep 717/750 train_loss=0.7813 val_raw=96.84 val_ema=96.64 best_raw=96.84@717 best_ema=96.82@648 lr=0.00048 time=7.1s
[ultrawidescaledtail10_e750_s42] ep 706/750 train_loss=0.7604 val_raw=96.56 val_ema=96.52 best_raw=96.66@677 best_ema=96.66@669 lr=0.00086 time=7.6s
[ultrawidescaledtail10_e750_s49] ep 705/750 train_loss=0.8109 val_raw=96.58 val_ema=96.54 best_raw=96.82@677 best_ema=96.86@672 lr=0.00090 time=7.7s
[ultrawidescaledtail10_e750_s48] ep 725/750 train_loss=0.7453 val_raw=96.78 val_ema=96.70 best_raw=96.78@725 best_ema=96.74@688 lr=0.00028 time=7.2s
[ultrawidescaledtail10_e750_s46] ep 719/750 train_loss=0.7928 val_raw=96.50 val_ema=96.54 best_raw=96.74@686 best_ema=96.64@696 lr=0.00043 time=7.3s
[ultrawidescaledtail10_e750_s43] ep 710/750 train_loss=0.8049 val_raw=96.50 val_ema=96.64 best_raw=96.64@700 best_ema=96.70@619 lr=0.00071 time=7.3s
[ultrawidescaledtail10_e750_s47] ep 712/750 train_loss=0.7984 val_raw=96.70 val_ema=96.70 best_raw=96.80@709 best_ema=96.76@648 lr=0.00064 time=7.3s
[ultrawidescaledtail10_e750_s44] ep 707/750 train_loss=0.8176 val_raw=96.52 val_ema=96.50 best_raw=96.66@688 best_ema=96.64@692 lr=0.00082 time=7.4s
[ultrawidescaledtail10_e750_s45] ep 718/750 train_loss=0.8184 val_raw=96.64 val_ema=96.64 best_raw=96.84@717 best_ema=96.82@648 lr=0.00045 time=7.2s
[ultrawidescaledtail10_e750_s42] ep 707/750 train_loss=0.7550 val_raw=96.62 val_ema=96.68 best_raw=96.66@677 best_ema=96.68@707 lr=0.00082 time=7.5s
[ultrawidescaledtail10_e750_s49] ep 706/750 train_loss=0.8069 val_raw=96.64 val_ema=96.66 best_raw=96.82@677 best_ema=96.86@672 lr=0.00086 time=7.1s
[ultrawidescaledtail10_e750_s48] ep 726/750 train_loss=0.8461 val_raw=96.76 val_ema=96.60 best_raw=96.78@725 best_ema=96.74@688 lr=0.00026 time=7.4s
[ultrawidescaledtail10_e750_s46] ep 720/750 train_loss=0.8250 val_raw=96.46 val_ema=96.64 best_raw=96.74@686 best_ema=96.64@696 lr=0.00040 time=7.2s
[ultrawidescaledtail10_e750_s43] ep 711/750 train_loss=0.7833 val_raw=96.50 val_ema=96.50 best_raw=96.64@700 best_ema=96.70@619 lr=0.00067 time=7.2s
[ultrawidescaledtail10_e750_s47] ep 713/750 train_loss=0.7987 val_raw=96.68 val_ema=96.64 best_raw=96.80@709 best_ema=96.76@648 lr=0.00061 time=8.0s
[ultrawidescaledtail10_e750_s45] ep 719/750 train_loss=0.8010 val_raw=96.76 val_ema=96.58 best_raw=96.84@717 best_ema=96.82@648 lr=0.00043 time=7.2s
[ultrawidescaledtail10_e750_s44] ep 708/750 train_loss=0.7615 val_raw=96.66 val_ema=96.56 best_raw=96.66@688 best_ema=96.64@692 lr=0.00078 time=7.5s
[ultrawidescaledtail10_e750_s42] ep 708/750 train_loss=0.8187 val_raw=96.50 val_ema=96.62 best_raw=96.66@677 best_ema=96.68@707 lr=0.00078 time=7.3s
[ultrawidescaledtail10_e750_s49] ep 707/750 train_loss=0.7727 val_raw=96.76 val_ema=96.82 best_raw=96.82@677 best_ema=96.86@672 lr=0.00082 time=7.7s
[ultrawidescaledtail10_e750_s48] ep 727/750 train_loss=0.8086 val_raw=96.50 val_ema=96.44 best_raw=96.78@725 best_ema=96.74@688 lr=0.00023 time=7.8s
[ultrawidescaledtail10_e750_s46] ep 721/750 train_loss=0.7974 val_raw=96.48 val_ema=96.58 best_raw=96.74@686 best_ema=96.64@696 lr=0.00037 time=7.3s
[ultrawidescaledtail10_e750_s43] ep 712/750 train_loss=0.7933 val_raw=96.52 val_ema=96.48 best_raw=96.64@700 best_ema=96.70@619 lr=0.00064 time=7.3s
[ultrawidescaledtail10_e750_s47] ep 714/750 train_loss=0.7660 val_raw=96.78 val_ema=96.68 best_raw=96.80@709 best_ema=96.76@648 lr=0.00058 time=7.3s
[ultrawidescaledtail10_e750_s45] ep 720/750 train_loss=0.7938 val_raw=96.72 val_ema=96.66 best_raw=96.84@717 best_ema=96.82@648 lr=0.00040 time=7.4s
[ultrawidescaledtail10_e750_s44] ep 709/750 train_loss=0.8222 val_raw=96.68 val_ema=96.50 best_raw=96.68@709 best_ema=96.64@692 lr=0.00075 time=7.6s
[ultrawidescaledtail10_e750_s42] ep 709/750 train_loss=0.7439 val_raw=96.62 val_ema=96.58 best_raw=96.66@677 best_ema=96.68@707 lr=0.00075 time=7.8s
[ultrawidescaledtail10_e750_s49] ep 708/750 train_loss=0.8348 val_raw=96.68 val_ema=96.68 best_raw=96.82@677 best_ema=96.86@672 lr=0.00078 time=7.5s
[ultrawidescaledtail10_e750_s48] ep 728/750 train_loss=0.7700 val_raw=96.58 val_ema=96.52 best_raw=96.78@725 best_ema=96.74@688 lr=0.00022 time=8.2s
[ultrawidescaledtail10_e750_s43] ep 713/750 train_loss=0.8027 val_raw=96.54 val_ema=96.44 best_raw=96.64@700 best_ema=96.70@619 lr=0.00061 time=7.3s
[ultrawidescaledtail10_e750_s46] ep 722/750 train_loss=0.7833 val_raw=96.36 val_ema=96.52 best_raw=96.74@686 best_ema=96.64@696 lr=0.00035 time=7.9s
[ultrawidescaledtail10_e750_s47] ep 715/750 train_loss=0.7489 val_raw=96.62 val_ema=96.62 best_raw=96.80@709 best_ema=96.76@648 lr=0.00054 time=7.4s
[ultrawidescaledtail10_e750_s45] ep 721/750 train_loss=0.7725 val_raw=96.68 val_ema=96.48 best_raw=96.84@717 best_ema=96.82@648 lr=0.00037 time=7.3s
[ultrawidescaledtail10_e750_s44] ep 710/750 train_loss=0.7776 val_raw=96.56 val_ema=96.66 best_raw=96.68@709 best_ema=96.66@710 lr=0.00071 time=8.3s
[ultrawidescaledtail10_e750_s42] ep 710/750 train_loss=0.8087 val_raw=96.38 val_ema=96.48 best_raw=96.66@677 best_ema=96.68@707 lr=0.00071 time=7.6s
[ultrawidescaledtail10_e750_s49] ep 709/750 train_loss=0.7532 val_raw=96.88 val_ema=96.80 best_raw=96.88@709 best_ema=96.86@672 lr=0.00075 time=7.6s
[ultrawidescaledtail10_e750_s48] ep 729/750 train_loss=0.7846 val_raw=96.60 val_ema=96.60 best_raw=96.78@725 best_ema=96.74@688 lr=0.00020 time=7.6s
[ultrawidescaledtail10_e750_s43] ep 714/750 train_loss=0.7821 val_raw=96.54 val_ema=96.58 best_raw=96.64@700 best_ema=96.70@619 lr=0.00058 time=7.7s
[ultrawidescaledtail10_e750_s46] ep 723/750 train_loss=0.8120 val_raw=96.46 val_ema=96.40 best_raw=96.74@686 best_ema=96.64@696 lr=0.00032 time=8.0s
[ultrawidescaledtail10_e750_s47] ep 716/750 train_loss=0.8272 val_raw=96.68 val_ema=96.70 best_raw=96.80@709 best_ema=96.76@648 lr=0.00051 time=7.8s
[ultrawidescaledtail10_e750_s45] ep 722/750 train_loss=0.7647 val_raw=96.74 val_ema=96.64 best_raw=96.84@717 best_ema=96.82@648 lr=0.00035 time=7.5s
[ultrawidescaledtail10_e750_s44] ep 711/750 train_loss=0.7881 val_raw=96.50 val_ema=96.56 best_raw=96.68@709 best_ema=96.66@710 lr=0.00067 time=8.1s
[ultrawidescaledtail10_e750_s42] ep 711/750 train_loss=0.8140 val_raw=96.74 val_ema=96.54 best_raw=96.74@711 best_ema=96.68@707 lr=0.00067 time=7.4s
[ultrawidescaledtail10_e750_s49] ep 710/750 train_loss=0.7587 val_raw=96.66 val_ema=96.62 best_raw=96.88@709 best_ema=96.86@672 lr=0.00071 time=7.6s
[ultrawidescaledtail10_e750_s48] ep 730/750 train_loss=0.7489 val_raw=96.58 val_ema=96.58 best_raw=96.78@725 best_ema=96.74@688 lr=0.00018 time=7.6s
[ultrawidescaledtail10_e750_s43] ep 715/750 train_loss=0.8216 val_raw=96.54 val_ema=96.42 best_raw=96.64@700 best_ema=96.70@619 lr=0.00054 time=7.7s
[ultrawidescaledtail10_e750_s46] ep 724/750 train_loss=0.7256 val_raw=96.48 val_ema=96.42 best_raw=96.74@686 best_ema=96.64@696 lr=0.00030 time=7.4s
[ultrawidescaledtail10_e750_s47] ep 717/750 train_loss=0.8088 val_raw=96.78 val_ema=96.72 best_raw=96.80@709 best_ema=96.76@648 lr=0.00048 time=7.7s
[ultrawidescaledtail10_e750_s45] ep 723/750 train_loss=0.7510 val_raw=96.68 val_ema=96.66 best_raw=96.84@717 best_ema=96.82@648 lr=0.00032 time=8.3s
[ultrawidescaledtail10_e750_s42] ep 712/750 train_loss=0.7921 val_raw=96.68 val_ema=96.42 best_raw=96.74@711 best_ema=96.68@707 lr=0.00064 time=7.2s
[ultrawidescaledtail10_e750_s44] ep 712/750 train_loss=0.7780 val_raw=96.40 val_ema=96.50 best_raw=96.68@709 best_ema=96.66@710 lr=0.00064 time=8.0s
[ultrawidescaledtail10_e750_s49] ep 711/750 train_loss=0.8386 val_raw=96.74 val_ema=96.86 best_raw=96.88@709 best_ema=96.86@672 lr=0.00067 time=7.7s
[ultrawidescaledtail10_e750_s48] ep 731/750 train_loss=0.7354 val_raw=96.58 val_ema=96.60 best_raw=96.78@725 best_ema=96.74@688 lr=0.00016 time=7.6s
[ultrawidescaledtail10_e750_s46] ep 725/750 train_loss=0.7770 val_raw=96.44 val_ema=96.50 best_raw=96.74@686 best_ema=96.64@696 lr=0.00028 time=7.4s
[ultrawidescaledtail10_e750_s43] ep 716/750 train_loss=0.8323 val_raw=96.32 val_ema=96.36 best_raw=96.64@700 best_ema=96.70@619 lr=0.00051 time=7.7s
[ultrawidescaledtail10_e750_s47] ep 718/750 train_loss=0.8548 val_raw=96.80 val_ema=96.66 best_raw=96.80@709 best_ema=96.76@648 lr=0.00045 time=7.5s
[ultrawidescaledtail10_e750_s45] ep 724/750 train_loss=0.7560 val_raw=96.80 val_ema=96.80 best_raw=96.84@717 best_ema=96.82@648 lr=0.00030 time=7.1s
[ultrawidescaledtail10_e750_s42] ep 713/750 train_loss=0.7941 val_raw=96.74 val_ema=96.52 best_raw=96.74@711 best_ema=96.68@707 lr=0.00061 time=7.6s
[ultrawidescaledtail10_e750_s49] ep 712/750 train_loss=0.8136 val_raw=96.78 val_ema=96.80 best_raw=96.88@709 best_ema=96.86@672 lr=0.00064 time=7.5s
[ultrawidescaledtail10_e750_s44] ep 713/750 train_loss=0.7923 val_raw=96.48 val_ema=96.48 best_raw=96.68@709 best_ema=96.66@710 lr=0.00061 time=8.0s
[ultrawidescaledtail10_e750_s48] ep 732/750 train_loss=0.7262 val_raw=96.58 val_ema=96.50 best_raw=96.78@725 best_ema=96.74@688 lr=0.00014 time=7.8s
[ultrawidescaledtail10_e750_s46] ep 726/750 train_loss=0.7848 val_raw=96.38 val_ema=96.34 best_raw=96.74@686 best_ema=96.64@696 lr=0.00026 time=7.6s
[ultrawidescaledtail10_e750_s43] ep 717/750 train_loss=0.8517 val_raw=96.60 val_ema=96.56 best_raw=96.64@700 best_ema=96.70@619 lr=0.00048 time=7.6s
[ultrawidescaledtail10_e750_s47] ep 719/750 train_loss=0.8071 val_raw=96.64 val_ema=96.64 best_raw=96.80@709 best_ema=96.76@648 lr=0.00043 time=7.6s
[ultrawidescaledtail10_e750_s45] ep 725/750 train_loss=0.8900 val_raw=96.68 val_ema=96.66 best_raw=96.84@717 best_ema=96.82@648 lr=0.00028 time=7.3s
[ultrawidescaledtail10_e750_s42] ep 714/750 train_loss=0.7884 val_raw=96.76 val_ema=96.52 best_raw=96.76@714 best_ema=96.68@707 lr=0.00058 time=7.5s
[ultrawidescaledtail10_e750_s49] ep 713/750 train_loss=0.8360 val_raw=96.84 val_ema=96.86 best_raw=96.88@709 best_ema=96.86@672 lr=0.00061 time=7.1s
[ultrawidescaledtail10_e750_s44] ep 714/750 train_loss=0.7201 val_raw=96.62 val_ema=96.64 best_raw=96.68@709 best_ema=96.66@710 lr=0.00058 time=7.5s
[ultrawidescaledtail10_e750_s48] ep 733/750 train_loss=0.7753 val_raw=96.54 val_ema=96.58 best_raw=96.78@725 best_ema=96.74@688 lr=0.00013 time=7.0s
[ultrawidescaledtail10_e750_s46] ep 727/750 train_loss=0.8401 val_raw=96.54 val_ema=96.46 best_raw=96.74@686 best_ema=96.64@696 lr=0.00023 time=7.6s
[ultrawidescaledtail10_e750_s43] ep 718/750 train_loss=0.8513 val_raw=96.50 val_ema=96.64 best_raw=96.64@700 best_ema=96.70@619 lr=0.00045 time=7.4s
[ultrawidescaledtail10_e750_s47] ep 720/750 train_loss=0.8298 val_raw=96.66 val_ema=96.50 best_raw=96.80@709 best_ema=96.76@648 lr=0.00040 time=7.0s
[ultrawidescaledtail10_e750_s45] ep 726/750 train_loss=0.7730 val_raw=96.70 val_ema=96.68 best_raw=96.84@717 best_ema=96.82@648 lr=0.00026 time=7.3s
[ultrawidescaledtail10_e750_s42] ep 715/750 train_loss=0.8159 val_raw=96.76 val_ema=96.56 best_raw=96.76@714 best_ema=96.68@707 lr=0.00054 time=7.6s
[ultrawidescaledtail10_e750_s49] ep 714/750 train_loss=0.8501 val_raw=96.84 val_ema=96.84 best_raw=96.88@709 best_ema=96.86@672 lr=0.00058 time=7.6s
[ultrawidescaledtail10_e750_s44] ep 715/750 train_loss=0.8124 val_raw=96.74 val_ema=96.62 best_raw=96.74@715 best_ema=96.66@710 lr=0.00054 time=7.1s
[ultrawidescaledtail10_e750_s48] ep 734/750 train_loss=0.8294 val_raw=96.50 val_ema=96.42 best_raw=96.78@725 best_ema=96.74@688 lr=0.00011 time=7.1s
[ultrawidescaledtail10_e750_s43] ep 719/750 train_loss=0.7938 val_raw=96.38 val_ema=96.42 best_raw=96.64@700 best_ema=96.70@619 lr=0.00043 time=7.1s
[ultrawidescaledtail10_e750_s46] ep 728/750 train_loss=0.8629 val_raw=96.44 val_ema=96.44 best_raw=96.74@686 best_ema=96.64@696 lr=0.00022 time=7.8s
[ultrawidescaledtail10_e750_s47] ep 721/750 train_loss=0.7836 val_raw=96.66 val_ema=96.68 best_raw=96.80@709 best_ema=96.76@648 lr=0.00037 time=7.6s
[ultrawidescaledtail10_e750_s45] ep 727/750 train_loss=0.7726 val_raw=96.82 val_ema=96.64 best_raw=96.84@717 best_ema=96.82@648 lr=0.00023 time=7.1s
[ultrawidescaledtail10_e750_s42] ep 716/750 train_loss=0.7997 val_raw=96.80 val_ema=96.46 best_raw=96.80@716 best_ema=96.68@707 lr=0.00051 time=7.6s
[ultrawidescaledtail10_e750_s49] ep 715/750 train_loss=0.7657 val_raw=96.80 val_ema=96.66 best_raw=96.88@709 best_ema=96.86@672 lr=0.00054 time=7.3s
[ultrawidescaledtail10_e750_s44] ep 716/750 train_loss=0.7892 val_raw=96.24 val_ema=96.14 best_raw=96.74@715 best_ema=96.66@710 lr=0.00051 time=7.2s
[ultrawidescaledtail10_e750_s48] ep 735/750 train_loss=0.7520 val_raw=96.56 val_ema=96.56 best_raw=96.78@725 best_ema=96.74@688 lr=0.00010 time=7.1s
[ultrawidescaledtail10_e750_s43] ep 720/750 train_loss=0.8033 val_raw=96.38 val_ema=96.44 best_raw=96.64@700 best_ema=96.70@619 lr=0.00040 time=7.3s
[ultrawidescaledtail10_e750_s46] ep 729/750 train_loss=0.7271 val_raw=96.48 val_ema=96.46 best_raw=96.74@686 best_ema=96.64@696 lr=0.00020 time=7.2s
[ultrawidescaledtail10_e750_s47] ep 722/750 train_loss=0.8076 val_raw=96.80 val_ema=96.82 best_raw=96.80@709 best_ema=96.82@722 lr=0.00035 time=7.1s
[ultrawidescaledtail10_e750_s45] ep 728/750 train_loss=0.8220 val_raw=96.88 val_ema=96.78 best_raw=96.88@728 best_ema=96.82@648 lr=0.00022 time=7.1s
[ultrawidescaledtail10_e750_s44] ep 717/750 train_loss=0.7588 val_raw=96.52 val_ema=96.38 best_raw=96.74@715 best_ema=96.66@710 lr=0.00048 time=7.1s
[ultrawidescaledtail10_e750_s49] ep 716/750 train_loss=0.7812 val_raw=96.98 val_ema=96.78 best_raw=96.98@716 best_ema=96.86@672 lr=0.00051 time=7.3s
[ultrawidescaledtail10_e750_s42] ep 717/750 train_loss=0.7559 val_raw=96.78 val_ema=96.60 best_raw=96.80@716 best_ema=96.68@707 lr=0.00048 time=7.5s
[ultrawidescaledtail10_e750_s48] ep 736/750 train_loss=0.7878 val_raw=96.58 val_ema=96.60 best_raw=96.78@725 best_ema=96.74@688 lr=0.00009 time=7.4s
[ultrawidescaledtail10_e750_s43] ep 721/750 train_loss=0.8269 val_raw=96.54 val_ema=96.50 best_raw=96.64@700 best_ema=96.70@619 lr=0.00037 time=7.4s
[ultrawidescaledtail10_e750_s46] ep 730/750 train_loss=0.7924 val_raw=96.36 val_ema=96.34 best_raw=96.74@686 best_ema=96.64@696 lr=0.00018 time=7.6s
[ultrawidescaledtail10_e750_s47] ep 723/750 train_loss=0.8013 val_raw=96.72 val_ema=96.72 best_raw=96.80@709 best_ema=96.82@722 lr=0.00032 time=7.5s
[ultrawidescaledtail10_e750_s45] ep 729/750 train_loss=0.8001 val_raw=96.68 val_ema=96.70 best_raw=96.88@728 best_ema=96.82@648 lr=0.00020 time=7.1s
[ultrawidescaledtail10_e750_s49] ep 717/750 train_loss=0.7440 val_raw=96.76 val_ema=96.70 best_raw=96.98@716 best_ema=96.86@672 lr=0.00048 time=7.1s
[ultrawidescaledtail10_e750_s44] ep 718/750 train_loss=0.8123 val_raw=96.54 val_ema=96.44 best_raw=96.74@715 best_ema=96.66@710 lr=0.00045 time=7.3s
[ultrawidescaledtail10_e750_s42] ep 718/750 train_loss=0.7907 val_raw=96.74 val_ema=96.60 best_raw=96.80@716 best_ema=96.68@707 lr=0.00045 time=7.6s
[ultrawidescaledtail10_e750_s48] ep 737/750 train_loss=0.7823 val_raw=96.70 val_ema=96.70 best_raw=96.78@725 best_ema=96.74@688 lr=0.00008 time=7.1s
[ultrawidescaledtail10_e750_s43] ep 722/750 train_loss=0.8222 val_raw=96.58 val_ema=96.58 best_raw=96.64@700 best_ema=96.70@619 lr=0.00035 time=7.2s
[ultrawidescaledtail10_e750_s46] ep 731/750 train_loss=0.7688 val_raw=96.32 val_ema=96.26 best_raw=96.74@686 best_ema=96.64@696 lr=0.00016 time=7.6s
[ultrawidescaledtail10_e750_s47] ep 724/750 train_loss=0.8332 val_raw=96.60 val_ema=96.64 best_raw=96.80@709 best_ema=96.82@722 lr=0.00030 time=7.2s
[ultrawidescaledtail10_e750_s45] ep 730/750 train_loss=0.7799 val_raw=96.74 val_ema=96.82 best_raw=96.88@728 best_ema=96.82@648 lr=0.00018 time=7.1s
[ultrawidescaledtail10_e750_s44] ep 719/750 train_loss=0.7967 val_raw=96.68 val_ema=96.60 best_raw=96.74@715 best_ema=96.66@710 lr=0.00043 time=7.3s
[ultrawidescaledtail10_e750_s49] ep 718/750 train_loss=0.7377 val_raw=96.82 val_ema=96.72 best_raw=96.98@716 best_ema=96.86@672 lr=0.00045 time=7.6s
[ultrawidescaledtail10_e750_s42] ep 719/750 train_loss=0.8282 val_raw=96.66 val_ema=96.56 best_raw=96.80@716 best_ema=96.68@707 lr=0.00043 time=7.4s
[ultrawidescaledtail10_e750_s48] ep 738/750 train_loss=0.8255 val_raw=96.64 val_ema=96.60 best_raw=96.78@725 best_ema=96.74@688 lr=0.00006 time=7.4s
[ultrawidescaledtail10_e750_s43] ep 723/750 train_loss=0.7825 val_raw=96.54 val_ema=96.52 best_raw=96.64@700 best_ema=96.70@619 lr=0.00032 time=7.4s
[ultrawidescaledtail10_e750_s46] ep 732/750 train_loss=0.7339 val_raw=96.56 val_ema=96.52 best_raw=96.74@686 best_ema=96.64@696 lr=0.00014 time=7.1s
[ultrawidescaledtail10_e750_s47] ep 725/750 train_loss=0.8673 val_raw=96.62 val_ema=96.68 best_raw=96.80@709 best_ema=96.82@722 lr=0.00028 time=7.4s
[ultrawidescaledtail10_e750_s45] ep 731/750 train_loss=0.8199 val_raw=96.64 val_ema=96.80 best_raw=96.88@728 best_ema=96.82@648 lr=0.00016 time=7.5s
[ultrawidescaledtail10_e750_s44] ep 720/750 train_loss=0.7791 val_raw=96.62 val_ema=96.60 best_raw=96.74@715 best_ema=96.66@710 lr=0.00040 time=7.1s
[ultrawidescaledtail10_e750_s49] ep 719/750 train_loss=0.7848 val_raw=96.82 val_ema=96.64 best_raw=96.98@716 best_ema=96.86@672 lr=0.00043 time=7.6s
[ultrawidescaledtail10_e750_s42] ep 720/750 train_loss=0.7631 val_raw=96.74 val_ema=96.54 best_raw=96.80@716 best_ema=96.68@707 lr=0.00040 time=7.5s
[ultrawidescaledtail10_e750_s48] ep 739/750 train_loss=0.8048 val_raw=96.62 val_ema=96.68 best_raw=96.78@725 best_ema=96.74@688 lr=0.00005 time=7.4s
[ultrawidescaledtail10_e750_s43] ep 724/750 train_loss=0.7538 val_raw=96.52 val_ema=96.56 best_raw=96.64@700 best_ema=96.70@619 lr=0.00030 time=7.6s
[ultrawidescaledtail10_e750_s46] ep 733/750 train_loss=0.8108 val_raw=96.56 val_ema=96.56 best_raw=96.74@686 best_ema=96.64@696 lr=0.00013 time=7.6s
[ultrawidescaledtail10_e750_s45] ep 732/750 train_loss=0.7976 val_raw=96.66 val_ema=96.72 best_raw=96.88@728 best_ema=96.82@648 lr=0.00014 time=7.3s
[ultrawidescaledtail10_e750_s47] ep 726/750 train_loss=0.7512 val_raw=96.76 val_ema=96.84 best_raw=96.80@709 best_ema=96.84@726 lr=0.00026 time=7.6s
[ultrawidescaledtail10_e750_s44] ep 721/750 train_loss=0.8138 val_raw=96.38 val_ema=96.30 best_raw=96.74@715 best_ema=96.66@710 lr=0.00037 time=7.7s
[ultrawidescaledtail10_e750_s49] ep 720/750 train_loss=0.7866 val_raw=96.74 val_ema=96.84 best_raw=96.98@716 best_ema=96.86@672 lr=0.00040 time=7.5s
[ultrawidescaledtail10_e750_s42] ep 721/750 train_loss=0.8531 val_raw=96.88 val_ema=96.68 best_raw=96.88@721 best_ema=96.68@707 lr=0.00037 time=7.5s
[ultrawidescaledtail10_e750_s48] ep 740/750 train_loss=0.8134 val_raw=96.66 val_ema=96.72 best_raw=96.78@725 best_ema=96.74@688 lr=0.00004 time=7.5s
[ultrawidescaledtail10_e750_s43] ep 725/750 train_loss=0.8548 val_raw=96.62 val_ema=96.54 best_raw=96.64@700 best_ema=96.70@619 lr=0.00028 time=7.8s
[ultrawidescaledtail10_e750_s46] ep 734/750 train_loss=0.8028 val_raw=96.56 val_ema=96.46 best_raw=96.74@686 best_ema=96.64@696 lr=0.00011 time=7.5s
[ultrawidescaledtail10_e750_s45] ep 733/750 train_loss=0.6996 val_raw=96.68 val_ema=96.78 best_raw=96.88@728 best_ema=96.82@648 lr=0.00013 time=7.5s
[ultrawidescaledtail10_e750_s47] ep 727/750 train_loss=0.7744 val_raw=96.64 val_ema=96.76 best_raw=96.80@709 best_ema=96.84@726 lr=0.00023 time=7.4s
[ultrawidescaledtail10_e750_s44] ep 722/750 train_loss=0.8276 val_raw=96.46 val_ema=96.42 best_raw=96.74@715 best_ema=96.66@710 lr=0.00035 time=7.5s
[ultrawidescaledtail10_e750_s49] ep 721/750 train_loss=0.8261 val_raw=96.54 val_ema=96.76 best_raw=96.98@716 best_ema=96.86@672 lr=0.00037 time=7.1s
[ultrawidescaledtail10_e750_s42] ep 722/750 train_loss=0.8315 val_raw=96.74 val_ema=96.62 best_raw=96.88@721 best_ema=96.68@707 lr=0.00035 time=7.3s
[ultrawidescaledtail10_e750_s48] ep 741/750 train_loss=0.7487 val_raw=96.58 val_ema=96.56 best_raw=96.78@725 best_ema=96.74@688 lr=0.00004 time=7.3s
[ultrawidescaledtail10_e750_s43] ep 726/750 train_loss=0.8191 val_raw=96.68 val_ema=96.56 best_raw=96.68@726 best_ema=96.70@619 lr=0.00026 time=7.1s
[ultrawidescaledtail10_e750_s46] ep 735/750 train_loss=0.7348 val_raw=96.48 val_ema=96.52 best_raw=96.74@686 best_ema=96.64@696 lr=0.00010 time=7.3s
[ultrawidescaledtail10_e750_s45] ep 734/750 train_loss=0.8404 val_raw=96.66 val_ema=96.64 best_raw=96.88@728 best_ema=96.82@648 lr=0.00011 time=7.4s
[ultrawidescaledtail10_e750_s47] ep 728/750 train_loss=0.8110 val_raw=96.68 val_ema=96.70 best_raw=96.80@709 best_ema=96.84@726 lr=0.00022 time=7.5s
[ultrawidescaledtail10_e750_s44] ep 723/750 train_loss=0.7963 val_raw=96.50 val_ema=96.54 best_raw=96.74@715 best_ema=96.66@710 lr=0.00032 time=7.1s
[ultrawidescaledtail10_e750_s49] ep 722/750 train_loss=0.8785 val_raw=96.78 val_ema=96.72 best_raw=96.98@716 best_ema=96.86@672 lr=0.00035 time=7.2s
[ultrawidescaledtail10_e750_s48] ep 742/750 train_loss=0.7798 val_raw=96.66 val_ema=96.74 best_raw=96.78@725 best_ema=96.74@688 lr=0.00003 time=7.0s
[ultrawidescaledtail10_e750_s42] ep 723/750 train_loss=0.7471 val_raw=96.68 val_ema=96.60 best_raw=96.88@721 best_ema=96.68@707 lr=0.00032 time=7.1s
[ultrawidescaledtail10_e750_s43] ep 727/750 train_loss=0.7868 val_raw=96.66 val_ema=96.66 best_raw=96.68@726 best_ema=96.70@619 lr=0.00023 time=7.5s
[ultrawidescaledtail10_e750_s46] ep 736/750 train_loss=0.7726 val_raw=96.62 val_ema=96.68 best_raw=96.74@686 best_ema=96.68@736 lr=0.00009 time=7.4s
[ultrawidescaledtail10_e750_s45] ep 735/750 train_loss=0.8151 val_raw=96.76 val_ema=96.80 best_raw=96.88@728 best_ema=96.82@648 lr=0.00010 time=7.2s
[ultrawidescaledtail10_e750_s47] ep 729/750 train_loss=0.7509 val_raw=96.68 val_ema=96.82 best_raw=96.80@709 best_ema=96.84@726 lr=0.00020 time=7.6s
[ultrawidescaledtail10_e750_s44] ep 724/750 train_loss=0.8402 val_raw=96.44 val_ema=96.54 best_raw=96.74@715 best_ema=96.66@710 lr=0.00030 time=7.1s
[ultrawidescaledtail10_e750_s48] ep 743/750 train_loss=0.7573 val_raw=96.72 val_ema=96.78 best_raw=96.78@725 best_ema=96.78@743 lr=0.00002 time=7.1s
[ultrawidescaledtail10_e750_s42] ep 724/750 train_loss=0.7744 val_raw=96.78 val_ema=96.56 best_raw=96.88@721 best_ema=96.68@707 lr=0.00030 time=7.2s
[ultrawidescaledtail10_e750_s49] ep 723/750 train_loss=0.7826 val_raw=96.76 val_ema=96.78 best_raw=96.98@716 best_ema=96.86@672 lr=0.00032 time=7.9s
[ultrawidescaledtail10_e750_s43] ep 728/750 train_loss=0.8234 val_raw=96.60 val_ema=96.40 best_raw=96.68@726 best_ema=96.70@619 lr=0.00022 time=7.2s
[ultrawidescaledtail10_e750_s46] ep 737/750 train_loss=0.7615 val_raw=96.50 val_ema=96.48 best_raw=96.74@686 best_ema=96.68@736 lr=0.00008 time=7.4s
[ultrawidescaledtail10_e750_s45] ep 736/750 train_loss=0.7939 val_raw=96.78 val_ema=96.72 best_raw=96.88@728 best_ema=96.82@648 lr=0.00009 time=7.4s
[ultrawidescaledtail10_e750_s47] ep 730/750 train_loss=0.7996 val_raw=96.74 val_ema=96.78 best_raw=96.80@709 best_ema=96.84@726 lr=0.00018 time=7.0s
[ultrawidescaledtail10_e750_s44] ep 725/750 train_loss=0.8251 val_raw=96.52 val_ema=96.52 best_raw=96.74@715 best_ema=96.66@710 lr=0.00028 time=7.2s
[ultrawidescaledtail10_e750_s48] ep 744/750 train_loss=0.7719 val_raw=96.68 val_ema=96.72 best_raw=96.78@725 best_ema=96.78@743 lr=0.00002 time=7.2s
[ultrawidescaledtail10_e750_s49] ep 724/750 train_loss=0.8029 val_raw=96.68 val_ema=96.72 best_raw=96.98@716 best_ema=96.86@672 lr=0.00030 time=7.4s
[ultrawidescaledtail10_e750_s42] ep 725/750 train_loss=0.8131 val_raw=96.72 val_ema=96.70 best_raw=96.88@721 best_ema=96.70@725 lr=0.00028 time=7.8s
[ultrawidescaledtail10_e750_s43] ep 729/750 train_loss=0.7379 val_raw=96.66 val_ema=96.62 best_raw=96.68@726 best_ema=96.70@619 lr=0.00020 time=7.2s
[ultrawidescaledtail10_e750_s46] ep 738/750 train_loss=0.8009 val_raw=96.50 val_ema=96.42 best_raw=96.74@686 best_ema=96.68@736 lr=0.00006 time=7.1s
[ultrawidescaledtail10_e750_s47] ep 731/750 train_loss=0.8341 val_raw=96.70 val_ema=96.70 best_raw=96.80@709 best_ema=96.84@726 lr=0.00016 time=7.0s
[ultrawidescaledtail10_e750_s45] ep 737/750 train_loss=0.7882 val_raw=96.84 val_ema=96.76 best_raw=96.88@728 best_ema=96.82@648 lr=0.00008 time=7.3s
[ultrawidescaledtail10_e750_s44] ep 726/750 train_loss=0.7917 val_raw=96.56 val_ema=96.60 best_raw=96.74@715 best_ema=96.66@710 lr=0.00026 time=7.2s
[ultrawidescaledtail10_e750_s48] ep 745/750 train_loss=0.7221 val_raw=96.74 val_ema=96.84 best_raw=96.78@725 best_ema=96.84@745 lr=0.00001 time=7.2s
[ultrawidescaledtail10_e750_s49] ep 725/750 train_loss=0.7638 val_raw=96.76 val_ema=96.88 best_raw=96.98@716 best_ema=96.88@725 lr=0.00028 time=7.1s
[ultrawidescaledtail10_e750_s42] ep 726/750 train_loss=0.7894 val_raw=96.66 val_ema=96.70 best_raw=96.88@721 best_ema=96.70@725 lr=0.00026 time=7.6s
[ultrawidescaledtail10_e750_s43] ep 730/750 train_loss=0.7976 val_raw=96.52 val_ema=96.48 best_raw=96.68@726 best_ema=96.70@619 lr=0.00018 time=7.1s
[ultrawidescaledtail10_e750_s46] ep 739/750 train_loss=0.8224 val_raw=96.42 val_ema=96.34 best_raw=96.74@686 best_ema=96.68@736 lr=0.00005 time=7.2s
[ultrawidescaledtail10_e750_s47] ep 732/750 train_loss=0.7061 val_raw=96.70 val_ema=96.72 best_raw=96.80@709 best_ema=96.84@726 lr=0.00014 time=7.2s
[ultrawidescaledtail10_e750_s45] ep 738/750 train_loss=0.7297 val_raw=96.76 val_ema=96.70 best_raw=96.88@728 best_ema=96.82@648 lr=0.00006 time=7.4s
[ultrawidescaledtail10_e750_s44] ep 727/750 train_loss=0.7776 val_raw=96.50 val_ema=96.60 best_raw=96.74@715 best_ema=96.66@710 lr=0.00023 time=7.0s
[ultrawidescaledtail10_e750_s48] ep 746/750 train_loss=0.9095 val_raw=96.64 val_ema=96.66 best_raw=96.78@725 best_ema=96.84@745 lr=0.00001 time=7.5s
[ultrawidescaledtail10_e750_s49] ep 726/750 train_loss=0.8245 val_raw=96.68 val_ema=96.70 best_raw=96.98@716 best_ema=96.88@725 lr=0.00026 time=7.4s
[ultrawidescaledtail10_e750_s42] ep 727/750 train_loss=0.7765 val_raw=96.72 val_ema=96.70 best_raw=96.88@721 best_ema=96.70@725 lr=0.00023 time=7.4s
[ultrawidescaledtail10_e750_s43] ep 731/750 train_loss=0.8006 val_raw=96.70 val_ema=96.62 best_raw=96.70@731 best_ema=96.70@619 lr=0.00016 time=7.3s
[ultrawidescaledtail10_e750_s46] ep 740/750 train_loss=0.8511 val_raw=96.56 val_ema=96.56 best_raw=96.74@686 best_ema=96.68@736 lr=0.00004 time=7.1s
[ultrawidescaledtail10_e750_s47] ep 733/750 train_loss=0.7898 val_raw=96.72 val_ema=96.74 best_raw=96.80@709 best_ema=96.84@726 lr=0.00013 time=7.2s
[ultrawidescaledtail10_e750_s45] ep 739/750 train_loss=0.8196 val_raw=96.80 val_ema=96.80 best_raw=96.88@728 best_ema=96.82@648 lr=0.00005 time=7.2s
[ultrawidescaledtail10_e750_s44] ep 728/750 train_loss=0.7711 val_raw=96.60 val_ema=96.62 best_raw=96.74@715 best_ema=96.66@710 lr=0.00022 time=7.7s
[ultrawidescaledtail10_e750_s48] ep 747/750 train_loss=0.7924 val_raw=96.62 val_ema=96.70 best_raw=96.78@725 best_ema=96.84@745 lr=0.00000 time=7.1s
[ultrawidescaledtail10_e750_s42] ep 728/750 train_loss=0.7394 val_raw=96.72 val_ema=96.66 best_raw=96.88@721 best_ema=96.70@725 lr=0.00022 time=7.2s
[ultrawidescaledtail10_e750_s49] ep 727/750 train_loss=0.8140 val_raw=96.72 val_ema=96.76 best_raw=96.98@716 best_ema=96.88@725 lr=0.00023 time=8.0s
[ultrawidescaledtail10_e750_s43] ep 732/750 train_loss=0.7387 val_raw=96.54 val_ema=96.44 best_raw=96.70@731 best_ema=96.70@619 lr=0.00014 time=7.4s
[ultrawidescaledtail10_e750_s46] ep 741/750 train_loss=0.8004 val_raw=96.20 val_ema=96.16 best_raw=96.74@686 best_ema=96.68@736 lr=0.00004 time=7.3s
[ultrawidescaledtail10_e750_s47] ep 734/750 train_loss=0.8125 val_raw=96.66 val_ema=96.74 best_raw=96.80@709 best_ema=96.84@726 lr=0.00011 time=7.4s
[ultrawidescaledtail10_e750_s45] ep 740/750 train_loss=0.8016 val_raw=96.80 val_ema=96.66 best_raw=96.88@728 best_ema=96.82@648 lr=0.00004 time=7.1s
[ultrawidescaledtail10_e750_s44] ep 729/750 train_loss=0.8229 val_raw=96.64 val_ema=96.66 best_raw=96.74@715 best_ema=96.66@710 lr=0.00020 time=7.4s
[ultrawidescaledtail10_e750_s48] ep 748/750 train_loss=0.8162 val_raw=96.56 val_ema=96.58 best_raw=96.78@725 best_ema=96.84@745 lr=0.00000 time=7.5s
[ultrawidescaledtail10_e750_s42] ep 729/750 train_loss=0.8288 val_raw=96.76 val_ema=96.70 best_raw=96.88@721 best_ema=96.70@725 lr=0.00020 time=7.2s
[ultrawidescaledtail10_e750_s49] ep 728/750 train_loss=0.7734 val_raw=96.76 val_ema=96.64 best_raw=96.98@716 best_ema=96.88@725 lr=0.00022 time=7.6s
[ultrawidescaledtail10_e750_s46] ep 742/750 train_loss=0.7937 val_raw=96.48 val_ema=96.48 best_raw=96.74@686 best_ema=96.68@736 lr=0.00003 time=7.0s
[ultrawidescaledtail10_e750_s43] ep 733/750 train_loss=0.8294 val_raw=96.50 val_ema=96.46 best_raw=96.70@731 best_ema=96.70@619 lr=0.00013 time=7.8s
[ultrawidescaledtail10_e750_s45] ep 741/750 train_loss=0.7725 val_raw=96.74 val_ema=96.70 best_raw=96.88@728 best_ema=96.82@648 lr=0.00004 time=7.2s
[ultrawidescaledtail10_e750_s47] ep 735/750 train_loss=0.8113 val_raw=96.82 val_ema=96.76 best_raw=96.82@735 best_ema=96.84@726 lr=0.00010 time=7.7s
[ultrawidescaledtail10_e750_s44] ep 730/750 train_loss=0.8404 val_raw=96.52 val_ema=96.54 best_raw=96.74@715 best_ema=96.66@710 lr=0.00018 time=7.1s
[ultrawidescaledtail10_e750_s48] ep 749/750 train_loss=0.7727 val_raw=96.64 val_ema=96.64 best_raw=96.78@725 best_ema=96.84@745 lr=0.00000 time=7.7s
[ultrawidescaledtail10_e750_s42] ep 730/750 train_loss=0.8125 val_raw=96.80 val_ema=96.60 best_raw=96.88@721 best_ema=96.70@725 lr=0.00018 time=7.6s
[ultrawidescaledtail10_e750_s49] ep 729/750 train_loss=0.7664 val_raw=96.84 val_ema=96.74 best_raw=96.98@716 best_ema=96.88@725 lr=0.00020 time=7.9s
[ultrawidescaledtail10_e750_s46] ep 743/750 train_loss=0.7776 val_raw=96.60 val_ema=96.58 best_raw=96.74@686 best_ema=96.68@736 lr=0.00002 time=7.2s
[ultrawidescaledtail10_e750_s43] ep 734/750 train_loss=0.7567 val_raw=96.52 val_ema=96.50 best_raw=96.70@731 best_ema=96.70@619 lr=0.00011 time=7.6s
[ultrawidescaledtail10_e750_s47] ep 736/750 train_loss=0.8056 val_raw=96.78 val_ema=96.70 best_raw=96.82@735 best_ema=96.84@726 lr=0.00009 time=7.2s
[ultrawidescaledtail10_e750_s45] ep 742/750 train_loss=0.7684 val_raw=96.92 val_ema=96.92 best_raw=96.92@742 best_ema=96.92@742 lr=0.00003 time=7.9s
[ultrawidescaledtail10_e750_s44] ep 731/750 train_loss=0.7939 val_raw=96.64 val_ema=96.58 best_raw=96.74@715 best_ema=96.66@710 lr=0.00016 time=7.1s
[ultrawidescaledtail10_e750_s48] ep 750/750 train_loss=0.8149 val_raw=96.60 val_ema=96.58 best_raw=96.78@725 best_ema=96.84@745 lr=0.00000 time=7.5s
[ultrawidescaledtail10_e750_s48] done selected_ema=96.84@745 wall=91.3min saved=repro_runs_ultrawidescaledtail10_8seed/ultrawidescaledtail10_e750_s48.pt
[ultrawidescaledtail10_e750_s42] ep 731/750 train_loss=0.7718 val_raw=96.86 val_ema=96.68 best_raw=96.88@721 best_ema=96.70@725 lr=0.00016 time=7.5s
[ultrawidescaledtail10_e750_s49] ep 730/750 train_loss=0.8097 val_raw=96.86 val_ema=96.80 best_raw=96.98@716 best_ema=96.88@725 lr=0.00018 time=7.8s
[ultrawidescaledtail10_e750_s46] ep 744/750 train_loss=0.7592 val_raw=96.64 val_ema=96.54 best_raw=96.74@686 best_ema=96.68@736 lr=0.00002 time=7.6s
[ultrawidescaledtail10_e750_s43] ep 735/750 train_loss=0.7540 val_raw=96.50 val_ema=96.42 best_raw=96.70@731 best_ema=96.70@619 lr=0.00010 time=7.5s
[ultrawidescaledtail10_e750_s45] ep 743/750 train_loss=0.8242 val_raw=96.66 val_ema=96.62 best_raw=96.92@742 best_ema=96.92@742 lr=0.00002 time=7.0s
[ultrawidescaledtail10_e750_s47] ep 737/750 train_loss=0.8111 val_raw=96.72 val_ema=96.68 best_raw=96.82@735 best_ema=96.84@726 lr=0.00008 time=7.6s
[ultrawidescaledtail10_e750_s44] ep 732/750 train_loss=0.8037 val_raw=96.54 val_ema=96.60 best_raw=96.74@715 best_ema=96.66@710 lr=0.00014 time=7.4s
[ultrawidescaledtail10_e750_s42] ep 732/750 train_loss=0.7871 val_raw=96.82 val_ema=96.74 best_raw=96.88@721 best_ema=96.74@732 lr=0.00014 time=7.5s
[ultrawidescaledtail10_e750_s46] ep 745/750 train_loss=0.7980 val_raw=96.60 val_ema=96.56 best_raw=96.74@686 best_ema=96.68@736 lr=0.00001 time=7.3s
[ultrawidescaledtail10_e750_s49] ep 731/750 train_loss=0.8597 val_raw=96.86 val_ema=96.76 best_raw=96.98@716 best_ema=96.88@725 lr=0.00016 time=7.5s
[ultrawidescaledtail10_e750_s43] ep 736/750 train_loss=0.7653 val_raw=96.64 val_ema=96.62 best_raw=96.70@731 best_ema=96.70@619 lr=0.00009 time=7.5s
[ultrawidescaledtail10_e750_s45] ep 744/750 train_loss=0.8098 val_raw=96.78 val_ema=96.72 best_raw=96.92@742 best_ema=96.92@742 lr=0.00002 time=7.3s
[ultrawidescaledtail10_e750_s47] ep 738/750 train_loss=0.7880 val_raw=96.74 val_ema=96.74 best_raw=96.82@735 best_ema=96.84@726 lr=0.00006 time=7.0s
[ultrawidescaledtail10_e750_s44] ep 733/750 train_loss=0.8063 val_raw=96.50 val_ema=96.44 best_raw=96.74@715 best_ema=96.66@710 lr=0.00013 time=7.2s
[ultrawidescaledtail10_e750_s42] ep 733/750 train_loss=0.7703 val_raw=96.80 val_ema=96.68 best_raw=96.88@721 best_ema=96.74@732 lr=0.00013 time=7.7s
[ultrawidescaledtail10_e750_s46] ep 746/750 train_loss=0.8209 val_raw=96.52 val_ema=96.52 best_raw=96.74@686 best_ema=96.68@736 lr=0.00001 time=7.3s
[ultrawidescaledtail10_e750_s49] ep 732/750 train_loss=0.8212 val_raw=96.92 val_ema=96.86 best_raw=96.98@716 best_ema=96.88@725 lr=0.00014 time=7.1s
[ultrawidescaledtail10_e750_s43] ep 737/750 train_loss=0.7802 val_raw=96.48 val_ema=96.36 best_raw=96.70@731 best_ema=96.70@619 lr=0.00008 time=7.4s
[ultrawidescaledtail10_e750_s45] ep 745/750 train_loss=0.7524 val_raw=96.84 val_ema=96.86 best_raw=96.92@742 best_ema=96.92@742 lr=0.00001 time=7.1s
[ultrawidescaledtail10_e750_s47] ep 739/750 train_loss=0.7712 val_raw=96.76 val_ema=96.72 best_raw=96.82@735 best_ema=96.84@726 lr=0.00005 time=7.0s
[ultrawidescaledtail10_e750_s44] ep 734/750 train_loss=0.8549 val_raw=96.68 val_ema=96.70 best_raw=96.74@715 best_ema=96.70@734 lr=0.00011 time=7.7s
[ultrawidescaledtail10_e750_s46] ep 747/750 train_loss=0.7756 val_raw=96.56 val_ema=96.58 best_raw=96.74@686 best_ema=96.68@736 lr=0.00000 time=7.0s
[ultrawidescaledtail10_e750_s42] ep 734/750 train_loss=0.7915 val_raw=96.90 val_ema=96.80 best_raw=96.90@734 best_ema=96.80@734 lr=0.00011 time=7.6s
[ultrawidescaledtail10_e750_s49] ep 733/750 train_loss=0.7911 val_raw=96.84 val_ema=96.76 best_raw=96.98@716 best_ema=96.88@725 lr=0.00013 time=7.6s
[ultrawidescaledtail10_e750_s43] ep 738/750 train_loss=0.7653 val_raw=96.54 val_ema=96.48 best_raw=96.70@731 best_ema=96.70@619 lr=0.00006 time=7.1s
[ultrawidescaledtail10_e750_s45] ep 746/750 train_loss=0.8221 val_raw=96.72 val_ema=96.72 best_raw=96.92@742 best_ema=96.92@742 lr=0.00001 time=7.0s
[ultrawidescaledtail10_e750_s47] ep 740/750 train_loss=0.7555 val_raw=96.70 val_ema=96.72 best_raw=96.82@735 best_ema=96.84@726 lr=0.00004 time=7.4s
[ultrawidescaledtail10_e750_s44] ep 735/750 train_loss=0.7324 val_raw=96.44 val_ema=96.44 best_raw=96.74@715 best_ema=96.70@734 lr=0.00010 time=7.1s
[ultrawidescaledtail10_e750_s46] ep 748/750 train_loss=0.7311 val_raw=96.56 val_ema=96.52 best_raw=96.74@686 best_ema=96.68@736 lr=0.00000 time=7.5s
[ultrawidescaledtail10_e750_s49] ep 734/750 train_loss=0.8558 val_raw=96.86 val_ema=96.88 best_raw=96.98@716 best_ema=96.88@725 lr=0.00011 time=7.4s
[ultrawidescaledtail10_e750_s42] ep 735/750 train_loss=0.7892 val_raw=96.74 val_ema=96.70 best_raw=96.90@734 best_ema=96.80@734 lr=0.00010 time=7.9s
[ultrawidescaledtail10_e750_s45] ep 747/750 train_loss=0.8037 val_raw=96.82 val_ema=96.80 best_raw=96.92@742 best_ema=96.92@742 lr=0.00000 time=7.0s
[ultrawidescaledtail10_e750_s43] ep 739/750 train_loss=0.7560 val_raw=96.46 val_ema=96.44 best_raw=96.70@731 best_ema=96.70@619 lr=0.00005 time=7.5s
[ultrawidescaledtail10_e750_s47] ep 741/750 train_loss=0.7777 val_raw=96.70 val_ema=96.68 best_raw=96.82@735 best_ema=96.84@726 lr=0.00004 time=7.4s
[ultrawidescaledtail10_e750_s44] ep 736/750 train_loss=0.8227 val_raw=96.52 val_ema=96.50 best_raw=96.74@715 best_ema=96.70@734 lr=0.00009 time=7.1s
[ultrawidescaledtail10_e750_s46] ep 749/750 train_loss=0.7759 val_raw=96.54 val_ema=96.48 best_raw=96.74@686 best_ema=96.68@736 lr=0.00000 time=7.5s
[ultrawidescaledtail10_e750_s45] ep 748/750 train_loss=0.7602 val_raw=96.80 val_ema=96.80 best_raw=96.92@742 best_ema=96.92@742 lr=0.00000 time=7.0s
[ultrawidescaledtail10_e750_s49] ep 735/750 train_loss=0.7902 val_raw=96.82 val_ema=96.78 best_raw=96.98@716 best_ema=96.88@725 lr=0.00010 time=7.5s
[ultrawidescaledtail10_e750_s43] ep 740/750 train_loss=0.7736 val_raw=96.68 val_ema=96.58 best_raw=96.70@731 best_ema=96.70@619 lr=0.00004 time=7.3s
[ultrawidescaledtail10_e750_s42] ep 736/750 train_loss=0.8330 val_raw=96.80 val_ema=96.68 best_raw=96.90@734 best_ema=96.80@734 lr=0.00009 time=7.6s
[ultrawidescaledtail10_e750_s47] ep 742/750 train_loss=0.7254 val_raw=96.72 val_ema=96.70 best_raw=96.82@735 best_ema=96.84@726 lr=0.00003 time=7.7s
[ultrawidescaledtail10_e750_s44] ep 737/750 train_loss=0.8319 val_raw=96.38 val_ema=96.44 best_raw=96.74@715 best_ema=96.70@734 lr=0.00008 time=7.6s
[ultrawidescaledtail10_e750_s45] ep 749/750 train_loss=0.7429 val_raw=96.76 val_ema=96.70 best_raw=96.92@742 best_ema=96.92@742 lr=0.00000 time=7.1s
[ultrawidescaledtail10_e750_s46] ep 750/750 train_loss=0.7634 val_raw=96.64 val_ema=96.60 best_raw=96.74@686 best_ema=96.68@736 lr=0.00000 time=7.4s
[ultrawidescaledtail10_e750_s46] done selected_raw=96.74@686 wall=92.0min saved=repro_runs_ultrawidescaledtail10_8seed/ultrawidescaledtail10_e750_s46.pt
[ultrawidescaledtail10_e750_s49] ep 736/750 train_loss=0.8524 val_raw=96.78 val_ema=96.78 best_raw=96.98@716 best_ema=96.88@725 lr=0.00009 time=7.3s
[ultrawidescaledtail10_e750_s43] ep 741/750 train_loss=0.7981 val_raw=96.54 val_ema=96.48 best_raw=96.70@731 best_ema=96.70@619 lr=0.00004 time=7.4s
[ultrawidescaledtail10_e750_s42] ep 737/750 train_loss=0.7969 val_raw=96.84 val_ema=96.84 best_raw=96.90@734 best_ema=96.84@737 lr=0.00008 time=7.8s
[ultrawidescaledtail10_e750_s47] ep 743/750 train_loss=0.7750 val_raw=96.74 val_ema=96.76 best_raw=96.82@735 best_ema=96.84@726 lr=0.00002 time=7.4s
[ultrawidescaledtail10_e750_s44] ep 738/750 train_loss=0.7745 val_raw=96.62 val_ema=96.60 best_raw=96.74@715 best_ema=96.70@734 lr=0.00006 time=7.6s
[ultrawidescaledtail10_e750_s45] ep 750/750 train_loss=0.7310 val_raw=96.80 val_ema=96.82 best_raw=96.92@742 best_ema=96.92@742 lr=0.00000 time=7.6s
[ultrawidescaledtail10_e750_s49] ep 737/750 train_loss=0.7943 val_raw=96.82 val_ema=96.78 best_raw=96.98@716 best_ema=96.88@725 lr=0.00008 time=7.1s
[ultrawidescaledtail10_e750_s45] done selected_raw=96.92@742 wall=92.2min saved=repro_runs_ultrawidescaledtail10_8seed/ultrawidescaledtail10_e750_s45.pt
[ultrawidescaledtail10_e750_s42] ep 738/750 train_loss=0.7815 val_raw=96.88 val_ema=96.84 best_raw=96.90@734 best_ema=96.84@737 lr=0.00006 time=7.5s
[ultrawidescaledtail10_e750_s43] ep 742/750 train_loss=0.8077 val_raw=96.52 val_ema=96.54 best_raw=96.70@731 best_ema=96.70@619 lr=0.00003 time=7.9s
[ultrawidescaledtail10_e750_s47] ep 744/750 train_loss=0.8170 val_raw=96.74 val_ema=96.76 best_raw=96.82@735 best_ema=96.84@726 lr=0.00002 time=7.3s
[ultrawidescaledtail10_e750_s44] ep 739/750 train_loss=0.7814 val_raw=96.70 val_ema=96.62 best_raw=96.74@715 best_ema=96.70@734 lr=0.00005 time=7.1s
[ultrawidescaledtail10_e750_s49] ep 738/750 train_loss=0.8198 val_raw=96.84 val_ema=96.86 best_raw=96.98@716 best_ema=96.88@725 lr=0.00006 time=7.3s
[ultrawidescaledtail10_e750_s43] ep 743/750 train_loss=0.8173 val_raw=96.54 val_ema=96.54 best_raw=96.70@731 best_ema=96.70@619 lr=0.00002 time=7.4s
[ultrawidescaledtail10_e750_s42] ep 739/750 train_loss=0.7620 val_raw=96.82 val_ema=96.70 best_raw=96.90@734 best_ema=96.84@737 lr=0.00005 time=7.6s
[ultrawidescaledtail10_e750_s47] ep 745/750 train_loss=0.8511 val_raw=96.76 val_ema=96.70 best_raw=96.82@735 best_ema=96.84@726 lr=0.00001 time=7.6s
[ultrawidescaledtail10_e750_s44] ep 740/750 train_loss=0.8011 val_raw=96.52 val_ema=96.50 best_raw=96.74@715 best_ema=96.70@734 lr=0.00004 time=7.5s
[ultrawidescaledtail10_e750_s49] ep 739/750 train_loss=0.7516 val_raw=96.80 val_ema=96.78 best_raw=96.98@716 best_ema=96.88@725 lr=0.00005 time=7.1s
[ultrawidescaledtail10_e750_s43] ep 744/750 train_loss=0.8002 val_raw=96.68 val_ema=96.72 best_raw=96.70@731 best_ema=96.72@744 lr=0.00002 time=7.1s
[ultrawidescaledtail10_e750_s42] ep 740/750 train_loss=0.7986 val_raw=96.84 val_ema=96.78 best_raw=96.90@734 best_ema=96.84@737 lr=0.00004 time=7.4s
[ultrawidescaledtail10_e750_s47] ep 746/750 train_loss=0.7880 val_raw=96.76 val_ema=96.78 best_raw=96.82@735 best_ema=96.84@726 lr=0.00001 time=7.2s
[ultrawidescaledtail10_e750_s44] ep 741/750 train_loss=0.7743 val_raw=96.62 val_ema=96.66 best_raw=96.74@715 best_ema=96.70@734 lr=0.00004 time=7.6s
[ultrawidescaledtail10_e750_s49] ep 740/750 train_loss=0.8072 val_raw=96.82 val_ema=96.90 best_raw=96.98@716 best_ema=96.90@740 lr=0.00004 time=7.5s
[ultrawidescaledtail10_e750_s43] ep 745/750 train_loss=0.8416 val_raw=96.52 val_ema=96.44 best_raw=96.70@731 best_ema=96.72@744 lr=0.00001 time=7.3s
[ultrawidescaledtail10_e750_s42] ep 741/750 train_loss=0.8461 val_raw=96.80 val_ema=96.70 best_raw=96.90@734 best_ema=96.84@737 lr=0.00004 time=7.4s
[ultrawidescaledtail10_e750_s47] ep 747/750 train_loss=0.8036 val_raw=96.68 val_ema=96.62 best_raw=96.82@735 best_ema=96.84@726 lr=0.00000 time=7.2s
[ultrawidescaledtail10_e750_s44] ep 742/750 train_loss=0.7779 val_raw=96.38 val_ema=96.26 best_raw=96.74@715 best_ema=96.70@734 lr=0.00003 time=7.1s
[ultrawidescaledtail10_e750_s49] ep 741/750 train_loss=0.7237 val_raw=96.82 val_ema=96.78 best_raw=96.98@716 best_ema=96.90@740 lr=0.00004 time=7.2s
[ultrawidescaledtail10_e750_s43] ep 746/750 train_loss=0.8402 val_raw=96.68 val_ema=96.68 best_raw=96.70@731 best_ema=96.72@744 lr=0.00001 time=7.5s
[ultrawidescaledtail10_e750_s47] ep 748/750 train_loss=0.7710 val_raw=96.82 val_ema=96.80 best_raw=96.82@735 best_ema=96.84@726 lr=0.00000 time=7.0s
[ultrawidescaledtail10_e750_s42] ep 742/750 train_loss=0.7494 val_raw=96.90 val_ema=96.74 best_raw=96.90@734 best_ema=96.84@737 lr=0.00003 time=7.3s
[ultrawidescaledtail10_e750_s44] ep 743/750 train_loss=0.7933 val_raw=96.56 val_ema=96.54 best_raw=96.74@715 best_ema=96.70@734 lr=0.00002 time=7.0s
[ultrawidescaledtail10_e750_s49] ep 742/750 train_loss=0.8070 val_raw=96.88 val_ema=96.88 best_raw=96.98@716 best_ema=96.90@740 lr=0.00003 time=7.4s
[ultrawidescaledtail10_e750_s43] ep 747/750 train_loss=0.7372 val_raw=96.60 val_ema=96.56 best_raw=96.70@731 best_ema=96.72@744 lr=0.00000 time=7.1s
[ultrawidescaledtail10_e750_s47] ep 749/750 train_loss=0.8042 val_raw=96.58 val_ema=96.56 best_raw=96.82@735 best_ema=96.84@726 lr=0.00000 time=7.2s
[ultrawidescaledtail10_e750_s42] ep 743/750 train_loss=0.8179 val_raw=96.78 val_ema=96.76 best_raw=96.90@734 best_ema=96.84@737 lr=0.00002 time=7.4s
[ultrawidescaledtail10_e750_s44] ep 744/750 train_loss=0.7408 val_raw=96.60 val_ema=96.54 best_raw=96.74@715 best_ema=96.70@734 lr=0.00002 time=7.6s
[ultrawidescaledtail10_e750_s49] ep 743/750 train_loss=0.8135 val_raw=96.80 val_ema=96.82 best_raw=96.98@716 best_ema=96.90@740 lr=0.00002 time=7.0s
[ultrawidescaledtail10_e750_s43] ep 748/750 train_loss=0.7805 val_raw=96.60 val_ema=96.58 best_raw=96.70@731 best_ema=96.72@744 lr=0.00000 time=7.2s
[ultrawidescaledtail10_e750_s42] ep 744/750 train_loss=0.7796 val_raw=96.72 val_ema=96.70 best_raw=96.90@734 best_ema=96.84@737 lr=0.00002 time=7.3s
[ultrawidescaledtail10_e750_s47] ep 750/750 train_loss=0.7798 val_raw=96.82 val_ema=96.88 best_raw=96.82@735 best_ema=96.88@750 lr=0.00000 time=7.6s
[ultrawidescaledtail10_e750_s47] done selected_ema=96.88@750 wall=92.9min saved=repro_runs_ultrawidescaledtail10_8seed/ultrawidescaledtail10_e750_s47.pt
[ultrawidescaledtail10_e750_s44] ep 745/750 train_loss=0.7964 val_raw=96.32 val_ema=96.32 best_raw=96.74@715 best_ema=96.70@734 lr=0.00001 time=7.2s
[ultrawidescaledtail10_e750_s49] ep 744/750 train_loss=0.7784 val_raw=96.86 val_ema=96.84 best_raw=96.98@716 best_ema=96.90@740 lr=0.00002 time=7.4s
[ultrawidescaledtail10_e750_s43] ep 749/750 train_loss=0.7516 val_raw=96.64 val_ema=96.66 best_raw=96.70@731 best_ema=96.72@744 lr=0.00000 time=7.5s
[ultrawidescaledtail10_e750_s42] ep 745/750 train_loss=0.8707 val_raw=96.82 val_ema=96.78 best_raw=96.90@734 best_ema=96.84@737 lr=0.00001 time=7.4s
[ultrawidescaledtail10_e750_s44] ep 746/750 train_loss=0.8749 val_raw=96.36 val_ema=96.36 best_raw=96.74@715 best_ema=96.70@734 lr=0.00001 time=7.1s
[ultrawidescaledtail10_e750_s49] ep 745/750 train_loss=0.7600 val_raw=96.88 val_ema=96.90 best_raw=96.98@716 best_ema=96.90@740 lr=0.00001 time=7.3s
[ultrawidescaledtail10_e750_s43] ep 750/750 train_loss=0.7862 val_raw=96.60 val_ema=96.60 best_raw=96.70@731 best_ema=96.72@744 lr=0.00000 time=7.0s
[ultrawidescaledtail10_e750_s43] done selected_ema=96.72@744 wall=93.1min saved=repro_runs_ultrawidescaledtail10_8seed/ultrawidescaledtail10_e750_s43.pt
[ultrawidescaledtail10_e750_s42] ep 746/750 train_loss=0.7939 val_raw=96.80 val_ema=96.82 best_raw=96.90@734 best_ema=96.84@737 lr=0.00001 time=7.3s
[ultrawidescaledtail10_e750_s44] ep 747/750 train_loss=0.7618 val_raw=96.62 val_ema=96.62 best_raw=96.74@715 best_ema=96.70@734 lr=0.00000 time=7.2s
[ultrawidescaledtail10_e750_s49] ep 746/750 train_loss=0.8158 val_raw=96.78 val_ema=96.78 best_raw=96.98@716 best_ema=96.90@740 lr=0.00001 time=7.0s
[ultrawidescaledtail10_e750_s42] ep 747/750 train_loss=0.7993 val_raw=96.88 val_ema=96.88 best_raw=96.90@734 best_ema=96.88@747 lr=0.00000 time=7.0s
[ultrawidescaledtail10_e750_s44] ep 748/750 train_loss=0.7911 val_raw=96.34 val_ema=96.32 best_raw=96.74@715 best_ema=96.70@734 lr=0.00000 time=7.0s
[ultrawidescaledtail10_e750_s49] ep 747/750 train_loss=0.7415 val_raw=96.80 val_ema=96.82 best_raw=96.98@716 best_ema=96.90@740 lr=0.00000 time=7.0s
[ultrawidescaledtail10_e750_s42] ep 748/750 train_loss=0.8086 val_raw=96.82 val_ema=96.84 best_raw=96.90@734 best_ema=96.88@747 lr=0.00000 time=7.1s
[ultrawidescaledtail10_e750_s44] ep 749/750 train_loss=0.7729 val_raw=96.60 val_ema=96.58 best_raw=96.74@715 best_ema=96.70@734 lr=0.00000 time=7.2s
[ultrawidescaledtail10_e750_s49] ep 748/750 train_loss=0.7317 val_raw=96.88 val_ema=96.90 best_raw=96.98@716 best_ema=96.90@740 lr=0.00000 time=7.0s
[ultrawidescaledtail10_e750_s42] ep 749/750 train_loss=0.7744 val_raw=96.80 val_ema=96.80 best_raw=96.90@734 best_ema=96.88@747 lr=0.00000 time=7.2s
[ultrawidescaledtail10_e750_s44] ep 750/750 train_loss=0.8052 val_raw=96.38 val_ema=96.30 best_raw=96.74@715 best_ema=96.70@734 lr=0.00000 time=7.2s
[ultrawidescaledtail10_e750_s44] done selected_raw=96.74@715 wall=93.5min saved=repro_runs_ultrawidescaledtail10_8seed/ultrawidescaledtail10_e750_s44.pt
[ultrawidescaledtail10_e750_s49] ep 749/750 train_loss=0.8401 val_raw=96.88 val_ema=96.90 best_raw=96.98@716 best_ema=96.90@740 lr=0.00000 time=7.0s
[ultrawidescaledtail10_e750_s42] ep 750/750 train_loss=0.7511 val_raw=96.88 val_ema=96.84 best_raw=96.90@734 best_ema=96.88@747 lr=0.00000 time=7.1s
[ultrawidescaledtail10_e750_s42] done selected_raw=96.90@734 wall=93.7min saved=repro_runs_ultrawidescaledtail10_8seed/ultrawidescaledtail10_e750_s42.pt
[ultrawidescaledtail10_e750_s49] ep 750/750 train_loss=0.7575 val_raw=96.82 val_ema=96.88 best_raw=96.98@716 best_ema=96.90@740 lr=0.00000 time=7.0s
[ultrawidescaledtail10_e750_s49] done selected_raw=96.98@716 wall=93.8min saved=repro_runs_ultrawidescaledtail10_8seed/ultrawidescaledtail10_e750_s49.pt
[sweep] wrote repro_runs_ultrawidescaledtail10_8seed/summary.csv
[sweep] mean selected val=96.84 +/- 0.10
